skill_key,example,hot,code
!trak-it solutions !trak-it hr,!Trak-it Solutions !Trak-it HR,0,43231505
100 plus hatch pattern library,100 Plus Hatch Pattern Library,0,43232101
1003 uniform residential loan application,1003 Uniform Residential Loan Application,0,43231604
1099 prossoftware,1099 ProsSoftware,0,43231603
1cadcam unigraphics,1CadCam Unigraphics,0,43232612
1st pricing window & door toolkit,1ST Pricing Window & Door Toolkit,0,43231503
20-20 technologies 20-20 design,20-20 Technologies 20-20 Design,0,43232604
24sevenoffice project,24SevenOffice Project,0,43231507
2ab ilock security services,2AB iLock Security Services,0,43232901
360 analytics equest,360 Analytics eQUEST,0,43232605
3d graphic design,3D graphic design,0,43232102
3d graphics,3D graphics,0,43232102
3d motion analysis,3D motion analysis,0,43232605
3d nature llc visual nature studio,3D Nature LLC Visual Nature Studio,0,43232604
3d nature llc world construction set,3D Nature LLC World Construction Set,0,43232604
3d printing,3D Printing,0,43232604
3d static strength prediction program 3dsspp,3D Static Strength Prediction Program 3DSSPP,0,43232605
3d systems geomagic design x,3D Systems Geomagic Design X,0,43232604
3d systems gibbscam,3D Systems GibbsCAM,0,43232612
3d urban simulation modeling,3D urban simulation modeling,0,43232604
3dgrid hipaa checkup,3DGrid HIPAA Checkup,0,43232606
3dmapper,3dMapper,0,43232605
3m electronic monitoring,3M Electronic Monitoring,0,43232306
3m encoder,3M Encoder,0,43232301
3m post-it app,3M Post-it App,0,43232104
3pl central,3PL Central,0,43231506
4n6xprt systems stiffcalcs,4n6xprt Systems StiffCalcs,0,43232604
5am glassbox translational research,5AM Glassbox Translational Research,0,43232306
80-20 software leaders4,80-20 Software Leaders4,0,43232606
911 system information databases,911 system information databases,0,43232306
@road geomanager,@Road GeoManager,0,43231506
a la mode pocket total,a la mode Pocket TOTAL,0,43232605
a la mode wintotal,a la mode WinTOTAL,0,43232605
a large outdoor fire plume trajectory model flat terrain aloft-ft,A Large Outdoor Fire plume Trajectory model Flat Terrain ALOFT-FT,0,43232605
a mathematical programming language ampl,A mathematical programming language AMPL,0,43232605
a programming language apl,A programming language APL,0,43232402
a&d technology itest,A&D Technology iTest,0,43232605
a-systems jobview,A-Systems JobView,0,43231601
a-t solutions easy street draw,A-T Solutions Easy Street Draw,0,43232102
a1-law,A1-Law,0,43232306
aabach graphic systems digra,AABACH Graphic Systems DIGRA,0,43232608
aasofttech web organization chart,AASoftTech Web Organization Chart,0,43232105
ab initio,Ab Initio,0,43231602
abacus data solutions hearware,Abacus Data Solutions HearWare,0,43232610
abacus data systems abacuslaw,Abacus Data Systems AbacusLaw,0,43232306
abacus tax,Abacus Tax,0,43231603
abacusnext hotdocs,AbacusNext HotDocs,0,43232202
abb cpm4metals,ABB CPM4Metals,0,43231506
abb microscada pro dms,ABB MicroSCADA Pro DMS,0,43232608
abb microscada pro sys,ABB MicroSCADA Pro SYS,0,43232608
abb optimize it predict & control,ABB Optimize IT Predict & Control,0,43232603
abb production planning,ABB Production Planning,0,43231506
abb psguard,ABB PSGuard,0,43232608
abb robotstudio,ABB RobotStudio,0,43232402
abbott,Abbott,0,43232406
abbott informatics starlims:lims,Abbott Informatics STARLIMS:LIMS,0,43232605
abbottsoft quickfix,AbbottSoft QuickFix,0,43232306
abc compiler,ABC Compiler,0,43232402
abc programming language,ABC programming language,0,43232402
abc: the aspectbench compiler for aspectj,ABC: the AspectBench Compiler for AspectJ,0,43232405
abelsoft abeldent,ABELSoft ABELDent,0,43232610
abilis coris offender management system,Abilis CORIS Offender Management System,0,43232306
ability photopaint,Ability Photopaint,0,43232102
abol manifest systems,ABOL Manifest Systems,0,43231510
abraxas energy consulting metrix,Abraxas Energy Consulting Metrix,0,43232306
absorption process simulation,Absorption process simulation,0,43232605
abstraction plus reference plus synthesis a++,Abstraction plus reference plus synthesis A++,0,43232402
acaclone pdraw32,AcaClone pDRAW32,0,43232605
academic educational,Academic educational,0,43232502
acarda callassist,Acarda CallAssist,0,43231511
acarda forbiddencalls,Acarda ForbiddenCalls,0,43232306
acarda sales technologies acarda outbound,Acarda Sales Technologies Acarda Outbound,0,43231501
acastat,AcaStat,0,43232605
acca manual j,ACCA Manual J,0,43232605
accela kiva dms,Accela KIVA DMS,0,43231602
accela permits plus,Accela PERMITS Plus,0,43232606
accela tidemark advantage,Accela Tidemark Advantage,0,43232606
accelerated life testing,Accelerated life testing,0,43232605
accellos real dispatch,Accellos Real Dispatch,0,43233511
accelrys cerius2,Accelrys Cerius2,0,43232605
accelrys decipher,Accelrys DeCipher,0,43232605
accelrys felix,Accelrys FELIX,0,43232605
accelrys insight ii,Accelrys Insight II,0,43232604
accelrys materials studio,Accelrys Materials Studio,0,43232605
accelrys pipeline pilot,Accelrys Pipeline Pilot,0,43232605
accelrys qaunta,Accelrys QAUNTA,0,43232605
access management,Access management,0,43232901
access software airpax,Access Software AIRPAX,0,43232603
accessdata ftk,AccessData FTK,0,43232801
acclaim legal acclaim depomanage,Acclaim Legal Acclaim DepoManage,0,43232306
account management,Account management,0,43231601
accountants templates jazz-it!,Accountants Templates JAZZ-It!,0,43231602
accountantsworld payroll relief,AccountantsWorld Payroll Relief,0,43231601
accounting,Accounting,0,43231601
accounting compliance,Accounting compliance,0,43232606
accounting fraud detection,Accounting fraud detection,0,43231604
accountmate software accountmate,AccountMate Software AccountMate,0,43231601
accounts payable,Accounts payable,0,43231601
accounts receivable,Accounts receivable,0,43231601
accounts receivables system,Accounts receivables system,0,43231601
accra med software filopto,Accra Med Software Filopto,0,43232610
accucert,ACCUCert,0,43232606
accuity epicware,Accuity EPICWare,0,43231604
acculaw court reporters billing scheduling job management system absms,Acculaw Court Reporters Billing Scheduling Job Management System ABSMS,0,43231602
accurate nxg,Accurate NXG,0,43231601
accuship star system,Accuship Star System,0,43231506
accutech systems corporation accufarm-mgr,Accutech Systems Corporation AccuFarm-MGR,0,43231602
accuweather galileo,AccuWeather Galileo,0,43232102
accvision abmis,Accvision ABMIS,0,43231508
acd systems canvas,ACD Systems Canvas,0,43232102
ace dental,ACE Dental,0,43232610
acetools.biz ace translator,AceTools.biz Ace Translator,0,43232501
aci appraiser's choice,ACI Appraiser's Choice,0,43232112
aci tasktracker,ACI TaskTracker,0,43231507
acl analytics,ACL Analytics,0,43231604
acl audit exchange,ACL Audit Exchange,0,43232605
acl business assurance analytics,ACL Business Assurance Analytics,0,43231604
acmestudio,AcmeStudio,0,43232407
acms casewatch millenium,ACMS Casewatch Millenium,0,43232610
acom solutions rapid emr,ACOM Solutions RAPID EMR,0,43232610
acornsystems corporate performance management,AcornSystems Corporate Performance Management,0,43231602
acorynsystems activity based costing/management abc/m,AcorynSystems Activity Based Costing/Management ABC/M,0,43231601
acoustica mixcraft,Acoustica Mixcraft,0,43232005
acrendo a.i.med,Acrendo A.I.med,0,43232610
acrendo medical software family practice emr,Acrendo Medical Software Family Practice EMR,0,43232610
acrendo medical software ob/gyn emr,Acrendo Medical Software Ob/Gyn EMR,0,43232610
acresso installanywhere,Acresso InstallAnywhere,0,43232405
acronis recovery expert,Acronis Recovery Expert,0,43233415
acs technologies acs financial suite,ACS Technologies ACS Financial Suite,0,43231601
acs technologies headmaster,ACS Technologies HeadMaster,0,43231602
act contractors forms,ACT Contractors Forms,0,43232309
act discover,ACT Discover,0,43232306
act workkeys,ACT WorkKeys,0,43232605
act!,Act!,0,43232303
act! act4advisors,ACT! ACT4Advisors,0,43232303
act! premium,ACT! Premium,0,43232303
act-3d quest3d,Act-3D Quest3D,0,43232103
actano rplan,Actano Rplan,0,43231507
actimize brokerage compliance solutions,Actimize Brokerage Compliance Solutions,0,43232606
actionware,ActionWare,0,43232303
activant solutions activant prophet 21,Activant Solutions Activant Prophet 21,0,43231601
active data online webchat,Active Data Online WebChat,0,43233503
active directory,Active directory,0,43232704
active network eventregister,Active Network EventRegister,0,43231507
actsoft comet tracker,Actsoft Comet Tracker,0,43231506|43232306
actuarial systems corporation aim,Actuarial Systems Corporation AIM,0,43231505
actuarial systems corporation compliance testing system,Actuarial Systems Corporation Compliance Testing System,0,43231505
actuarial systems corporation defined benefit system,Actuarial Systems Corporation Defined Benefit System,0,43231505
actuarial systems corporation document generation and management system,Actuarial Systems Corporation Document Generation and Management System,0,43232202
actuarial systems corporation dv direct,Actuarial Systems Corporation DV Direct,0,43231505
actuate birt,Actuate BIRT,0,43232314
actuate docbook,Actuate DocBook,0,43232107
actuate eclipse birt,Actuate Eclipse BIRT,0,43232305
acuitypro,AcuityPro,0,43232610
acupartner professional,AcuPartner Professional,0,43232610
acustaf,AcuStaf,0,43232108
ad opt altitude,AD OPT Altitude,0,43232108
ada,Ada,0,43232402
adapt it,Adapt It,0,43232501
adapt-modeler,ADAPT-Modeler,0,43232605
adaptasoft cyberpay,AdaptaSoft CyberPay,0,43231601
adaptive conjoint analysis aca,Adaptive conjoint analysis ACA,0,43232605
adaptive metadata manager,Adaptive Metadata Manager,0,43232310
adaptive optics ao simulation,Adaptive optics AO simulation,0,43232605
adaptive planning,Adaptive Planning,0,43231602
adc legal systems perfect practice,ADC Legal Systems Perfect Practice,0,43232306
addison health systems writepad ehr,Addison Health Systems WritePad EHR,0,43232610
address management system ams,Address Management System AMS,0,43232306
addressing,Addressing,0,43232104
ademero content central,Ademero Content Central,0,43232202
adept scientific grams,Adept Scientific GRAMS,0,43232605
adeptia etl suite,Adeptia ETL Suite,0,43232402
aderant compulaw,Aderant CompuLaw,0,43232108
"aderant expert back office, powered by keystone","ADERANT Expert Back Office, Powered by Keystone",0,43231602
aderant expert matter center,ADERANT Expert Matter Center,0,43232306
aderant legal,Aderant legal,0,43231511
adexa egps suite,Adexa eGPS Suite,0,43231602
adexa supply chain planning,Adexa Supply Chain Planning,0,43231506
adi smartbol,ADi SmartBOL,0,43231506
adinstruments labchart,ADInstruments LabChart,0,43232610
adl data systems optimumclinicals electronic health record,ADL Data Systems OptimumClinicals Electronic Health Record,0,43232610
adlib express,Adlib Express,0,43232202
adlib information systems adlib archive,Adlib Information Systems Adlib Archive,0,43232306
"admissions, discharge, and transfer adt","Admissions, discharge, and transfer ADT",0,43232610
adms pollution modeling,ADMS pollution modeling,0,43232605
ado.net,ADO.NET,0,43232304|43232306
adobe acrobat,Adobe Acrobat,1,43232202
adobe acrobat pro extended,Adobe Acrobat Pro Extended,0,43232202
adobe acrobat reader,Adobe Acrobat Reader,0,43232202
adobe acrobat writer,Adobe Acrobat Writer,0,43232104
adobe actionscript,Adobe ActionScript,0,43232402|43232405
adobe after effects,Adobe After Effects,1,43232102|43232103
adobe air,Adobe AIR,0,43232402
adobe analytics,Adobe Analytics,0,43232605
adobe audition,Adobe Audition,0,43232005
adobe authorware,Adobe Authorware,0,43232502
adobe captivate,Adobe Captivate,0,43232502
adobe coldfusion,Adobe ColdFusion,0,43232107|43232408
adobe connect,Adobe Connect,0,43233503
adobe contribute,Adobe Contribute,0,43232107
adobe creative cloud,Adobe Creative Cloud,1,43232102
adobe director,Adobe Director,0,43232103
adobe distiller,Adobe Distiller,0,43232112
adobe dreamweaver,Adobe Dreamweaver,0,43232107
adobe elearning suite,Adobe eLearning Suite,0,43232502
adobe experience manager (aem),Adobe Experience Manager (AEM),0,43232107
adobe flex,Adobe Flex,0,43232408
adobe framemaker,Adobe FrameMaker,0,43232112
adobe freehand mx,Adobe FreeHand MX,0,43232102
adobe human capital application solution accelerator,Adobe Human Capital Application Solution Accelerator,0,43231505
adobe illustrator,Adobe Illustrator,1,43232102
adobe imageready,Adobe ImageReady,0,43232102
adobe incopy,Adobe InCopy,0,43232104
adobe indesign,Adobe InDesign,1,43232112
adobe lifecycle enterprise suite,Adobe LifeCycle Enterprise Suite,0,43232202
adobe lifecycle es,Adobe LifeCycle ES,0,43232202
adobe lifecycle production print es3,Adobe LifeCycle Production Print ES3,0,43232202
adobe livemotion,Adobe LiveMotion,0,43232102
adobe macromedia homesite,Adobe Macromedia HomeSite,0,43232107
adobe pagemaker,Adobe PageMaker,0,43232112
adobe persuasion,Adobe Persuasion,0,43232106
adobe photoshop,Adobe Photoshop,1,43232102
adobe photoshop lightroom,Adobe Photoshop Lightroom,0,43232102
adobe postscript,Adobe PostScript,0,43232402
adobe premiere pro,Adobe Premiere Pro,0,43232103
adobe presenter,Adobe Presenter,0,43232106|43232502
adobe robohelp,Adobe RoboHelp,0,43232404
adobe xd,Adobe XD,0,43232102
adp,ADP,0,43231602
adp drive dms for accounting,ADP Drive DMS for Accounting,0,43231601
adp employease,ADP Employease,0,43231505
adp enterprise etime,ADP Enterprise eTIME,0,43231605
adp enterprise hr,ADP Enterprise HR,0,43231505
adp etime,ADP eTIME,0,43231605
adp ezlabormanager,ADP ezLaborManager,0,43231605
adp hr/benefits solution,ADP HR/Benefits Solution,0,43231505
adp hr/profile,ADP HR/Profile,0,43231505
adp pay expert,ADP Pay eXpert,0,43231605
adp pc/payroll,ADP PC/Payroll,0,43231605
adp super report writer,ADP Super Report Writer,0,43232305
adp workforce now,ADP Workforce Now,0,43231505|43232306
adp/vantra volts,ADP/Vantra VOLTS,0,43232702
adrelevance,AdRelevance,0,43232305
ads advantage,ADS Advantage,0,43232303
adsense tracker,AdSense Tracker,0,43232306
adstra systems adstra management,Adstra Systems ADSTRA Management,0,43232610
adtec agency manager,Adtec Agency Manager,0,43232303
adtrack customer acquisition management cam,AdTrack Customer Acquisition Management CAM,0,43232303
advance ortho systems program director,Advance Ortho Systems Program Director,0,43232610
advanced boolean expression language abel,Advanced boolean expression language ABEL,0,43232402
advanced business application programming abap,Advanced business application programming ABAP,0,43232405
advanced chemistry development acd/1d nuclear magnetic resonance nmr processor,Advanced Chemistry Development ACD/1D nuclear magnetic resonance NMR processor,0,43232605
advanced chemistry development analytical laboratory,Advanced Chemistry Development Analytical Laboratory,0,43232605
advanced computer simulation language acsl,Advanced computer simulation language ACSL,0,43232402
advanced data systems medicsdocassistant for pediatrics,Advanced Data Systems MedicsDocAssistant for Pediatrics,0,43232610
advanced data systems medicsris,Advanced Data Systems MedicsRis,0,43232610
advanced dimensional management 3d-gd&t,Advanced Dimensional Management 3D-GD&T,0,43232605
advanced graphics technology procogo,Advanced Graphics Technology ProCogo,0,43233506
advanced logic technology wellcad,Advanced Logic Technology WellCAD,0,43232604
advanced management systems software for wineries,Advanced Management Systems Software for Wineries,0,43231602
advanced micro systems 1099-etc,Advanced Micro Systems 1099-Etc,0,43231603
advanced numerical,Advanced numerical,0,43232605
advanced portfolio technologies report builder,Advanced Portfolio Technologies Report Builder,0,43231604
advanced portfolio technologies simulator,Advanced Portfolio Technologies Simulator,0,43231604
advanced processing and imaging optiview ecm,Advanced Processing and Imaging OptiView ECM,0,43232202
advanced retail management systems retail pro,Advanced Retail Management Systems Retail Pro,0,43232611
advanced technologies and oceanic procedures atop,Advanced technologies and oceanic procedures ATOP,0,43231511
advanced technologies class act,Advanced Technologies Class Act,0,43231507|43232306
advanced veterinary services ranch vision,Advanced Veterinary Services Ranch Vision,0,43231602
advanced visual systems avs/express,Advanced Visual Systems AVS/Express,0,43232102
advantage information systems the agency advantage,Advantage Information Systems The Agency Advantage,0,43231602
advantage signature marketing group web master,Advantage Signature Marketing Group Web Master,0,43232303
advantage software chiropractic advantage,Advantage Software Chiropractic Advantage,0,43232610
advantage software physical therapy advantage,Advantage Software Physical Therapy Advantage,0,43232610
advantage software podiatry advantage,Advantage Software Podiatry Advantage,0,43232610
advantage software psych advantage,Advantage Software Psych Advantage,0,43232610
advantage software total eclipse,Advantage Software Total Eclipse,0,43232104
advantagelaw winvantage,AdvantageLaw WinVantage,0,43232306
advantos systems datatrust enterprise,Advantos Systems DataTrust Enterprise,0,43232306
advent axys,Advent Axys,0,43231604
adviceamerica advisorvision,AdviceAmerica AdvisorVision,0,43231604
advisory world ice,Advisory World ICE,0,43231604
"adxstudio, for microsoft","Adxstudio, for Microsoft",0,43232201
aec design group cadpipe,AEC Design Group CADPIPE,0,43232604
aec software fasttrack schedule,AEC Software FastTrack Schedule,0,43231507|43232108|43232306
aemc dataview,AEMC DataView,0,43232605
aerohydro multisurf,AeroHydro MultiSurf,0,43232604
aeronautical charts,Aeronautical charts,0,43232105
aeronet calculator,AERONET calculator,0,43232605
aeroplanner,AeroPlanner,0,43232309
aerotriangulation adjustment,Aerotriangulation adjustment,0,43233506
aes mailstar,AES MailSTAR,0,43231506
aesdirect,AESDirect,0,43232306
aestiva employee time clock,Aestiva Employee Time Clock,0,43231605
aestiva purchase order,Aestiva Purchase Order,0,43231503
aetherpalm infusicalc,AetherPalm InfusiCalc,0,43232610
afcom datasafe computer services flexibake,Afcom Datasafe Computer Services FlexiBake,0,43231602
afexdirect,AFEXDirect,0,43232611
affiliated computer services acs firehouse,Affiliated Computer Services ACS FIREHOUSE,0,43232306
after the deadline,After the Deadline,0,43232104
ag connections land.db,Ag Connections Land.db,0,43232306
ag leader technology sms advanced,Ag Leader Technology SMS Advanced,0,43232306
agco advanced technology solutions fieldstar,AGCO Advanced Technology Solutions Fieldstar,0,43232608
agco gta software suite,AGCO GTA Software Suite,0,43232605
agdata blue skies accounting,AgData Blue Skies Accounting,0,43231601
age progression,Age progression,0,43232605
agency management,Agency management,0,43231602
agency management systems ams 360,Agency Management Systems AMS 360,0,43232202
agency master,Agency Master,0,43231602
agency software agencypro,Agency Software AgencyPro,0,43231602
agencypro,AgencyPro,0,43232306
agent business builder,Agent Business Builder,0,43232303
agevo farm manager,Agevo Farm Manager,0,43231602
agile product lifecyle management plm,Agile Product Lifecyle Management PLM,0,43231602
agilent advanced design system ads,Agilent Advanced Design System ADS,0,43232604
agilent cgh analytics,Agilent CGH Analytics,0,43232605
agilent chemstation,Agilent ChemStation,0,43232605
agilent technologies genespring gx,Agilent Technologies GeneSpring GX,0,43232605
agileview software smartview,AgileView Software SmartView,0,43232502
agiliance compliance manager,Agiliance Compliance Manager,0,43232606
aginfolink meat inventory tracking system mits,AgInfoLink Meat Inventory Tracking System MITS,0,43231508
agisoft metashape,Agisoft Metashape,0,43232605
agrisoft/cmc agrisoft/erp,AgriSoft/CMC AgriSoft/ERP,0,43231602
agronomic modeling,Agronomic modeling,0,43232605
agterra technologies agtrac,AgTerra Technologies AgTrac,0,43232306
ahrefs site explorer,Ahrefs Site Explorer,0,43232408
ai squared zoomtext,Ai Squared ZoomText,0,43233405
aighd oasis,AIGHD OASIS,0,43232610
aipotu,Aipotu,0,43232605
aiq systems tradingexpert pro,AIQ Systems TradingExpert Pro,0,43231604
air dispersion modeling,Air dispersion modeling,0,43232605
air quality modeling,Air quality modeling,0,43232605
air-trak cloudberry,Air-Trak Cloudberry,0,43233511
aircraft noise monitoring system,Aircraft noise monitoring system,0,43232306
aircraft regulation databases,Aircraft regulation databases,0,43232306
airdata,Airdata,0,43231507
airline global distribution systems gds,Airline global distribution systems GDS,0,43232306
airline pilots daily aviation log ppc,Airline Pilots Daily Aviation Log PPC,0,43232306
airmagnet enterprise,AirMagnet Enterprise,0,43232801
airmaster+,AIRMaster+,0,43232605
airsmith flightprompt,AirSmith FlightPrompt,0,43232306
airtable,Airtable,0,43232306
ajax,AJAX,1,43232408
aknaf advantage salon software and spa,Aknaf ADVANTAGE Salon Software and Spa,0,43232306
alara crystalview,Alara CRystalView,0,43232605
alarm management system,Alarm management system,0,43232608
alarm system,Alarm system,0,43232603
alcestis,Alcestis,0,43232306
alchemy systems sistem,Alchemy Systems SISTEM,0,43232502
aldata warehouse management,Aldata Warehouse Management,0,43231506
aldelo systems aldelo for restaurants pro,Aldelo Systems Aldelo for Restaurants Pro,0,43232611
aldus freehand,Aldus FreeHand,0,43232102
alert technologies opscenter,Alert Technologies OpsCenter,0,43231507
alerton ascent compass,Alerton Ascent Compass,0,43232608
alfresco software alfresco,Alfresco Software Alfresco,0,43232202
algae,Algae,0,43232605
algolab raster to vector conversion toolkit,AlgoLab Raster to Vector Conversion Toolkit,0,43233402
algorithm compu-ceph,Algorithm Compu-Ceph,0,43232610
algorithmic,Algorithmic,0,43232605
algorithmic language algol,Algorithmic language ALGOL,0,43232402
alias wavefront design studio,Alias Wavefront Design Studio,0,43232604
alibre design,Alibre Design,0,43232604
aline grc,Aline GRC,0,43232606
aljex inventory,Aljex Inventory,0,43231508
alk technologies fleetsuite,ALK Technologies FleetSuite,0,43232504
alk technologies pc*miler,ALK Technologies PC*Miler,0,43232504
allaire coldfusion,Allaire ColdFusion,0,43232408
allegro landmark,Allegro Landmark,0,43233506
allen bradley panelview,Allen Bradley PanelView,0,43232608
allergenic diet,Allergenic diet,0,43232605
alliance automotive shop controller,Alliance Automotive Shop Controller,0,43232603
allied financial software act4advisors,Allied Financial Software Act4Advisors,0,43232303
allnetic working time tracker,AllNetic Working Time Tracker,0,43231505
allscripts canopy,Allscripts Canopy,0,43232610
allscripts ehr,Allscripts EHR,0,43232610
allscripts healthcare automation,Allscripts healthcare automation,0,43232610
allscripts payerpath,Allscripts Payerpath,0,43232610
allscripts pm,Allscripts PM,0,43232610
allscripts professional ehr,Allscripts Professional EHR,0,43232610
allscripts professional pm,Allscripts Professional PM,0,43231601
allscripts sunrise,Allscripts Sunrise,0,43232610
allstar software systems kofax,Allstar Software Systems Kofax,0,43232202
almaris e-learning systems financial accounting tutor,Almaris E-Learning Systems Financial Accounting Tutor,0,43232502
alpha four,Alpha Four,0,43232304
alpha software alpha five,Alpha Software Alpha Five,0,43232306
alphadent,AlphaDent,0,43232610
alstom esarad,Alstom ESARAD,0,43232605
alstom esatan,Alstom ESATAN,0,43232605
altair engineering motionsolve,Altair Engineering MotionSolve,0,43232605
altapoint data systems altapoint dental,AltaPoint Data Systems AltaPoint Dental,0,43232610
altapoint data systems altapoint vision,AltaPoint Data Systems AltaPoint Vision,0,43232610
alteer office,Alteer Office,0,43232610
alteer premiere,Alteer Premiere,0,43232610
altera hardware description language ahdl,Altera hardware description language AHDL,0,43232402
altera max,Altera MAX,0,43232605
altera quartus ii,Altera Quartus II,0,43232605
alteryx,Alteryx,1,43232314
altia design,Altia Design,0,43232404
altium designer,Altium Designer,0,43232604
altova mapforce,Altova MapForce,0,43232310
alua software paddock pro,Alua Software Paddock Pro,0,43232306
amadeus altea reservation,Amadeus Altea Reservation,0,43232306
amadeus crs,Amadeus CRS,0,43232306
amazing charts,Amazing Charts,0,43232610
amazon data pipeline,Amazon Data Pipeline,0,43232304
amazon dynamodb,Amazon DynamoDB,1,43232304
amazon elastic compute cloud ec2,Amazon Elastic Compute Cloud EC2,1,43232306
amazon elastic container service ecs,Amazon Elastic Container Service ECS,0,43232701
amazon kinesis,Amazon Kinesis,0,43232304
amazon redshift,Amazon Redshift,1,43232306
amazon simple storage service s3,Amazon Simple Storage Service S3,0,43232907
amazon web services aws,Amazon Web Services AWS,1,43232306
amazon web services aws cloudformation,Amazon Web Services AWS CloudFormation,1,43232806
amazon web services aws sagemaker,Amazon Web Services AWS SageMaker,0,43232806
amber road,Amber Road,0,43231506
ambient design artrage,Ambient Design ArtRage,0,43232102
amcom autos2000,Amcom AUTOS2000,0,43232603
amcs platform,AMCS Platform,0,43232605
american association of critical care nurses aacn medicopeia,American Association of Critical Care Nurses AACN Medicopeia,0,43232309
american data systems paws veterinary practice management,American Data Systems PAWS Veterinary Practice Management,0,43232610
american glazing software ags windowpricer,American Glazing Software AGS WindowPricer,0,43231507
american healthtech financial,American HealthTech Financial,0,43231601
american legalnet edockets,American Legalnet eDockets,0,43232108
american legalnet smart dockets,American Legalnet Smart Dockets,0,43232108
american legalnet uscourtforms,American LegalNet USCourtForms,0,43232309
american medical association codemanager,American Medical Association CodeManager,0,43232301
american medical billing software pma,American Medical Billing Software PMA,0,43231607
american national standards institute ansi c,American National Standards Institute ANSI C,0,43232402
american orthodontics compu-ceph,American Orthodontics Compu-Ceph,0,43232102
american orthodontics photo-eze,American Orthodontics Photo-Eze,0,43232102
american orthotic and prosthetic association codingpro,American Orthotic and Prosthetic Association CodingPro,0,43232610
american precision instruments regit,American Precision Instruments Regit,0,43232611
american printing house for the blind learn keys,American Printing House for the Blind Learn Keys,0,43233405
american printing house for the blind talking typer,American Printing House for the Blind Talking Typer,0,43232502
american riviera magtax,American Riviera Magtax,0,43231603
american sign language asl browser,American Sign Language ASL browser,0,43232507
american sign language browser,American Sign Language Browser,0,43232306
amg teleran salesinsync,AMG Teleran SalesInSync,0,43232303
amkai amkaicharts,Amkai AmkaiCharts,0,43232610
amok translator,AmoK Translator,0,43232501
amortization calculation,Amortization calculation,0,43231601
amortization loan,Amortization loan,0,43231604
ampl,AMPL,0,43232605
ams realtime projects,AMS REALTIME Projects,0,43231507
ams services ams 360,AMS Services AMS 360,0,43231602
ams services ams sagitta,AMS Services AMS Sagitta,0,43231602
amtdirect,AMTdirect,0,43232306
amtec engineering tecplot,Amtec Engineering Tecplot,0,43232102
anacomp caselogistix,Anacomp CaseLogistix,0,43232202
anadigm designer2 eda,Anadigm Designer2 EDA,0,43232605
analog devices visualdsp++,Analog Devices VisualDSP++,0,43232402
analyse-it,Analyse-it,0,43232605
analysis and building,Analysis and building,0,43232605
analysis and visualization of time sequences avts,Analysis and Visualization of Time Sequences AVTS,0,43232605
analysis of smoke control systems ascos,Analysis of Smoke Control Systems ASCOS,0,43232605
analytical,Analytical,0,43232605
analytical graphics stk expert edition,Analytical Graphics STK Expert Edition,0,43232605
analyze,Analyze,0,43232605
analyzerxl,AnalyzerXL,0,43231604
anand systems asi frontdesk,Anand Systems ASI FrontDesk,0,43232603
anasazi software assessment and treatment plan systems,Anasazi Software Assessment and Treatment Plan Systems,0,43232610
anasazi software client data system,Anasazi Software Client Data System,0,43232610
anatomic pathology,Anatomic pathology,0,43232610
anca toolroom,ANCA ToolRoom,0,43232612
andersonbell abstat,AndersonBell Abstat,0,43232605
anesthesia machine,Anesthesia machine,0,43232610
angoss knowledgeseeker,Angoss KnowledgeSEEKER,0,43232307
animal intelligence software animal intelligence,Animal Intelligence Software Animal Intelligence,0,43232610
animal shelter manager,Animal Shelter Manager,0,43232306
animation,Animation,0,43232103
aninoquisi mesotrac,Aninoquisi MesoTRAC,0,43232605
anisn dose assessment computer code,ANISN dose assessment computer code,0,43232605
anisotropic crystalline etch simulation aces,Anisotropic Crystalline Etch Simulation ACES,0,43232605
annuities analysis,Annuities analysis,0,43231604
anodas software limited phoenix,Anodas Software Limited Phoenix,0,43231602
ansible,Ansible,1,43231511
ansoft hfss,Ansoft HFSS,0,43232605
ansoft simplorer,Ansoft Simplorer,0,43232605
ansys aqwa,ANSYS AQWA,0,43232605
ansys asas,ANSYS ASAS,0,43232605
ansys fluent,Ansys Fluent,0,43232605
ansys ls-dyna,ANSYS LS-DYNA,0,43232605
ansys mechanical,ANSYS Mechanical,0,43232605
ansys multiphysics,ANSYS Multiphysics,0,43232605
ansys simulation,ANSYS simulation,0,43232605
antek healthware labdaq,Antek HealthWare LabDAQ,0,43232610
antenna house,Antenna House,0,43232112
anthillpro,AnthillPro,0,43232402
anthropometric databases,Anthropometric databases,0,43232306
anti-phishing,Anti-phishing,0,43233205
anti-spyware,Anti-spyware,0,43233205
anti-trojan,Anti-Trojan,0,43233205
antivirus,Antivirus,0,43233205
anvil studio,Anvil Studio,0,43232005
aol mapquest,AOL MapQuest,0,43233506
aonix software through pictures,Aonix Software Through Pictures,0,43232402
ap enps,AP ENPS,0,43232103
apache accumulo,Apache Accumulo,0,43232306
apache airflow,Apache Airflow,1,43231517
apache ant,Apache Ant,0,43232402
apache avro,Apache Avro,0,43232309
apache cassandra,Apache Cassandra,1,43232304
apache continuum,Apache Continuum,0,43232402
apache flex,Apache Flex,0,43232408
apache flume,Apache Flume,0,43232304
apache groovy,Apache Groovy,0,43232405|43232408
apache gump,Apache Gump,0,43232402
apache hadoop,Apache Hadoop,1,43232304
apache hadoop yarn,Apache Hadoop YARN,0,43232304
apache hbase,Apache HBase,0,43232304
apache hive,Apache Hive,1,43232304|43232306
apache http server,Apache HTTP Server,0,43232312|43232701
apache jmeter,Apache JMeter,0,43232405
apache kafka,Apache Kafka,1,43232402
apache mahout,Apache Mahout,0,43231511
apache maven,Apache Maven,1,43232402
apache mxnet,Apache MXNet,0,43232608
apache oozie,Apache Oozie,0,43232304
apache pig,Apache Pig,0,43232304
apache solr,Apache Solr,0,43232304
apache spark,Apache Spark,1,43232314|43232405
apache sqoop,Apache Sqoop,0,43232304
apache struts,Apache Struts,0,43232408
apache subversion svn,Apache Subversion SVN,1,43232203|43232402
apache tomcat,Apache Tomcat,1,43232408
apatar,Apatar,0,43232310
ape a plasmid editor,ApE A Plasmid Editor,0,43232605
apex business software ibenefits,Apex Business Software iBenefits,0,43231505
apex business software ihr,Apex Business Software iHR,0,43231505
apex iv assessor,Apex IV Assessor,0,43233506
apex iv fee appraiser,Apex IV Fee Appraiser,0,43233506
apex mobilesketch,Apex MobileSketch,0,43233506
apfloat,Apfloat,0,43232605
api healthcare activestaffer,API Healthcare ActiveStaffer,0,43232108
api navigator,API Navigator,0,43231505
apian surveypro,Apian SurveyPro,0,43232306
aplac,APLAC,0,43232605
apollo photonics apss,Apollo Photonics APSS,0,43232604
apollo reservation system,Apollo Reservation System,0,43232108
app software associations apptrak.net,App Software Associations AppTrak.net,0,43231507
appca personal chef office,APPCA Personal Chef Office,0,43232306
appfolio property manager,AppFolio Property Manager,0,43232306
appium,Appium,0,43232406
apple applescript,Apple AppleScript,0,43233004
apple appleworks,Apple AppleWorks,0,43232110
apple cocoa,Apple Cocoa,0,43232405
apple drawberry,Apple DrawBerry,0,43232102
apple dvd studio pro,Apple DVD Studio Pro,0,43232103
apple final cut express,Apple Final Cut Express,0,43232103
apple final cut pro,Apple Final Cut Pro,0,43232103
apple final cut studio,Apple Final Cut Studio,0,43232103
apple garageband,Apple GarageBand,0,43232005
apple idvd,Apple iDVD,0,43232103
apple imovie,Apple iMovie,0,43232103
apple ios,Apple iOS,1,43233004
apple iphoto,Apple iPhoto,0,43232102
apple iwork,Apple iWork,0,43231513
apple iwork keynote,Apple iWork Keynote,0,43232106
apple iwork numbers,Apple iWork Numbers,0,43232110
apple iwork pages,Apple iWork Pages,0,43232104
apple keynote,Apple Keynote,0,43232106
apple logic pro,Apple Logic Pro,0,43232005
apple macos,Apple macOS,1,43233004
apple mainstage,Apple MainStage,0,43232005
apple numbers for mac,Apple Numbers for Mac,0,43232110
apple quicktime,Apple QuickTime,0,43232103
apple safari,Apple Safari,1,43232705
apple shazam,Apple Shazam,0,43232605
apple xsan,Apple Xsan,0,43233001
appletree,Appletree,0,43232502
applicad roof wizard,AppliCad Roof Wizard,0,43232604
applicant tracking,Applicant tracking,0,43231505
applicantpro iapplicants,ApplicantPro iApplicants,0,43231505
application management,Application management,0,43232401
application server,Application server,0,43232701
application software shear,Application Software SHEAR,0,43231507
application-specific integrated circuit asic logic synthesis,Application-specific integrated circuit ASIC logic synthesis,0,43232605
applied biosystems genemapper,Applied Biosystems GeneMapper,0,43232605
applied computer systems jobpower,Applied Computer Systems JOBPOWER,0,43231601
applied flow technology aft arrow,Applied Flow Technology AFT Arrow,0,43232605
applied flow technology aft fathom,Applied Flow Technology AFT Fathom,0,43232605
applied imagery quick terrain modeler,Applied Imagery Quick Terrain Modeler,0,43233506
applied production profab,Applied Production ProFab,0,43232612
applied production profold,Applied Production ProFold,0,43232604
applied search technology cadfind,Applied Search Technology CADFind,0,43232202
applied software technologies asset maintenance and materials management system,Applied Software Technologies Asset Maintenance and Materials Management System,0,43231506
applied systems associates asa rebar,Applied Systems Associates aSa Rebar,0,43231507
applied systems the agency manager,Applied Systems The Agency Manager,0,43231602
applied systems vision,Applied Systems Vision,0,43232303
appligent citation fdfmerge,Appligent Citation FDFMerge,0,43232202
appointment scheduling,Appointment scheduling,0,43232108
appointment search,Appointment Search,0,43232108
appointmentquest online appointment manager,AppointmentQuest Online Appointment Manager,0,43232108
appointmentquest online appointment scheduler,AppointmentQuest Online Appointment Scheduler,0,43232108
appraisal,Appraisal,0,43231604
aprimo marketing,Aprimo Marketing,0,43231602
aptean made2manage,Aptean Made2Manage,0,43231602
aptean onyx crm,Aptean Onyx CRM,0,43232303
aptech systems gauss,Aptech Systems GAUSS,0,43232605
apteryx imaging suite,Apteryx Imaging Suite,0,43232102
aqsis renderer,Aqsis Renderer,0,43232102
aquasoft farm manager,AquaSoft Farm Manager,0,43231507
aquatic plant information retrieval system apirs,Aquatic Plant Information Retrieval System APIRS,0,43232605
aquifer test,Aquifer test,0,43232605
arbelsoft tailormax,ArbelSoft TailorMax,0,43232611
arbita onepost,Arbita OnePost,0,43231505
arbita oneworld,Arbita OneWorld,0,43231505
arbor image draftsman,Arbor Image Draftsman,0,43233403
arbutus analyzer,Arbutus Analyzer,0,43232605
arc logics sword,ARC Logics Sword,0,43232606
arc second pocketcad,Arc Second PocketCAD,0,43232604
arcgis web appbuilder,ArcGIS Web AppBuilder,0,43232402
archeological sites management information system asmis,Archeological Sites Management Information System ASMIS,0,43232306
archer compliance management,Archer Compliance Management,0,43232606
architectural energy corporation enforma building diagnostics,Architectural Energy Corporation ENFORMA Building Diagnostics,0,43232605
architectural energy corporation rem/rate,Architectural Energy Corporation REM/Rate,0,43232605
architectural energy corporation visualdoe,Architectural Energy Corporation VisualDOE,0,43232605
architecture description language adl,Architecture description language ADL,0,43232407
archival databases,Archival databases,0,43232309
archivegrid,ArchiveGrid,0,43232309
archives wiki,Archives Wiki,0,43232309
archivists' toolkit,Archivists' Toolkit,0,43232306
archon,Archon,0,43232306
arcline arcfreight,Arcline ArcFreight,0,43231506
arcom masterspec,ARCOM Masterspec,0,43232306
arcsight enterprise threat and risk management,ArcSight Enterprise Threat and Risk Management,0,43232620
ardexus mode,Ardexus Mode,0,43232303
ardexus tasc,Ardexus TASC,0,43232303
ardupilot mission planner,ArduPilot Mission Planner,0,43232601
arena health systems phys-x,Arena Health Systems Phys-X,0,43232610
arenasoft estimating,ArenaSoft Estimating,0,43232605
ares corporation prism project estimator,ARES Corporation PRISM Project Estimator,0,43231604
arfit,ARfit,0,43232605
argos software abecas insight,Argos Software ABECAS Insight,0,43231602
argos software abecas insight fms,Argos Software ABECAS Insight FMS,0,43231601
argos software abecas insight wms,Argos Software ABECAS Insight WMS,0,43231508
argosy legal systems power closer,Argosy Legal Systems Power Closer,0,43232306
argus one open numerical environments,Argus ONE Open Numerical Environments,0,43232605
argus perceptual mapper,Argus Perceptual Mapper,0,43232605
aris global register,Aris Global Register,0,43232606
ark software ark shelter,ARK Software Ark Shelter,0,43232306
arkenstone atlas speaks,Arkenstone Atlas Speaks,0,43232605
arkitektia flight itinerary,Arkitektia Flight Itinerary,0,43232108
armand morin multitrack generator,Armand Morin MultiTrack Generator,0,43232313
armchair machinist,Armchair Machinist,0,43232605
armon technologies xlactuary,ARMON Technologies XLActuary,0,43231604
army food management information system,Army Food Management Information System,0,43231508
arobas music guitar pro,Arobas Music Guitar Pro,0,43232005
arpege music pizzicato,Arpege Music Pizzicato,0,43232005
arping,Arping,0,43232801
arrival departure information system adis,Arrival Departure Information System ADIS,0,43232306
arrow electronics n/compass,Arrow Electronics N/Compass,0,43231505
arsoftware winsmac,ARSoftware WinSMAC,0,43232604
articsoft fileassurity,ArticSoft FileAssurity,0,43233205
articulate 360,Articulate 360,0,43232502
articulate rapid e-learning studio,Articulate Rapid E-Learning Studio,0,43232502
articulate storyline,Articulate Storyline,0,43232502
artifice designworkshop,Artifice DesignWorkshop,0,43232604
artificial intelligence,Artificial intelligence,0,43232608
artisan studio,Artisan Studio,0,43232402
arts & letters express,Arts & Letters Express,0,43232102
artsco orthopro complete,Artsco OrthoPro Complete,0,43232610
artscope.net eartist,ArtScope.net eArtist,0,43232306
artsystems collections,Artsystems Collections,0,43232306
aruba networks airwave,Aruba Networks AirWave,0,43232804
as software as-obgyn,AS Software AS-OBGYN,0,43232610
as/400 database,AS/400 Database,0,43232306
asana,Asana,1,43233513
ascend property assessment,Ascend Property Assessment,0,43232306
ascensio systems teamlab,Ascensio Systems TeamLab,0,43231507
ascentis employee self-service,Ascentis Employee Self-Service,0,43231505
ascentis hr,Ascentis HR,0,43231505
asg technologies asg-zeke,ASG Technologies ASG-Zeke,0,43232305
ashkon translation pad,Ashkon Translation Pad,0,43232501
ashlar-vellum cobalt,Ashlar-Vellum Cobalt,0,43232604
ashlar-vellum graphite,Ashlar-Vellum Graphite,0,43232604
ashley software writer's blocks,Ashley Software Writer's Blocks,0,43232104
asi client acquisition solution,ASI Client Acquisition Solution,0,43231604
asi datamyte gagemetrics,ASI DATAMYTE GageMetrics,0,43232608
asi datamyte qda,ASI DATAMYTE QDA,0,43232608
asi frontdesk,ASI FrontDesk,0,43232603
asi point of sale,ASI Point of Sale,0,43232611
asidatamyte datametrics,ASIDATAMYTE DataMetrics,0,43232608
askia design,Askia Design,0,43232306
askia vista,Askia Vista,0,43232306
askia web,Askia Web,0,43232306
askiaanalyse,Askiaanalyse,0,43232605
askiaface,Askiaface,0,43232306
askiavoice,Askiavoice,0,43232306
asksam systems surfsaver,askSam Systems SurfSaver,0,43232306
asl hr director,ASL HR Director,0,43231505
aspect loss prevention aspect elitelp,Aspect Loss Prevention Aspect EliteLP,0,43232605
aspen,ASPEN,0,43232306
aspen graphics technical analysis,Aspen Graphics Technical Analysis,0,43231604
aspen plus,ASPEN PLUS,0,43232605
aspentech aspen infoplus,AspenTech Aspen InfoPlus,0,43231506
aspentech aspenone,AspenTech aspenONE,0,43232605
aspentech hysys,AspenTech HYSYS,0,43232605
asprova,Asprova,0,43231506
aspyra cyberlab,Aspyra CyberLAB,0,43232610
aspyra cyberpath,Aspyra CyberPATH,0,43232610
asr software lwc-plus,ASR Software LWC-Plus,0,43232604
asr software taper-plus,ASR Software Taper-Plus,0,43232604
asr software topview le,ASR Software TopView LE,0,43232604
asr software topview me,ASR Software TopView ME,0,43232604
assembla,Assembla,0,43231507
assembly line balancing,Assembly line balancing,0,43232608
assessment,Assessment,0,43232605
assessment systems corporation xcalibre,Assessment Systems Corporation XCALIBRE,0,43232605
asset allocation,Asset allocation,0,43231604
asset jtag scanworks,ASSET JTAG ScanWorks,0,43232605
asset management,Asset management,0,43231508|43231601
asset management administration,Asset management administration,0,43232804
assisi compiler,Assisi Compiler,0,43232306|43232605
assisi forest,Assisi Forest,0,43232605
assisi inventory,Assisi Inventory,0,43231508
assisi software assisi inventory,Assisi Software Assisi Inventory,0,43231508
assisi software assisi manager,Assisi Software Assisi Manager,0,43232306
assisi software assisi resource,Assisi Software Assisi Resource,0,43232605
assistant software for antimicrobial susceptibility interpretation asasi,Assistant Software for Antimicrobial Susceptibility Interpretation ASASI,0,43232605
assisted model building with energy refinement amber,Assisted model building with energy refinement AMBER,0,43232605
association for computing machinery digital library,Association for Computing Machinery Digital Library,0,43232306
assured software jpp,Assured Software JPP,0,43232306
assurx catsweb,AssurX CATSWeb,0,43232606
assurx financial services compliance management system,AssurX Financial Services Compliance Management System,0,43232606
ast staff matrix,AST Staff Matrix,0,43231505
aster data ncluster,Aster Data nCluster,0,43232302
astronomical image processing for windows aip4win,Astronomical Image Processing for Windows AIP4WIN,0,43232605
astronomical image processing system aips,Astronomical Image Processing System AIPS,0,43232605
astronomical information processing system aips++,Astronomical information processing system AIPS++,0,43232605
astute solutions powercenter,Astute Solutions PowerCenter,0,43233501
asure software hcm,Asure Software HCM,0,43231505|43231605
at your service software at your service repair,At Your Service Software At Your Service Repair,0,43232306
at your service software costguard,At Your Service Software CostGuard,0,43232306
at&t troff,AT&T Troff,0,43232112
atd protocol,ATD protocol,0,43232909
athena software penelope case management,Athena Software Penelope Case Management,0,43232610
athenahealth athenacollector,athenahealth athenaCollector,0,43232610
atlas business solutions staff files,Atlas Business Solutions Staff Files,0,43232202
atlas construction business forms,Atlas Construction Business Forms,0,43232104
atlas search,Atlas Search,0,43232314
atlas.ti,ATLAS.ti,0,43232605
atlassian bamboo,Atlassian Bamboo,0,43232403
atlassian bitbucket,Atlassian Bitbucket,1,43232701
atlassian confluence,Atlassian Confluence,1,43231507|43233503|43233513
atlassian hipchat,Atlassian HipChat,0,43233504
atlassian jira,Atlassian JIRA,1,43231507|43232201
atms stocktrack plus,ATMS StockTrack PLUS,0,43231508
atoll geocad,Atoll GeoCAD,0,43232604
atria smoke management engineering tools asmet,Atria smoke management engineering tools ASMET,0,43232605
atrion intelligent authoring,Atrion Intelligent Authoring,0,43232202
atstaff physician scheduler,AtStaff Physician Scheduler,0,43232108
attask,AtTask,0,43231507
attendance tracking,Attendance tracking,0,43232306
atterbury consultants superace,Atterbury Consultants SuperAce,0,43232306
atterbury consultants superace/flips,Atterbury Consultants SuperACE/FLIPS,0,43231508
attitude pos itive accupos retail,Attitude POS itive AccuPOS Retail,0,43232611
atx total accounting office,ATX Total Accounting Office,0,43231601
atx total engagement office,ATX Total Engagement Office,0,43231601
atx total tax office,ATX Total Tax Office,0,43231603
auburn software debit square,Auburn Software Debit Square,0,43232306
audacity,Audacity,0,43232005
audienceview ticketing,AudienceView Ticketing,0,43232303
audio calibration,Audio calibration,0,43232605
audio chaos soundscape generator,Audio Chaos Soundscape Generator,0,43232005
audio editing,Audio editing,0,43232005
audion laboratories voxpro,Audion Laboratories VoxPro,0,43232005
audioscribe speechcat,AudioScribe SpeechCAT,0,43232104
audit management,Audit management,0,43231604
audit planning and control environment,Audit planning and control environment,0,43231604
audit-c,AUDIT-C,0,43232610
audit2 adaptivegrc,Audit2 AdaptiveGRC,0,43232606
auditing,Auditing,0,43231604
auditware caseware examiner,AuditWare CaseWare Examiner,0,43231604
auditware financial reporting and auditing,AuditWare financial reporting and auditing,0,43231604
audiveris,Audiveris,0,43232005
augmint,Augmint,0,43232605
august systems visit wizard,August Systems Visit Wizard,0,43232108
aurora foodpro,Aurora FoodPro,0,43232605
aurora helioscope,Aurora HelioScope,0,43232605
austin logistics callselect,Austin Logistics CallSelect,0,43232303
austin logistics calltech,Austin Logistics CallTech,0,43232303
austin logistics valeo,Austin Logistics Valeo,0,43232303
author-it,Author-it,0,43232306
authoria adviser,Authoria Adviser,0,43231505
auto3dem,Auto3DEM,0,43232605
autoclaims direct directlink,AutoClaims Direct DirectLink,0,43232202
autocoders,Autocoders,0,43232301
autocrit editing wizard,AutoCrit Editing Wizard,0,43232104
autodesk 3d studio design,Autodesk 3D Studio Design,0,43232604
autodesk 3d studio viz,Autodesk 3d Studio Viz,0,43232604
autodesk 3ds max,Autodesk 3ds Max,0,43232103
autodesk 3ds max design,Autodesk 3ds Max Design,0,43232604
autodesk algor simulation,Autodesk Algor Simulation,0,43232605
autodesk alias automotive,Autodesk Alias Automotive,0,43232604
autodesk alias design,Autodesk Alias Design,0,43232604
autodesk alias surface,Autodesk Alias Surface,0,43232604
autodesk aliasstudio,Autodesk AliasStudio,0,43232604
autodesk architectural desktop,Autodesk Architectural Desktop,0,43232604
autodesk architectural studio,Autodesk Architectural Studio,0,43232604
autodesk autocad,Autodesk AutoCAD,1,43232604
autodesk autocad blue sky,Autodesk AutoCAD Blue Sky,0,43232604
autodesk autocad civil 3d,Autodesk AutoCAD Civil 3D,1,43232604
autodesk autocad design suite,Autodesk AutoCAD Design Suite,0,43232604
autodesk autocad land desktop,Autodesk AutoCAD Land Desktop,0,43232604
autodesk autocad lt,Autodesk AutoCAD LT,0,43232604
autodesk autocad map 3d,Autodesk AutoCAD Map 3D,0,43232604
autodesk autocad mechanical,Autodesk AutoCAD Mechanical,0,43232604
autodesk building systems,Autodesk Building Systems,0,43232604
autodesk caice visual transportation,Autodesk CAiCE Visual Transportation,0,43232604
autodesk combustion,Autodesk Combustion,0,43232102
autodesk ecotect,Autodesk Ecotect,0,43232605
autodesk ecotect analysis,Autodesk Ecotect Analysis,0,43232605
autodesk fusion 360,Autodesk Fusion 360,0,43232612
autodesk hsmworks,Autodesk HSMWorks,0,43232608|43232612
autodesk inventor,Autodesk Inventor,0,43232604
autodesk land desktop,Autodesk Land Desktop,0,43232604
autodesk mapguide,Autodesk MapGuide,0,43232408
autodesk maya,Autodesk Maya,0,43232102|43232604
autodesk mechanical,Autodesk Mechanical,0,43232604
autodesk motionbuilder,Autodesk MotionBuilder,0,43232103
autodesk mudbox,Autodesk Mudbox,0,43232102
autodesk navisworks,Autodesk Navisworks,0,43232604
autodesk partmaker,Autodesk PartMaker,0,43232612
autodesk powermill,Autodesk PowerMill,0,43232612
autodesk powershape,Autodesk PowerShape,0,43232612
autodesk revit,Autodesk Revit,1,43232604
autodesk revit architecture,Autodesk Revit Architecture,0,43232604
autodesk scaleform,Autodesk Scaleform,0,43232402
autodesk sketchbook pro,Autodesk SketchBook Pro,0,43232102
autodesk smoke,Autodesk Smoke,0,43232103
autodesk softdesk,Autodesk Softdesk,0,43232604
autodesk softimage,Autodesk SoftImage,0,43232102
autodesk topobase,Autodesk Topobase,0,43232306
autodesk viz,Autodesk VIZ,0,43232604
autodesk world,Autodesk World,0,43232306
autodessys form z,AutoDesSys form Z,0,43232102|43232604
automate the schools ats,Automate the Schools ATS,0,43232306
automated audit trail analysis,Automated audit trail analysis,0,43232801
automated auditors fraud detector,Automated auditors fraud detector,0,43231604
automated billing,Automated billing,0,43231607
automated biometric identification system abis,Automated Biometric Identification System ABIS,0,43232306
automated circulation systems,Automated circulation systems,0,43232609
automated clinical information systems,Automated clinical information systems,0,43232610
automated commercial environment software ace,Automated commercial environment software ACE,0,43232306
automated data collection system adcs,Automated Data Collection System ADCS,0,43232306
automated document generation,Automated document generation,0,43232402
automated equipment identification aei,Automated equipment identification AEI,0,43232608
automated expense reporting system,Automated expense reporting system,0,43231601
automated financial,Automated financial,0,43231601
automated geospatial watershed assessment agwa,Automated Geospatial Watershed Assessment AGWA,0,43232605
automated information system,Automated information system,0,43232306
automated installation,Automated installation,0,43232401
automated inventory,Automated inventory,0,43231508
automated manifest system,Automated manifest system,0,43232306
automated manifest system ams,Automated Manifest System AMS,0,43232306
automated material handling,Automated material handling,0,43232605
automated media tracking,Automated media tracking,0,43232801
automated national catalog system ancs,Automated National Catalog System ANCS,0,43232306
automated neuropsychological metric assessments battery,Automated Neuropsychological Metric Assessments Battery,0,43232610
automated package processing system apps,Automated Package Processing System APPS,0,43231508
automated payroll,Automated payroll,0,43231605
automated permit system,Automated permit system,0,43232606
automated purchase order,Automated purchase order,0,43231503
automated radar terminal systems arts,Automated radar terminal systems ARTS,0,43231511
automated system for customs data asycuda,Automated system for customs data ASYCUDA,0,43232606
automated systems,Automated systems,0,43232608
automated targeting system ats,Automated Targeting System ATS,0,43232306
automated tax system,Automated tax system,0,43231601
automated timekeeping,Automated timekeeping,0,43231605
automated underwriting,Automated underwriting,0,43231604
automatic call distribution,Automatic call distribution,0,43231501
automatic data processing advancedmd ehr,Automatic Data Processing AdvancedMD EHR,0,43232610
automatic data processing autosource,Automatic Data Processing Autosource,0,43232202
automatic data processing claims manager & dispatch,Automatic Data Processing Claims Manager & Dispatch,0,43232202
automatic data processing estimating,Automatic Data Processing Estimating,0,43231604
automatic data processing pc payroll for windows pcpw,Automatic Data Processing PC payroll for windows PCPW,0,43231505
automatic data processing proxyedge,Automatic Data Processing ProxyEdge,0,43232104
automatic dynamic incremental nonlinear analysis adina,Automatic dynamic incremental nonlinear analysis ADINA,0,43232605
automatic forecasting systems autobox,Automatic Forecasting Systems Autobox,0,43232605
automatic routing,Automatic routing,0,43232504
automatic test program generation atpg,Automatic test program generation ATPG,0,43232605
automation centre personnel tracker,Automation Centre Personnel Tracker,0,43232306
automation centre trackersuite.net,Automation Centre TrackerSuite.Net,0,43231507
automation counselors municipal,Automation Counselors municiPAL,0,43231601
automation studio,Automation Studio,0,43232605
automotive and accounting software by r*kom invoice writer,Automotive and Accounting Software by R*KOM Invoice Writer,0,43232611
autonomy imanage worksite,Autonomy iManage WorkSite,0,43232202
autopilot,Autopilot,0,43231511
autopsy information databases,Autopsy information databases,0,43232306
autoq3d,AutoQ3D,0,43232102
autoquant autodeblur,AutoQuant AutoDeblur,0,43232102
autotask,Autotask,0,43231602
autozone alldata,AutoZone ALLDATA,0,43232306
auxillium west hrnetsource,Auxillium West HRnetSource,0,43231505
avaaz innovations aphasiamate,Avaaz Innovations AphasiaMate,0,43232610
avaaz innovations computerized speech research environment csre,Avaaz Innovations Computerized Speech Research Environment CSRE,0,43232605
avaaz innovations interactive voice analysis system ivans,Avaaz Innovations Interactive Voice Analysis System IVANS,0,43232610
availability prediction modeling,Availability prediction modeling,0,43232605
available safe egress time aset,Available Safe Egress Time ASET,0,43232605
avalara avatax st,Avalara AvaTax ST,0,43231603
avaya identity engines,Avaya Identity Engines,0,43232901
avenista table reservations,Avenista Table Reservations,0,43232306
aveva group plant design management system pdms,Aveva Group Plant Design Management System PDMS,0,43232604
aveva intouch hmi,AVEVA InTouch HMI,0,43232608
avid digidesign pro tools,Avid Digidesign Pro Tools,0,43232005
avid media composer,Avid Media Composer,0,43232103
avid pro tools,Avid Pro Tools,0,43232005
avid technology audio visual editing,Avid Technology audio visual editing,0,43232103
avid technology inews,Avid Technology iNEWS,0,43232103
avid technology media composer,Avid Technology Media Composer,0,43232103
avid technology newscutter,Avid Technology NewsCutter,0,43232103
avid technology pinnacle studio,Avid Technology Pinnacle Studio,0,43232103
avid technology pro tools,Avid Technology Pro Tools,0,43232005
avid technology sibelius,Avid Technology Sibelius,0,43232005
avidian technologies prophet,Avidian Technologies Prophet,0,43232303
avionics system testing,Avionics system testing,0,43232605
avis fits viewer,Avis Fits Viewer,0,43232102
avl avl cruise,AVL AVL CRUISE,0,43232605
avreo radiology workflow solutions,Avreo Radiology Workflow Solutions,0,43232610
awk,AWK,0,43232402
aws elastic mapreduce (emr),AWS Elastic MapReduce (EMR),0,43232314
axentis compliance management,Axentis Compliance Management,0,43232606
axios systems assyst,Axios Systems assyst,0,43232202
axistive bigshot screen magnifier,Axistive BigShot Screen Magnifier,0,43233405
axonwave fraud and abuse management system,Axonwave Fraud and Abuse Management System,0,43231511
axure rp,Axure RP,0,43232107
axway esubmissions,Axway eSubmissions,0,43232202
axxya systems nutritionist pro,Axxya Systems Nutritionist Pro,0,43232605
aya associates comp-u-floor,Aya Associates Comp-U-Floor,0,43232306
azalea health azalea ehr,Azalea Health Azalea EHR,0,43232610
azemus fs,Azemus FS,0,43232005
aztec,Aztec,0,43232605
aztechsoft gps2cad,AzTechSoft GPS2CAD,0,43232604
azz cardfile,AZZ CardFile,0,43232306
b sharp technologies b care,B Sharp Technologies B Care,0,43232610
b&i computer consultants childcare sage,B&I Computer Consultants Childcare Sage,0,43231602
b&w port scanner,B&W Port Scanner,0,43232801
b-method,B-Method,0,43232402
babcock winx pro,Babcock Winx Pro,0,43232610
babylon online translator,Babylon Online Translator,0,43232501
backbone.js,Backbone.js,0,43232408
background checking,Background checking,0,43231505
backup and archival,Backup and archival,0,43233415
bae systems socet gxp,BAE Systems SOCET GXP,0,43233506
bae systems socet set,BAE Systems SOCET SET,0,43233506
balsamiq studios balsamiq mockups,Balsamiq Studios Balsamiq Mockups,0,43232102
bankers systems rembrandt lending system,Bankers Systems Rembrandt Lending System,0,43231604
barcode,Barcode,0,43231509
barcode labeling,Barcode labeling,0,43231510
barcode reader,Barcode reader,0,43231509
barcontrol enterprise manager ibem,BarControl Enterprise Manager iBEM,0,43231508
bare bones software bbedit,Bare Bones Software BBEdit,0,43232107|43232304
bargaining power,Bargaining Power,0,43231505
baron services fastrac,Baron Services FasTrac,0,43232605
baron volumetric imaging and processing of integrated radar vipir,Baron Volumetric Imaging and Processing of Integrated Radar VIPIR,0,43232605
barrington software cookenpro,Barrington Software CookenPro,0,43232306
barrington software cookenpro commercial,Barrington Software CookenPro Commercial,0,43232306
basecamp,Basecamp,0,43231507
bash,Bash,1,43233004
bashen eeofedsoft,Bashen EEOFedSoft,0,43232606
bashen eeosoft,Bashen EEOSoft,0,43232606
bashen linkline,Bashen LinkLine,0,43231505
basic local alignment search tool blast,Basic Local Alignment Search Tool BLAST,0,43232605
basic music composer,Basic Music Composer,0,43232005
basis bbx visualpro/5,Basis BBx VisualPRO/5,0,43232404
bccorp burkitt w5,BCCORP Burkitt W5,0,43232202
bccorp w5 for adjusters,BCCORP W5 for Adjusters,0,43232202
bcl landview systems wincrop,BCL Landview Systems WinCrop,0,43232306
bcs woodlands software the logger tracker,BCS Woodlands Software The Logger Tracker,0,43231601
bcs woodlands software woodlands tracker,BCS Woodlands Software Woodlands Tracker,0,43231602
bcs woodlands systems the logger tracker,BCS Woodlands Systems The Logger Tracker,0,43232306
bd biosciences cellquest,BD Biosciences CellQuest,0,43232605
bd biosciences clonecyt,BD Biosciences CloneCyt,0,43232605
bea tuxedo,BEA Tuxedo,0,43232313
beam analysis,Beam analysis,0,43232610
beamchek,BeamChek,0,43232605
beaver creek software the therapist,Beaver Creek Software The THERAPIST,0,43232610
bechtel software setroute,Bechtel Software SETROUTE,0,43232306
beck anxiety inventory,Beck Anxiety Inventory,0,43232610
beck depression inventory,Beck Depression Inventory,0,43232610
bed management suite,Bed Management Suite,0,43231506
beeline learning management system lms,Beeline Learning Management System LMS,0,43232502
beginner's all-purpose symbolic instruction code basic,Beginner's all-purpose symbolic instruction code BASIC,0,43232402
behaveplus,BehavePlus,0,43232605
behavioral assessment and research system bars,Behavioral Assessment and Research System BARS,0,43232610
beige bag software b2 spice,Beige Bag Software B2 Spice,0,43232605
bella fsm auto detailing service,Bella FSM Auto Detailing Service,0,43232306
belmar & associates mortware,Belmar & Associates Mortware,0,43232306
bemas paydirect,BEMAS PayDirect,0,43231505
ben meadows yeoman expedition,Ben Meadows Yeoman Expedition,0,43233506
benaissance cobrapoint,Benaissance COBRApoint,0,43231505
benassist,BenAssist,0,43231505
benchmark systems benchmark clinical ehr,Benchmark Systems Benchmark Clinical EHR,0,43232610
benefit plan systems corporation the plan administrator,Benefit Plan Systems Corporation The Plan Administrator,0,43231505
benefit software fringe facts,Benefit Software Fringe Facts,0,43231505
benefitfocus hr in touch,BenefitFocus HR in Touch,0,43231505
benefits technology group saleslogix,Benefits Technology Group SalesLogix,0,43232303
benelink connect,BeneLink Connect,0,43231505
benelogic,Benelogic,0,43231505
benetech pra,Benetech PRA,0,43232610
benexl technologies pension administration system,BeneXL Technologies Pension Administration System,0,43231505
benfield remetrica,Benfield ReMetrica,0,43232605
bentley autoplant,Bentley AutoPLANT,0,43232604
bentley geopak bridge,Bentley GeoPak Bridge,0,43232102
bentley geopak civil engineering suite,Bentley GEOPAK Civil Engineering Suite,0,43232604
bentley haestad methods civilstorm,Bentley Haestad Methods CivilStorm,0,43232604
bentley i/ras b,Bentley I/RAS B,0,43232604
bentley inroads suite,Bentley InRoads Suite,0,43232604
bentley microstation,Bentley MicroStation,1,43232604
bentley navigator,Bentley Navigator,0,43232604
bentley plantspace supportmodeler,Bentley PlantSpace SupportModeler,0,43232604
bentley sewercad,Bentley SewerCAD,0,43232604
bentley staad,Bentley STAAD,0,43232604
bentley stormcad,Bentley StormCAD,0,43232605
bentley systems autopipe,Bentley Systems AutoPIPE,0,43232605
bentley systems gint,Bentley Systems gINT,0,43232605
bentley systems inroads suite,Bentley Systems InRoads Suite,0,43233506
bentley systems projectwise,Bentley Systems ProjectWise,0,43231507
bentley transportation data manager,Bentley Transportation Data Manager,0,43232306
bentley watercad,Bentley WaterCAD,0,43232604
berkeley algorithm for breaking window glass in a compartment fire break1,Berkeley Algorithm for Breaking Window Glass in a Compartment Fire BREAK1,0,43232605
berkeley internet domain name bind,Berkeley Internet Domain Name BIND,0,43232704
berkshire associates balanceaap,Berkshire Associates BALANCEaap,0,43231505
bermuda nuclear transport computer codes,BERMUDA nuclear transport computer codes,0,43232605
besa eegfocus,BESA EEGFocus,0,43232610
best case solutions best case bankruptcy,Best Case Solutions Best Case Bankruptcy,0,43232202
best linear unbiased prediction blup,Best Linear Unbiased Prediction BLUP,0,43232605
best mip fund accounting,Best MIP Fund Accounting,0,43231601
best software cpapayroll,Best Software CPAPayroll,0,43232306
bi3 audit intelligence,Bi3 Audit Intelligence,0,43232606
bi3 financial statement fraud analysis,Bi3 Financial Statement Fraud Analysis,0,43231604
bibase 4pos retail,Bibase 4POS Retail,0,43232611
bid assistant,Bid Assistant,0,43232108
biddle adverse impact toolkit,Biddle Adverse Impact Toolkit,0,43231505
biddle autoaap,Biddle AutoAAP,0,43231505
bidirectional encoder representations from transformers (bert),Bidirectional encoder representations from transformers (BERT),0,43232605
bidmaster,BidMaster,0,43231507
bigloo scheme,Bigloo Scheme,0,43232402
bigquery,BigQuery,0,43232306
bilko,Bilko,0,43232605
bill of lading,Bill of lading,0,43231506
bill of materials,Bill of materials,0,43231506
bill review,Bill review,0,43231607
billing,Billing,0,43231607
billing and reimbursement,Billing and reimbursement,0,43231607
bills of lading,Bills of lading,0,43231506
bing,Bing,0,43232306
bing ads,Bing Ads,0,43231514
bing for power bi,Bing for Power BI,0,43232307
bio-key firerms,BIO-key FireRMS,0,43232306
bio-logic systems hint pro,Bio-logic Systems HINT Pro,0,43232610
bioarray software environment base,BioArray Software Environment BASE,0,43232605
bioconductor,Bioconductor,0,43232306|43232605
biodegration flow and transport modeling,Biodegration flow and transport modeling,0,43232605
biodex medical systems biodex concussion manager,Biodex Medical Systems Biodex Concussion Manager,0,43232610
biodiscovery imagene,BioDiscovery ImaGene,0,43232605
bioex systems exercise expert,BioEx Systems Exercise Expert,0,43232306
bioex systems exercise pro,BioEx Systems Exercise Pro,0,43232610
bioex systems fitness maker,BioEx Systems Fitness Maker,0,43231507
bioex systems nutrition maker plus,BioEx Systems Nutrition Maker Plus,0,43232610
biofeedback,Biofeedback,0,43232610
bioinformatics databases,Bioinformatics databases,0,43232306
biokin plateki,BioKin PlateKi,0,43232605
biomatters geneious,Biomatters Geneious,0,43232605
biomechanical imaging,Biomechanical imaging,0,43232605
biomechanical injury risk analysis,Biomechanical injury risk analysis,0,43232605
biomechanical modeling,Biomechanical modeling,0,43232605
biomedical imaging resource analyze,Biomedical Imaging Resource Analyze,0,43232610
biometric reader,Biometric reader,0,43232901
biometric storage system bss,Biometric Storage System BSS,0,43232306
biometrics video game,Biometrics video game,0,43232001
bioperl,BioPerl,0,43232605
bioreactor design,Bioreactor Design,0,43232604
biostatistical,Biostatistical,0,43232605
bit corp promacs plc,BIT Corp ProMACS PLC,0,43232608
bit debris solutions usability activity log,Bit Debris Solutions Usability Activity Log,0,43232605
bite analysis,Bite analysis,0,43232605
bitwizard b.v. mtr,BitWizard B.V. mtr,0,43232801
bizbench,BizBench,0,43231604
bizlink salon manager,Bizlink Salon Manager,0,43232306
bizmatics prognocis emr,Bizmatics PrognoCIS EMR,0,43232610
bizpricer,BizPricer,0,43231604
biztrak business solutions biztrak,Biztrak Business Solutions Biztrak,0,43231602
blackbaud crm,Blackbaud CRM,0,43232303
blackbaud etapestry,Blackbaud eTapestry,0,43232303
blackbaud luminate crm,Blackbaud Luminate CRM,0,43232303
blackbaud the education edge,Blackbaud The Education Edge,0,43231602
blackbaud the financial edge,Blackbaud The Financial Edge,0,43231601
blackbaud the raiser's edge,Blackbaud The Raiser's Edge,0,43232303
blackberry enterprise server,BlackBerry Enterprise Server,0,43233004
blackboard,Blackboard,0,43232306|43232502
blackboard collaborate,Blackboard Collaborate,0,43232502
blackboard learn,Blackboard Learn,0,43232502
blackboard learning system,Blackboard Learning System,0,43232502
blackboard wimba,Blackboard Wimba,0,43232106
blackdog,Blackdog,0,43231505
blackdog recruiting,BlackDog Recruiting,0,43231505
blackhawk canyon publishers practicianworks,BlackHawk Canyon Publishers PracticianWorks,0,43232610
blast output browser bob,Blast Output Browser BOB,0,43232605
blaster's tool and supply company blaster's calculator,Blaster's Tool and Supply Company Blaster's Calculator,0,43232605
blat,BLAT,0,43232605
blatant media absorb lms,Blatant Media Absorb LMS,0,43232502
blender,Blender,0,43232102
blink,Blink,0,43233504
blinkbid,Blinkbid,0,43231601
block diagram,Block diagram,0,43232101
blogger,Blogger,0,43232107
blogging,Blogging,0,43232107
blood bank computer systems blood bank control system,Blood Bank Computer Systems Blood Bank Control System,0,43232610
blood bank information systems,Blood bank information systems,0,43232610
bloomberg professional,Bloomberg Professional,0,43231604
bloomz,Bloomz,0,43232702
bls software invoice!,BLS Software Invoice!,0,43231607
blue chip computer consultants humanet,Blue Chip Computer Consultants HumaNET,0,43231505
blue ridge numerics cfdesign,Blue Ridge Numerics CFDesign,0,43232605
blue streak electronics buell diagnostic,Blue Streak Electronics Buell Diagnostic,0,43232605
blue tractor software dnadynamo,Blue Tractor Software DNADynamo,0,43232605
blueberry harbor software clinical record keeper,Blueberry Harbor Software Clinical Record Keeper,0,43232610
blueprint display,Blueprint display,0,43232102
bluewater management systems bmcase,Bluewater Management Systems BMCASE,0,43232610
blumbeg drafting libraries,Blumbeg Drafting Libraries,0,43232112
blumenthal software pbsw24,Blumenthal Software PBSW24,0,43231605
bmc software change manager,BMC Software Change Manager,0,43232304
bmc software control-m,BMC Software Control-M,0,43232403
bmc software recovery manager rman,BMC Software Recovery Manager RMAN,0,43233415
bmc software remedy it service management suite,BMC Software Remedy IT Service Management Suite,0,43231501
bmh open4 payroll,BMH Open4 Payroll,0,43231605
bmobile technology route manager,bMobile Technology Route Manager,0,43231507
bmobile technology sales,bMobile Technology Sales,0,43231507
bna corporate tax audit analyzer,BNA Corporate Tax Audit Analyzer,0,43231604
bna estate and gift tax suite,BNA Estate and Gift Tax Suite,0,43231603
bna income tax planning solutions,BNA Income Tax Planning Solutions,0,43231603
bna sales and use tax rates and forms,BNA Sales and Use Tax Rates and Forms,0,43231603
bobcad-cam,BobCAD-CAM,0,43232612
boeing kork digital mapping,Boeing Kork Digital Mapping,0,43232605
boeing softplotter,Boeing SoftPlotter,0,43232605
bohemian coding drawit,Bohemian Coding DrawIt,0,43232102
bond international adapt staffing,Bond International Adapt Staffing,0,43231505
bond international software bond staffsuite,Bond International Software Bond StaffSuite,0,43231505
bonddesk group trader workstation,BondDesk Group Trader WorkStation,0,43231604
booker software spabooker,Booker Software SpaBooker,0,43232306
bookfresh,BookFresh,0,43232108
bookitlive,Bookitlive,0,43232306
bookkeeping,Bookkeeping,0,43231601
bootstrap,Bootstrap,1,43232408
border gateway protocol bgp,Border Gateway Protocol BGP,1,43232908
boris fx continuum complete,Boris FX Continuum Complete,0,43232103
borland paradox,Borland Paradox,0,43232405
borland silktest,Borland SilkTest,0,43232406
borland visibroker,Borland VisiBroker,0,43232402
bornemann associates flight plan,Bornemann Associates Flight Plan,0,43232601
bosch punch list,Bosch Punch List,0,43231507
boss didger,BOSS Didger,0,43233402
boss international visual groundwater,BOSS International Visual Groundwater,0,43232604
boston bar systems corporation sonnet,Boston Bar Systems Corporation Sonnet,0,43232104
bostonpost technology property manager,Bostonpost Technology Property Manager,0,43232306
bottom line loanmaster loan servicing,Bottom Line LoanMaster Loan Servicing,0,43231601
bottomline technologies bottomline sprinter purchasing manager,Bottomline Technologies Bottomline Sprinter Purchasing Manager,0,43231503
boundary scan description language bsdl,Boundary scan description language BSDL,0,43232402
boundary scan insertion,Boundary scan insertion,0,43232605
boundary survey,Boundary survey,0,43233506
bourne shell,Bourne Shell,0,43233004
bourque data systems yardmaster,Bourque Data Systems YardMaster,0,43231506
bowen & groves m1 erp,Bowen & Groves M1 ERP,0,43231602
bowne jfs litigator's notebook,Bowne JFS Litigator's Notebook,0,43232301
bowtie,Bowtie,0,43232605
boxshade,BoxShade,0,43232605
bpm_cad,BPM_CAD,0,43232605
bps compliance,BPS Compliance,0,43232606
bqe software archioffice,BQE Software ArchiOffice,0,43231513
bqe software billquick,BQE Software BillQuick,0,43231607
bradford clickforms,Bradford ClickFORMS,0,43232102
brady lockout pro,Brady Lockout Pro,0,43232306
brady specimen labeling system,Brady Specimen Labeling System,0,43231510
brainmetric the category test,BrainMetric The Category Test,0,43232610
brainshark rapid learning,Brainshark Rapid Learning,0,43232502
braintrain captain's log,BrainTrain Captain's Log,0,43232610
braintrain iva+plus,BrainTrain IVA+Plus,0,43232502
braintrain smartdriver,BrainTrain SmartDriver,0,43232001
brainworks,Brainworks,0,43231602
bramerhill claimstech,Bramerhill ClaimsTech,0,43232202
brb software horizonmis,BRB Software HorizonMIS,0,43232610
brcapro,BRCAPRO,0,43232610
breast cancer risk assessment tool,Breast Cancer Risk Assessment Tool,0,43232610
breault research asap,Breault Research ASAP,0,43232604
breedtrak,Breedtrak,0,43232306
brentmark estate planning quickview,Brentmark Estate Planning Quickview,0,43231604
brentmark stock option risk analyzer,Brentmark Stock Option Risk Analyzer,0,43231604
brickell research brickell medical office,Brickell Research Brickell Medical Office,0,43232610
bridge design,Bridge design,0,43232604
bridgeway ecounsel,Bridgeway eCounsel,0,43232306
bridium claims 3,Bridium Claims 3,0,43232202
brief psychiatric rating scale bprs nursing modification,Brief Psychiatric Rating Scale BPRS Nursing Modification,0,43232610
brightcove,Brightcove,0,43232107
brightedge,BrightEdge,0,43232314
brightmove applicant tracking system,BrightMove Applicant Tracking System,0,43231505
brightwork alyce claims systems,Brightwork Alyce Claims Systems,0,43232202
brightwork pmpoint,BrightWork pmPoint,0,43231507
brihzon solutions smart dairy resource planning,Brihzon Solutions SMART Dairy Resource Planning,0,43231602
brioquery,BrioQuery,0,43232306
broadcast electronics audiovault flex,Broadcast Electronics AudioVAULT FleX,0,43232005
broadsoft broadworks,BroadSoft BroadWorks,0,43232702
broadvision,BroadVision,0,43232408
brokerage,Brokerage,0,43231503
bruker axs eva,Bruker AXS EVA,0,43232605
bruker axs leptos,Bruker AXS LEPTOS,0,43232605
bruker axs topas,Bruker AXS TOPAS,0,43232605
bruker biospin topspin,Bruker BioSpin TopSpin,0,43232605
bruker optics opus,Bruker Optics OPUS,0,43232605
bruno realty eneighboorhoods,Bruno Realty eNeighboorhoods,0,43232306
bsi compliancefactory,BSI ComplianceFactory,0,43232606
bsvc,BSVC,0,43232605
btb software mycobacteriology lab,BtB Software Mycobacteriology Lab,0,43232605
budget monitoring systems,Budget monitoring systems,0,43231604
budgeting,Budgeting,0,43231601
"budgeting, forecasting, and planning","Budgeting, forecasting, and planning",0,43231602
bugzilla,Bugzilla,0,43232406
building automation,Building automation,0,43232608
building management system,Building management system,0,43232603
building research establishment bre jasmine,Building Research Establishment BRE Jasmine,0,43232605
built-in self-test bist debugging,Built-in self-test BIST debugging,0,43232605
bullhorn applicant tracking system,Bullhorn Applicant Tracking System,0,43231505
bungalow software aphasia tutor,Bungalow Software Aphasia Tutor,0,43232610
bunkspeed hyperdrive,Bunkspeed HyperDrive,0,43232102
bunkspeed hypermove,Bunkspeed HyperMove,0,43232102
burli software burli newsroom system,Burli Software Burli Newsroom System,0,43232104
burrows-wheeler aligner bwa,Burrows-Wheeler Aligner BWA,0,43232605
business accounting,Business accounting,0,43231601
business analysis,Business analysis,0,43232605
business continuity,Business continuity,0,43231602
business forecast systems forecast pro,Business Forecast Systems Forecast Pro,0,43231604
business intelligence,Business intelligence,0,43232314
business intelligence system,Business intelligence system,0,43232314
business management,Business management,0,43232306
business management systems municipal geographic management system mgms,Business Management Systems Municipal Geographic Management System MGMS,0,43232306
business objects data integrator,Business Objects Data Integrator,0,43232402
business performance management bpm,Business performance management BPM,0,43231602
business process management bpm,Business process management BPM,0,43231602
business software applications,Business software applications,0,43231513
bwa,BWA,0,43232605
bwise compliance management,BWise Compliance Management,0,43232606
byrne software technologies visual hcs,Byrne Software Technologies Visual HCS,0,43231505
bytescribe development company wavplayer,Bytescribe Development Company WavPlayer,0,43232104
c,C,1,43232402
c for graphics cg,C for Graphics cg,0,43232402
c shell,C shell,0,43233004
c#,C#,1,43232405
c++,C++,1,43232405
c-design fashion,C-DESIGN Fashion,0,43232604
ca clarity ppm,CA Clarity PPM,0,43231602
ca easytrieve report generator,CA Easytrieve Report Generator,0,43232613
ca etrust,CA eTrust,0,43233205
ca idms,CA IDMS,0,43232304
ca siteminder,CA SiteMinder,0,43233203
ca technologies ca clarity ppm for it governance,CA Technologies CA Clarity PPM for IT Governance,0,43231507
ca technologies erwin data modeler,CA Technologies ERWin Data Modeler,0,43232310
cabinet ng cng-safe,Cabinet NG CNG-SAFE,0,43232202
cablesoft livewire trader,CableSoft LiveWire Trader,0,43231604
cad zone insurance,CAD Zone Insurance,0,43232604
cadafis,CADAFIS,0,43232306
cadcorp desktop gis,Cadcorp desktop GIS,0,43232510
cadem capsmill,Cadem CAPSMill,0,43232612
cadem capsturn,Cadem CAPSTurn,0,43232612
cadem ncnet,Cadem NCnet,0,43232612
cadem seenc mill,Cadem seeNC Mill,0,43232612
cadence allegro design entry capture and capture cis,Cadence Allegro Design Entry Capture and Capture CIS,0,43232604
cadence allegro pcb designer,Cadence Allegro PCB Designer,0,43232604
cadence concept,Cadence Concept,0,43232604
cadence dracula,Cadence Dracula,0,43232605
cadence encounter rtl compiler,Cadence Encounter RTL Compiler,0,43232409
cadence encounter test,Cadence Encounter Test,0,43232604
cadence incisive enterprise simulator,Cadence Incisive Enterprise Simulator,0,43232605
cadence incisive enterprise specman elite testbench,Cadence Incisive Enterprise Specman Elite Testbench,0,43232605
cadence opus,Cadence Opus,0,43232402
cadence orcad,Cadence OrCAD,0,43232604
cadence orcad pspice,Cadence OrCAD PSpice,0,43232605
cadence pspice,Cadence PSpice,0,43232605
cadence schematic composer,Cadence Schematic Composer,0,43232604
cadence solutions extendedreach,Cadence Solutions extendedReach,0,43232610
cadence virtuoso layout suite,Cadence Virtuoso Layout Suite,0,43232604
cadence virtuoso spectre circuit simulator,Cadence Virtuoso Spectre Circuit Simulator,0,43232605
cadre analytic,CADRE Analytic,0,43232605
cadre technologies accuplus integrated distribution logistics system,Cadre Technologies Accuplus Integrated Distribution Logistics System,0,43231506
cadre technologies cadence transportation management system,Cadre Technologies Cadence Transportation Management System,0,43231506
cadre technologies cadence warehouse management system,Cadre Technologies Cadence Warehouse Management System,0,43231506
cadsoft design/build,Cadsoft Design/Build,0,43232604
cadwell laboratories easy,Cadwell Laboratories Easy,0,43232610
cafe cartel systems,Cafe Cartel Systems,0,43232611
cai software seasoft,CAI Software Seasoft,0,43231601
cakewalk sonar,Cakewalk SONAR,0,43232005
calculating optimum maintenance parameters compare,Calculating optimum maintenance parameters COMPARE,0,43232605
calendar,Calendar,0,43232108
calendar and scheduling,Calendar and scheduling,0,43232108
calendar management,Calendar management,0,43232108
caliban mindwear hypergasp,Caliban Mindwear HyperGASP,0,43232106
calibration,Calibration,0,43232605
california infinite lps,California Infinite LPS,0,43231604
california verbal learning test,California Verbal Learning Test,0,43232610
caligari corporation truespace,Caligari Corporation trueSpace,0,43232102
caliper maptitude,Caliper Maptitude,0,43232510
caliper transcad,Caliper TransCAD,0,43232604
call accounting,Call accounting,0,43231501
call center,Call center,0,43231501
call tracking,Call tracking,0,43231501
call-processing language cpl,Call-processing language CPL,0,43232402
callidus truecomp,Callidus TrueComp,0,43231505
calypso technology calypso asset management,Calypso Technology Calypso Asset Management,0,43231604
calyx point,Calyx Point,0,43231604
cam commerce solutions retail star point of sale pos,CAM Commerce Solutions Retail STAR Point of Sale POS,0,43232611
cama software quality collaboration by design qcbd,CAMA Software Quality Collaboration By Design QCBD,0,43232608
cambridgesoft chemoffice ultra,CambridgeSoft ChemOffice Ultra,0,43232306
camera bits photo mechanic,Camera Bits Photo Mechanic,0,43232102
camfit data limited microfit,Camfit Data Limited Microfit,0,43232605
cammack computations inter-est,Cammack Computations Inter-Est,0,43231604
camp software art licensing manager,Camp Software Art Licensing Manager,0,43232306
campaign monitor,Campaign Monitor,0,43232112
camstar manufacturing execution system mes,Camstar Manufacturing Execution System MES,0,43232608
camstar systems camstar semiconductor suite,Camstar Systems Camstar Semiconductor Suite,0,43232608
cancergene,CancerGene,0,43232610
candidate screening,Candidate screening,0,43231505
candidate tracking,Candidate tracking,0,43231505
canonical launchpad,Canonical Launchpad,0,43232306
canorus,Canorus,0,43232005
cantovation sing & see,Cantovation Sing & See,0,43232502
canu,Canu,0,43232402|43232605
canva,Canva,1,43232102
canyon solutions jcats,Canyon Solutions Jcats,0,43231507
cap automation sellwise,CAP Automation SellWise,0,43232611
cap88-pc,CAP88-PC,0,43232605
capacity planning,Capacity planning,0,43232407
cape systems cape pack,CAPE Systems CAPE PACK,0,43231506
cape systems truckfill,CAPE Systems TRUCKFILL,0,43231506
capital codeworks menumax,Capital Codeworks MenuMax,0,43231602
capsher technology suretec,CAPSHER Technology SureTec,0,43232608
capsys capture,CAPSYS Capture,0,43232605
captaris alchemy,Captaris Alchemy,0,43232202
capterra enterprise resource planning,Capterra Enterprise Resource Planning,0,43231602
captiva inputaccel,Captiva InputAccel,0,43232202
card key management,Card key management,0,43232901
care paths erecord,Care Paths eRecord,0,43232610
carecentric mestamed,CareCentric MestaMed,0,43232610
carecloud central,CareCloud Central,0,43232610
career cruising,Career Cruising,0,43232306
career decision-making programs,Career decision-making programs,0,43232306
career dimensions focus 2,Career Dimensions Focus 2,0,43232605
career management systems cms,Career management systems CMS,0,43232306
career zone,Career Zone,0,43232306
careerbuilder.com,Careerbuilder.com,0,43231505
careone careensure,CareOne CareEnsure,0,43232303
cargo tracking system,Cargo tracking system,0,43231508
cargowise edienterprise,CargoWise ediEnterprise,0,43231506
caris hips,CARIS HIPS,0,43232605
caris sips,CARIS SIPS,0,43232605
carlson civil suite,Carlson Civil Suite,0,43232604
carlson simplicity sight survey,Carlson Simplicity Sight Survey,0,43232605
carlson survcadd,Carlson SurvCADD,0,43232604
carlson survce,Carlson SurvCE,0,43232605
carlson survey,Carlson Survey,0,43233506
carpet dealer management system cdms,Carpet Dealer Management System CDMS,0,43232306
carrier hourly analysis program hap,Carrier Hourly Analysis Program HAP,0,43232605
carrier-mediated transport,Carrier-mediated transport,0,43232605
cartesis es magnitude,Cartesis ES Magnitude,0,43231602
cartesis magnitude ianalysis,Cartesis Magnitude iAnalysis,0,43231604
cartography,Cartography,0,43233506
casamba smart,Casamba Smart,0,43232610
cascading style sheets css,Cascading style sheets CSS,1,43232408
case analysis,Case analysis,0,43232605
case management,Case management,0,43231507|43232610
case management system,Case management system,0,43232306
casebank spotlight,CaseBank SpotLight,0,43232605
casemanagement.com e-reports,CaseManagement.com E-Reports,0,43232610
casesoft depprep,CaseSoft DepPrep,0,43232202
casesoft textmap,CaseSoft TextMap,0,43232202
casesoft timemap,CaseSoft TimeMap,0,43232101
caseware international idea,CaseWare International IDEA,0,43231604
caseware international idea smartanalyzer,CaseWare International IDEA SmartAnalyzer,0,43231604
caseware working papers,CaseWare Working Papers,0,43231604
cash flow,Cash flow,0,43231604
cashflow guardian,CashFlow Guardian,0,43231604
cast sql builder,CAST SQL Builder,0,43232304
castek insure3 claims,Castek Insure3 Claims,0,43232202
catalog navigation,Catalog navigation,0,43232304
cataloging,Cataloging,0,43232609
catalyst international catalystconnect,Catalyst International CatalystConnect,0,43231506
catalyst repository systems catalystcr,Catalyst Repository Systems CatalystCR,0,43232202
catalyst repository systems catalystdr,Catalyst Repository Systems CatalystDR,0,43233501
catalyst repository systems catalystxe,Catalyst Repository Systems CatalystXE,0,43233501
catapult software ipower scada,Catapult Software iPower SCADA,0,43232608
catchlog trading catchlog,Catchlog Trading Catchlog,0,43232306
catchtheweb,CatchTheWeb,0,43232306
category fluency test,Category Fluency Test,0,43232610
caterpillar cat minestar system,Caterpillar Cat MineStar System,0,43231602
caterpillar command,Caterpillar Command,0,43232608
caterpro,CaterPro,0,43232306
catnyp,CATNYP,0,43232609
cattlesoft cattlemax,Cattlesoft CattleMax,0,43232306
cattleworks,CattleWorks,0,43231602
cave5d,Cave5D,0,43232605
cazm,CAzM,0,43232605
cbord foodservice suite,CBORD Foodservice Suite,0,43232306
cbord group menu management system,CBORD Group Menu Management System,0,43231508
cbord netrecipe,CBORD NetRecipe,0,43232306
cbord nutrition service suite,CBORD Nutrition Service Suite,0,43232306
cbs prolog manager,CBS ProLog Manager,0,43231507
ccbill,CCBill,0,43232611
ccc eznet electronic communications network,CCC EZNet electronic communications network,0,43232901
ccc guidepost decision support,CCC GuidePost Decision Support,0,43231511
ccc pathways appraisal quality solution,CCC Pathways Appraisal Quality Solution,0,43231602
ccc pathways image management solution,CCC Pathways Image Management Solution,0,43232202
ccc tl2000 solution,CCC TL2000 Solution,0,43232202
cch prosystem fx tax,CCH ProSystem fx TAX,0,43231603
cci newsgate,CCI NewsGate,0,43232107
ccis accountability,CCIS AccountAbility,0,43231601
ccp4,CCP4,0,43232605
cd-adapco star-cad,CD-adapco STAR-CAD,0,43232604
cda international manifold system,CDA International Manifold System,0,43233506
cdc supply chain,CDC Supply Chain,0,43231506
cdi electronics m.e.d.s.,CDI Electronics M.E.D.S.,0,43232605
ce surveyor iii,CE SURVEYOR III,0,43232605
cebos mq1,CEBOS MQ1,0,43232608
cebos mq1 audit system,Cebos MQ1 Audit System,0,43231604
cedaron dexter evaluation & impairment rating,Cedaron Dexter Evaluation & Impairment Rating,0,43232605
cedas gateway,CEDAS Gateway,0,43231506
cedrus superlab pro,Cedrus SuperLab Pro,0,43232605
ceejs the pet groomer's secretary,CEEJS The Pet Groomer's Secretary,0,43232306
cegedim target software target sfa pharmaceutical suite,Cegedim Target Software Target SFA Pharmaceutical Suite,0,43232303
celeritive technologies volumill,Celeritive Technologies VoluMill,0,43232612
cell bioscience automated image capture,Cell Bioscience Automated Image Capture,0,43232605
celsys retas,Celsys RETAS,0,43232102
cengage learning sniffy the virtual rat,Cengage Learning Sniffy the Virtual Rat,0,43232502
cenon,Cenon,0,43232102
centaur systems centaur travel business management system tbms,Centaur Systems Centaur Travel Business Management System TBMS,0,43232303
center for computer-assisted legal instruction cali author,Center for Computer-Assisted Legal Instruction CALI Author,0,43232502
center for computer-assisted legal instruction cali classcaster,Center for Computer-Assisted Legal Instruction CALI Classcaster,0,43232107
center tracon automation systems ctas,Center TRACON automation systems CTAS,0,43231511
centers for disease control and prevention cdc wonder,Centers for Disease Control and Prevention CDC WONDER,0,43232306
centers for disease control and prevention epi info,Centers for Disease Control and Prevention Epi Info,0,43232605
central desktop,Central Desktop,0,43231507
centre for multilevel modeling mlwin,Centre for Multilevel Modeling MLwiN,0,43232605
centris group iep direct,Centris Group IEP Direct,0,43232306
centris group rtim direct,Centris Group RTIm Direct,0,43232306
cents,Cents,0,43232611
cerc emit,CERC EMIT,0,43232605
cerebro cerebromix,Cerebro CerebroMix,0,43232605
ceridian dayforce enterprise hcm,Ceridian Dayforce enterprise HCM,0,43231505
cern physics analysis workstation paw,CERN Physics Analysis Workstation PAW,0,43232605
cern root,CERN ROOT,0,43232605
cerner copathplus,Cerner CoPathPlus,0,43232610
cerner millennium,Cerner Millennium,0,43232610
cerner millennium pathnet,Cerner Millennium PathNet,0,43232610
cerner millennium pathnet blood bank transfusion,Cerner Millennium PathNet Blood Bank Transfusion,0,43232610
cerner millennium profit,Cerner Millennium ProFit,0,43231601
cerner powerchart,Cerner PowerChart,0,43232610
cerner powerworks practice management,Cerner PowerWorks Practice Management,0,43232610
cerner profile,Cerner ProFile,0,43232610
cesare risk,CESARE Risk,0,43232605
cfmc cosi,CfMC COSI,0,43232102
cfmc soundsurvent,CfMC SoundSurvent,0,43232703
cgg hampsonrussell,CGG HampsonRussell,0,43232605
cgi insideout,CGI INSideOUT,0,43232202
cgi-ams bureaulink enterprise,CGI-AMS BureauLink Enterprise,0,43232309
cgi-ams cacs enterprise,CGI-AMS CACS Enterprise,0,43231604
cgi-ams strata,CGI-AMS Strata,0,43231604
cgtech vericut cnc,CGTech Vericut CNC,0,43232612
chalkware education solutions ieppro,Chalkware Education Solutions IEPPro,0,43232306
chang bioscience toolkit,Chang Bioscience ToolKit,0,43232605
chaos enscape,Chaos Enscape,0,43232604
chaos group v-ray,Chaos Group V-Ray,0,43232103
character generator,Character generator,0,43232103
character studio,Character Studio,0,43232102
charles river development charles river investment management system,Charles River Development Charles River Investment Management System,0,43231604
charm++,Charm++,0,43232405
chart links,Chart Links,0,43232610
charting,Charting,0,43232105
chartware emr,ChartWare EMR,0,43232610
chase software solutions court reporting,Chase Software Solutions Court Reporting,0,43232306
chat,Chat,0,43233503
chatbot,Chatbot,0,43232608
check imaging,Check imaging,0,43232102
check point next generation secure web gateway,Check Point Next Generation Secure Web Gateway,0,43233205
check processing,Check processing,0,43232202
check sorting control,Check sorting control,0,43232608
cheetah international smartcat,Cheetah International SmartCAT,0,43232104
cheetah3d,Cheetah3D,0,43232102
chef,Chef,1,43232401
chefdesk chef's calculators,ChefDesk Chef's Calculators,0,43232605
chem2pac,Chem2Pac,0,43232605
chemical kinetics,Chemical kinetics,0,43232605
chemical management tracking,Chemical management tracking,0,43232306
chemicalogic steamtab,ChemicaLogic SteamTab,0,43232605
chemicals and irrigation candi,Chemicals and Irrigation CANDI,0,43232605
cheminnovation software chem 4-d,ChemInnovation Software Chem 4-D,0,43232604
chemistry at harvard molecular mechanics charmm,Chemistry at Harvard Molecular Mechanics CHARMm,0,43232605
chempute software chemdraw,Chempute Software ChemDraw,0,43232102
chempute software engineer's aide sinet,Chempute Software Engineer's Aide SINET,0,43232605
chempute software estpro,Chempute Software EstPro,0,43231604
chempute software hsc chemistry,Chempute Software HSC Chemistry,0,43232605
chempute software superpro designer,Chempute Software SuperPro Designer,0,43232605
chempute software visimix,Chempute Software VisiMix,0,43232605
chemstat,ChemStat,0,43232306|43232605
chemstations chemcad,Chemstations CHEMCAD,0,43232605
chemsw buffer maker,ChemSW Buffer Maker,0,43232306
chemsw calibration pro,ChemSW Calibration Pro,0,43232605
chemsw chemical inventory system cis,ChemSW Chemical Inventory System CIS,0,43231508
chemsw laboratory document control system ldcs,ChemSW Laboratory Document Control System LDCS,0,43232202
chemsw mass spec tools,ChemSW Mass Spec Tools,0,43232605
chemsw molecular modeling pro,ChemSW Molecular Modeling Pro,0,43232604
chemsw uncertainty pro,ChemSW Uncertainty Pro,0,43232605
chesapeake interlink needles,Chesapeake Interlink Needles,0,43232306
cheshire financial planning suite,Cheshire Financial Planning Suite,0,43231604
children's depression inventory,Children's Depression Inventory,0,43232610
children's educational,Children's educational,0,43232502
chilled water system analysis tool cwsat,Chilled Water System Analysis Tool CWSAT,0,43232605
chinotec technologies paros,Chinotec Technologies Paros,0,43233205
chip design,Chip design,0,43232604
chirosoft,ChiroSoft,0,43232610
chirotouch ehr,ChiroTouch EHR,0,43232610
choice job cost,Choice Job Cost,0,43231601
choice technologies powerbill +,Choice Technologies PowerBill +,0,43231607
chordwizard software soundtrix gold,ChordWizard Software Soundtrix Gold,0,43232005
chorel technology dance designer,Chorel Technology Dance Designer,0,43232102
choreography,Choreography,0,43232102
chrome river expense,Chrome River Expense,0,43231601
chyron camio,Chyron CAMIO,0,43232102
cimatron cimatrone,Cimatron CimatronE,0,43232612
cimatron cimatrone master,Cimatron CimatronE Master,0,43232604
cimatron computer-aided design and manufacturing,Cimatron computer-aided design and manufacturing,0,43232612
circle systems stat/transfer,Circle Systems Stat/Transfer,0,43232605
circuit evaluation,Circuit evaluation,0,43232605
circuit simulation,Circuit simulation,0,43232605
cirrus group daycare works,Cirrus Group Daycare Works,0,43231602
cisco anyconnect,Cisco AnyConnect,0,43232901
cisco ios,Cisco IOS,0,43233004
cisco software acs animal control system,CISCO Software ACS Animal Control System,0,43232306
cisco systems cisco netflow collection engine,Cisco Systems Cisco NetFlow Collection Engine,0,43232801
cisco systems cisco traffic analyzer,Cisco Systems Cisco Traffic Analyzer,0,43232801
cisco systems cisco web cache communication protocol wccp,Cisco Systems Cisco Web Cache Communication Protocol WCCP,0,43232908
cisco systems ciscoworks,Cisco Systems CiscoWorks,0,43232804
cisco systems ciscoworks lan management solution,Cisco Systems CiscoWorks LAN Management Solution,0,43232804
cisco systems gateway load balancing protocol glbp,Cisco Systems Gateway Load Balancing Protocol GLBP,0,43232908
cisco systems hot standby router protocol hsrp,Cisco Systems Hot Standby Router Protocol HSRP,0,43232908
cisco systems vpn client,Cisco Systems VPN Client,0,43233203
cisco systems wan manager,Cisco Systems WAN Manager,0,43232917
cisco systems wireless control system wcs,Cisco Systems Wireless Control System WCS,0,43232804
cisco webex,Cisco Webex,1,43233502
cision cisionpoint,Cision CisionPoint,0,43232306
citect iim,Citect IIM,0,43232608
citectscada reports,CitectSCADA Reports,0,43232608
citi the yield book calculator,Citi The Yield Book Calculator,0,43231604
citilabs cube,Citilabs Cube,0,43232605
citilabs tranplan,Citilabs TRANPLAN,0,43232605
citrix cloud computing,Citrix cloud computing,0,43232901
citrix xenapp,Citrix XenApp,0,43232701
claim processing system,Claim processing system,0,43232306
claims processing administration and management,Claims processing administration and management,0,43232306
clarified networks clarified analyzer,Clarified Networks Clarified Analyzer,0,43232801
claritas consumerpoint,Claritas ConsumerPoint,0,43232303
claritas prizm ne,Claritas PRIZM NE,0,43232605
clarity systems ibm clarity,Clarity Systems IBM Clarity,0,43231602
clarizen,Clarizen,0,43231507
clark labs cartalinx,Clark Labs CartaLinx,0,43233506
clark labs idrisi,Clark Labs IDRISI,0,43233506
clark labs idrisi andes,Clark Labs IDRISI Andes,0,43233506
clark labs idrisi selva,Clark Labs IDRISI Selva,0,43232605
classapps selectsurveyasp,ClassApps SelectSurveyASP,0,43231507
classdojo,ClassDojo,0,43232702
classification web,Classification Web,0,43232309
classtag,ClassTag,0,43232702
clayton wallis compgeo online professional forecast library,Clayton Wallis CompGeo Online Professional Forecast Library,0,43232306
clear books,Clear Books,0,43231601
clear technology tranzax,Clear Technology Tranzax,0,43232202
clearedge,ClearEDGE,0,43232306
cleartrial,ClearTrial,0,43232306
click musicalkeys,Click MusicalKEYS,0,43232005
click1003 online mortgage application,Click1003 Online Mortgage Application,0,43231604
client assessment,Client assessment,0,43232605
client billing,Client billing,0,43231607
client caseload management,Client caseload management,0,43232610
client databases,Client databases,0,43232306
client information database,Client information database,0,43232610
client information database systems,Client information database systems,0,43232610
client information databases,Client information databases,0,43232306
client profiles case management,Client Profiles Case Management,0,43232306
client records,Client records,0,43232610
client system,Client System,0,43232610
clientrak!,ClienTrak!,0,43232306
climatemaster geodesigner,ClimateMaster GeoDesigner,0,43232605
clinical data management system cdms,Clinical data management system CDMS,0,43232306
clinical information systems cislab cps,Clinical Information Systems CISLab CPS,0,43232610
clinical software solutions clin1 suite,Clinical Software Solutions CLIN1 Suite,0,43232610
clinical trial management,Clinical trial management,0,43232306
clinical trials database,Clinical trials database,0,43232306
clinicient insight,Clinicient Insight,0,43232610
clinitrend,CliniTrend,0,43232605
clinivate clinitrak,Clinivate Clinitrak,0,43232610
clinlab lis,ClinLab LIS,0,43232610
clipper,Clipper,0,43232402
clo virtual fashion marvelous designer,CLO Virtual Fashion Marvelous Designer,0,43232604
clockware,Clockware,0,43231505
cloudcompare,CloudCompare,0,43232605
cloudera impala,Cloudera Impala,0,43232306
cloudworks,CloudWorks,0,43232701
clover technology galena,Clover Technology GALENA,0,43232605
cloveretl,CloverETL,0,43232402
clubsoft food & beverage point of sale,ClubSoft Food & Beverage Point of Sale,0,43232611
cluen encore,Cluen Encore,0,43231505
cluen executive recruitment,Cluen executive recruitment,0,43231505
clustalw,ClustalW,0,43232605
cluster server,Cluster server,0,43232302
clustering,Clustering,0,43232302
clustermatic,Clustermatic,0,43232302
cma stuffers,CMA Stuffers,0,43231511
cmake,CMake,0,43232402
cmo compliance regulatory compliance solution,CMO Compliance Regulatory Compliance Solution,0,43232606
cms consultants worldlink,CMS Consultants WorldLink,0,43231506
cmsn fieldpak,CMSN FieldPAK,0,43232306
cmt cogocad,CMT CogoCAD,0,43232605
cmt incorporated cogocad,CMT Incorporated CogoCAD,0,43232604
cnc consulting machinists' calculator,CNC Consulting Machinists' Calculator,0,43232605
cnc mastercam,CNC Mastercam,0,43232612
cnc software mastercam,CNC Software Mastercam,0,43232612
coade cadworx p&id,COADE CADWorx P&ID,0,43232604
coade caesar ii,COADE CAESAR II,0,43232605
coatssql,COATSsql,0,43231505
cobblestone systems contract insight,Cobblestone Systems Contract Insight,0,43232306
cobent learning and compliance suite lcs,Cobent Learning and Compliance Suite LCS,0,43232502
coda engine analysis system,CODA Engine Analysis System,0,43232605
code database,Code database,0,43232306
code generator,Code generator,0,43232409
code hosting,Code hosting,0,43232701
code libraries,Code libraries,0,43232402
code line art files,Code Line Art Files,0,43232202
code munger,Code munger,0,43232402
code profilers,Code profilers,0,43232406
codedcolor,CodedColor,0,43232102
codefutures dbshards,CodeFutures dbShards,0,43232304
codejam memoriesontv,CodeJam MemoriesOnTV,0,43232103
codesys,CODESYS,0,43232608
coding database,Coding database,0,43232309
codon usage database,Codon Usage Database,0,43232605
coeus,Coeus,0,43231507
coffeecup the html editor,CoffeeCup The HTML Editor,0,43232107
coglin mill rodin,Coglin Mill RODIN,0,43232310
cognisyst computerized assessment of response bias carb,CogniSyst Computerized Assessment of Response Bias CARB,0,43232610
coin educational products climb k-5 online,Coin Educational Products Climb K-5 Online,0,43232306
coin educational products coin jr.,Coin Educational Products Coin Jr.,0,43232306
colasoft capsa enterprise,Colasoft Capsa Enterprise,0,43232801
colasoft capsa free,Colasoft Capsa Free,0,43232801
colibripms software colibri,Colibripms Software Colibri,0,43232303
collaborative application lifecycle management alm,Collaborative application lifecycle management ALM,0,43231602
collaborative application markup language caml,Collaborative Application Markup Language CAML,0,43232405
collaborative editing,Collaborative editing,0,43232104
collateral consequences calculator,Collateral Consequences Calculator,0,43232616
collection data systems collectone-tiger,Collection Data Systems CollectOne-Tiger,0,43232303
collection point management system cpms,Collection Point Management System CPMS,0,43232306
college central network career services central,College Central Network Career Services Central,0,43232306
collegenet schedule 25,CollegeNET Schedule 25,0,43232603
collier research hypersizer,Collier Research HyperSizer,0,43232605
collision damage estimation,Collision damage estimation,0,43232605
collision damage measurement,Collision damage measurement,0,43232605
color management,Color management,0,43232202
colorsoft automatch,ColorSoft AutoMatch,0,43232301
columbia ultimate archive,Columbia Ultimate Archive,0,43232303
columbia ultimate remit,Columbia Ultimate Remit,0,43232611
columbia ultimate rpcs,Columbia Ultimate RPCS,0,43232303
combase,ComBase,0,43232309
combined dna index system codis,Combined DNA Index System CODIS,0,43232306
combined heat and power application tool chp,Combined Heat and Power Application Tool CHP,0,43232605
comcash erp,Comcash ERP,0,43232611
comchart emr,ComChart EMR,0,43232610
comcon datafriend,COMCON DataFriend,0,43232106
command alkon commandconcrete,Command Alkon COMMANDconcrete,0,43232303
command interpreters,Command interpreters,0,43232409
command systems comserve,Command Systems ComServe,0,43232306
commence application suite,Commence Application Suite,0,43232303
commercial and industrial development project cost analysis,Commercial and industrial development project cost analysis,0,43231604
commercial driver's license information system cdlis,Commercial driver's license information system CDLIS,0,43232306
commercial plate reader,Commercial plate reader,0,43232610
commercial vehicle operations cvo,Commercial vehicle operations CVO,0,43233511
common business oriented language cobol,Common business oriented language COBOL,0,43232402
common cause failure assessment,Common cause failure assessment,0,43232605
common curriculum,Common Curriculum,0,43232502
common gateway interface cgi,Common gateway interface CGI,0,43232403
common lisp object system clos,Common Lisp Object System CLOS,0,43232405
common masint exploitation tool comet,Common MASINT Exploitation Tool COMET,0,43232605
community climate system model ccsm,Community Climate System Model CCSM,0,43232605
communityviz,CommunityViz,0,43232604
commutator profiling,Commutator profiling,0,43232605
comp pro med polytech,Comp Pro Med Polytech,0,43232610
compaq insight manager,Compaq Insight Manager,0,43232801
compass,Compass,0,43232605
compass municipal services camalot,Compass Municipal Services CAMAlot,0,43232605
compatibility testing,Compatibility testing,0,43232406
compeat restaurant accounting systems,Compeat Restaurant Accounting Systems,0,43231601
compilers,Compilers,0,43232409
complaint management,Complaint management,0,43232303
complementary-symmetry/metal-oxide semiconductor cmos layout,Complementary-symmetry/metal-oxide semiconductor CMOS layout,0,43232604
complete clinic,Complete Clinic,0,43232610
compliance,Compliance,0,43232606
compliance 360,Compliance 360,0,43232606
compliance testing,Compliance testing,0,43232606
compliance11 supervisory suite,Compliance11 Supervisory Suite,0,43232606
compliancebridge total compliance,ComplianceBridge Total Compliance,0,43232606
compliancemax,ComplianceMAX,0,43232606
complus data innovations fasttrack,Complus Data Innovations FastTrack,0,43232306
component libraries,Component libraries,0,43232402
component object model com,Component object model COM,0,43232405
component-based scalable logical architecture csla,Component-based Scalable Logical Architecture CSLA,0,43232405
compounder,Compounder,0,43232610
comprehensive affect testing system cats,Comprehensive Affect Testing System CATS,0,43232605
compris,Compris,0,43232611
compris advanced manager's workstation,Compris Advanced Manager's Workstation,0,43232611
compu-cal nutrition assistant,Compu-Cal Nutrition Assistant,0,43232605
compugov docketview,Compugov DocketView,0,43232108
compulaw vision,CompuLaw Vision,0,43232108
compulink business systems eyecare advantage,Compulink Business Systems Eyecare Advantage,0,43232610
compulink eyecare advantage,Compulink Eyecare Advantage,0,43232610
comput-ability mechanical insulation key estimator,Comput-Ability Mechanical Insulation Key Estimator,0,43232306
computant counterpoint,CompuTant CounterPoint,0,43232611
computational dynamics star-cd,Computational Dynamics STAR-CD,0,43232604
computational fluid dynamics cfd,Computational fluid dynamics CFD,0,43232605
computational modeling,Computational modeling,0,43232605
computational statistics,Computational statistics,0,43232605
computer access catalog,Computer access catalog,0,43232609
computer aided composite drawing,Computer aided composite drawing,0,43232102
computer aided design and computer aided manufacturing cad/cam engraving,Computer aided design and computer aided manufacturing CAD/CAM engraving,0,43232614
computer aided design and drafting cadd,Computer aided design and drafting CADD,0,43232604
computer aided design and drafting software cadd,Computer aided design and drafting software CADD,0,43232604
computer aided design cad,Computer aided design CAD,0,43232604
computer aided dispatch,Computer aided dispatch,0,43231501
computer aided dispatching auto routing,Computer aided dispatching auto routing,0,43231511
computer aided image analysis,Computer aided image analysis,0,43232610
computer aided manufacturing cam,Computer aided manufacturing CAM,0,43232612
computer aided software engineering case tools,Computer aided software engineering CASE tools,0,43232405
computer aided vision therapy cavt,Computer Aided Vision Therapy CAVT,0,43232610
computer algebra system for algebraic geometry casa,Computer Algebra System for Algebraic Geometry CASA,0,43232605
computer assisted design,Computer assisted design,0,43232604
computer assisted diagnostic interview cadi,Computer Assisted Diagnostic Interview CADI,0,43232610
computer assisted jewelry design cad,Computer assisted jewelry design CAD,0,43232604
computer assisted language learning call,Computer assisted language learning CALL,0,43232501
computer assisted mass appraisal cama,Computer assisted mass appraisal CAMA,0,43232605
computer assisted software engineering case,Computer assisted software engineering CASE,0,43232604
computer assisted telephone interviewing cati,Computer assisted telephone interviewing CATI,0,43231511
computer associates arcserv backup,Computer Associates ArcServ Backup,0,43233415
computer associates integrated data management system ca-idms,Computer Associates integrated data management system CA-IDMS,0,43232304
computer associates log analyzer,Computer Associates Log Analyzer,0,43232406
computer based training,Computer based training,0,43232502
computer diagnostic,Computer diagnostic,0,43232605
computer directions route sales tracker,Computer Directions Route Sales Tracker,0,43231508
computer drawing,Computer drawing,0,43232102
computer estimation,Computer estimation,0,43231507
computer forensic,Computer forensic,0,43233001
computer generated solutions learning management system,Computer Generated Solutions Learning Management System,0,43232502
computer graphics,Computer graphics,0,43232102
computer imaging,Computer imaging,0,43232102
computer integrated manufacturing cim,Computer integrated manufacturing CIM,0,43232108
computer integrated manufacturing cim time manager,Computer integrated manufacturing CIM time manager,0,43231505
computer integrated manufacturing cim warehouse shipping manager,Computer integrated manufacturing CIM warehouse shipping manager,0,43231508
computer intrusion detection systems,Computer intrusion detection systems,0,43233203
computer linked application information management system claims,Computer Linked Application Information Management System CLAIMS,0,43232306
computer modeling,Computer modeling,0,43232605
computer modelling group cmg stars,Computer Modelling Group CMG STARS,0,43232605
computer numerical control cnc,Computer numerical control CNC,0,43232608
computer numerical control cnc editor,Computer numerical control CNC editor,0,43232608
computer on-line real-time applications language coral 66,Computer On-line Real-time Applications Language CORAL 66,0,43232402
computer operating systems,Computer operating systems,0,43233004
computer perceptual processing,Computer perceptual processing,0,43232502
computer reading,Computer reading,0,43232111
computer records systems,Computer records systems,0,43232306
computer reservation system crs,Computer reservation system CRS,0,43232306
computer resources mms,Computer Resources MMS,0,43231602
computer sciences corporation legal solutions suite,Computer Sciences Corporation Legal Solutions Suite,0,43232306
computer service & support cls-2000 laboratory system,Computer Service & Support CLS-2000 Laboratory System,0,43232610
computer service and support ar 2000 laboratory billing system,Computer Service and Support AR 2000 Laboratory Billing System,0,43231601
computer simulation,Computer simulation,0,43232605
computer system diagnostics,Computer system diagnostics,0,43232406
computer systems company r4 acert,Computer Systems Company R4 ACERT,0,43232610
computer trust winsurge,Computer Trust WinSurge,0,43232610
computer-aided drafting or design,Computer-aided drafting or design,0,43232604
computer-aided engineering cae,Computer-aided engineering CAE,0,43232605
computer-aided inspection,Computer-aided inspection,0,43232612
computer-assisted career guidance,Computer-assisted career guidance,0,43232306
computer-assisted live supervision,Computer-assisted live supervision,0,43232801
computer-assisted testing,Computer-assisted testing,0,43232306
computerease construction accounting,ComputerEase construction accounting,0,43231507|43231601
computerized aircraft log manager calm,Computerized aircraft log manager CALM,0,43232309
computerized bed control system,Computerized bed control system,0,43231506
computerized call calendars,Computerized call calendars,0,43232108
computerized diagnostic,Computerized diagnostic,0,43232605
computerized diagnostic programs,Computerized diagnostic programs,0,43232605
computerized indexing systems,Computerized indexing systems,0,43232301
computerized inventory tracking,Computerized inventory tracking,0,43231508
computerized maintenance management system cmms,Computerized maintenance management system CMMS,0,43232603
computerized maintenance management system software cmms,Computerized maintenance management system software CMMS,0,43232603
computerized numerical control cnc,Computerized numerical control CNC,0,43232608
computerized numerical control cnc machine,Computerized numerical control CNC machine,0,43232608
computerized numerical control cnc programming,Computerized numerical control CNC programming,0,43232608
computerized physician order entry cpoe,Computerized physician order entry CPOE,0,43232610
computerized statistical packages,Computerized statistical packages,0,43232605
computerized testing,Computerized testing,0,43232502
computerized testing programs,Computerized testing programs,0,43232605
computerized time management systems,Computerized time management systems,0,43232108
computerized voice stress analyzer cvsa,Computerized voice stress analyzer CVSA,0,43232703
computers unlimited tims for audiology,Computers Unlimited TIMS for Audiology,0,43232610
computhink viewwise,Computhink ViewWise,0,43232202
computing solutions labsoft lims,Computing Solutions LabSoft LIMS,0,43232605
computing solutions labsoft lims micro,Computing Solutions LabSoft LIMS Micro,0,43232605
computrition nutrition care management ncm select,Computrition Nutrition Care Management NCM Select,0,43232610
compuware clientvantage agentless monitoring,Compuware ClientVantage Agentless Monitoring,0,43232801
compuweigh gms,CompuWeigh GMS,0,43232306
comsol multiphysics,COMSOL Multiphysics,0,43232605
conarc ichannel,Conarc iChannel,0,43232202
conceptdraw,ConceptDraw,0,43232102
concierge systems report concierge,Concierge Systems Report Concierge,0,43232104
concurrency control,Concurrency control,0,43232304
concurrent versions systems,Concurrent Versions Systems,0,43232203
conductor searchlight,Conductor Searchlight,0,43232314
conest bidtrac,ConEst BidTrac,0,43231507
conest electrical formulas,ConEst Electrical Formulas,0,43232605
conest intellibid,ConEst Intellibid,0,43231604
conest intellibid design build,ConEst IntelliBid Design Build,0,43232604
conest jobtrac,ConEst JobTrac,0,43231507
conest permit trac,ConEst Permit Trac,0,43231512
conest surecount,ConEst SureCount,0,43232604
conest t&m billing manager,ConEst T&M Billing Manager,0,43231607
configuration management,Configuration management,0,43232401
conformance and validation testing,Conformance and validation testing,0,43232406
congruity technologies inspector,Congruity Technologies Inspector,0,43232801
connectivity,Connectivity,0,43232915
conners' continuous performance test ii,Conners' Continuous Performance Test II,0,43232610
consilience software maven insurance automation suite,Consilience Software Maven Insurance Automation Suite,0,43231602
consolidated compartment fire model ccfm,Consolidated compartment fire model CCFM,0,43232605
consolidated fire and smoke transport model cfast,Consolidated fire and smoke transport model CFAST,0,43232605
consolidated model of fire and smoke transport cfast,Consolidated Model of Fire and Smoke Transport CFAST,0,43232605
constant contact,Constant Contact,0,43232303
constellation justice systems courtview,Constellation Justice Systems CourtView,0,43231507
constructconnect planswift,ConstructConnect PlanSwift,0,43231507
construction management software proest,Construction Management Software ProEst,0,43232605
construction master pro,Construction Master Pro,0,43232605
construction software center easyest,Construction Software Center EasyEst,0,43231507
consular consolidated database ccd,Consular Consolidated Database CCD,0,43232306
consult-pro,Consult-PRO,0,43232610
consultants in data processing hrnet,Consultants in Data Processing HRnet,0,43231505
contact management,Contact management,0,43232108
contact management systems,Contact management systems,0,43232303
content filter,Content filter,0,43233204
content management systems cms,Content management systems CMS,0,43232107
contextminer,ContextMiner,0,43232307
continuous emission management,Continuous emission management,0,43232606
continuous emissions monitoring systems cems,Continuous emissions monitoring systems CEMS,0,43232608
continuous integration,Continuous integration,0,43232203
contour storyteller,Contour Storyteller,0,43232104
contract central,Contract Central,0,43232112
contract management,Contract management,0,43231507
contract tracking,Contract tracking,0,43232303
control station engineer,Control Station ENGINEER,0,43232605
control system,Control system,0,43232608
controlcase compliance manager,ControlCase Compliance Manager,0,43232606
controlled oral word association task,Controlled Oral Word Association Task,0,43232610
convention industry council cic apex toolbox,Convention Industry Council CIC APEX Toolbox,0,43231507
conversion tools,Conversion tools,0,43232605
convex factlogic,Convex FactLogic,0,43232605
conveyor control,Conveyor control,0,43232608
cooking e-books,Cooking e-books,0,43232306
cool roof calculator,Cool Roof Calculator,0,43232605
coop systems mycoop,COOP Systems myCOOP,0,43231602
cooperative processing resources dms professional suite,Cooperative Processing Resources DMS Professional Suite,0,43231604
coordinate geometry cogo,Coordinate geometry COGO,0,43232605
coordinate measuring machine,Coordinate measuring machine,0,43232608
coordinated incident management system cims,Coordinated incident management system CIMS,0,43233203
copilot flight planning & e6b,CoPilot Flight Planning & E6B,0,43232306
copilot truck,CoPilot Truck,0,43232504
coptimal logics autoload pro,Coptimal Logics AutoLoad Pro,0,43231506
core informatics laboratory information management system lims,Core Informatics Laboratory Information Management System LIMS,0,43232605
core solutions care enterprise,Core Solutions Care Enterprise,0,43232610
corel coreldraw graphics suite,Corel CorelDraw Graphics Suite,0,43232102
corel corelscan,Corel CorelScan,0,43232111
corel ocr-trace 8,Corel OCR-Trace 8,0,43232111
corel paint shop pro,Corel Paint Shop Pro,0,43232102
corel painter,Corel Painter,0,43232102
corel painter sketch pad,Corel Painter Sketch Pad,0,43232102
corel paradox,Corel Paradox,0,43232306
corel photo-paint,Corel Photo-Paint,0,43232102
corel presentation,Corel Presentation,0,43232106
corel quattropro,Corel QuattroPro,0,43232110
corel ulead dvd workshop,Corel Ulead DVD Workshop,0,43232103
corel ventura,Corel Ventura,0,43232112
corel webdraw,Corel WebDraw,0,43232103
corel winzip,Corel WinZip,0,43233403
corel wordperfect office suite,Corel WordPerfect Office Suite,0,43231513|43232104
corelogic debtortrace,CoreLogic DebtorTrace,0,43232306
corepark valet,CorePark Valet,0,43232611
cornerstone ondemand cornerstone learning,Cornerstone OnDemand Cornerstone Learning,0,43232502
cornucopia software practice magic,Cornucopia Software Practice MAGIC,0,43232610
corporate focus solium shareworks,Corporate Focus Solium Shareworks,0,43232306
corporate information factory cif,Corporate Information Factory CIF,0,43232306
corporate montage cadscript,Corporate Montage CADScript,0,43232112
corporate responsibility system technologies limited compliance positioning system,Corporate Responsibility System Technologies Limited Compliance Positioning System,0,43232606
corporate responsibility system technologies limited crstl compliance positioning system,Corporate Responsibility System Technologies Limited CRSTL Compliance Positioning System,0,43232606
corporate systems claimspro,Corporate Systems ClaimsPro,0,43232305
corporatek enact platinum,Corporatek EnAct Platinum,0,43232306
corpscon,Corpscon,0,43232605
corrections housing,Corrections housing,0,43232304
corridordesigner,CorridorDesigner,0,43233506
corte certo,Corte Certo,0,43232604
cortex medical management systems cortex medical billing,Cortex Medical Management Systems Cortex Medical Billing,0,43231607
cortex medical management systems the gold standard,Cortex Medical Management Systems The Gold Standard,0,43232610
cosmo software cosmo world,Cosmo Software Cosmo World,0,43232604
cost accounting,Cost accounting,0,43231601
cost estimating,Cost estimating,0,43231507|43231604
cost tracking,Cost tracking,0,43231601
costguard,CostGuard,0,43231601|43232306
couchbase server,Couchbase Server,0,43232304
counseling,Counseling,0,43232605
countersoft gemini,Countersoft Gemini,0,43231507
countryside data ag payroll,Countryside Data Ag Payroll,0,43231605
course management system,Course management system,0,43232502
court docket management,Court docket management,0,43232108
court records databases,Court records databases,0,43232306
courtpages,Courtpages,0,43232306
courtroom data solutions techlennium,Courtroom Data Solutions Techlennium,0,43233413
courtroom scheduling,Courtroom scheduling,0,43232616
covansys claimconnect,Covansys ClaimConnect,0,43232202
coventor architect3d,Coventor ARCHITECT3D,0,43232605
coventor coventorware,Coventor CoventorWare,0,43232605
covirt virtgate,CoVirt VirtGate,0,43231602
cowculator,Cowculator,0,43232605
cowgame,COWGAME,0,43232605
coyote software dynascape design,Coyote Software DynaSCAPE Design,0,43232604
cp2k,CP2K,0,43232605
cpmd,CPMD,0,43232605
cppunit,CppUnit,0,43232406
cpr international generalcost estimator,CPR International GeneralCOST Estimator,0,43231601
cpr software floorcost estimator for excel,CPR Software FloorCOST Estimator for Excel,0,43231507
cpr visual estimator,CPR Visual Estimator,0,43231507|43231604
cpsi cpsi system,CPSI CPSI System,0,43232610
cpsi ehr system,CPSI EHR System,0,43231505
cpu tracker software cpu tracker,CPU Tracker Software CPU Tracker,0,43232303
cq press political reference suite,CQ Press Political Reference Suite,0,43232306
cqg integrated client,CQG Integrated Client,0,43231604
cradoc fotobiz,Cradoc fotoBiz,0,43232306
craftsman cd estimator,Craftsman CD Estimator,0,43231507
crane operation control,Crane operation control,0,43232608
crash mapping analysis tool cmat,Crash Mapping Analysis Tool CMAT,0,43232605
creative data solutions duprocess,Creative Data Solutions DuProcess,0,43232306
creative research survey system,Creative Research Survey System,0,43232306
creative research systems the survey system,Creative Research Systems The Survey System,0,43231507
creative solutions cpa depreciation,Creative Solutions CPA Depreciation,0,43231603
creative solutions ultratax 1040,Creative Solutions UltraTax 1040,0,43231603
creative solutions ultratax cs,Creative Solutions UltraTax CS,0,43231603
creative system ghs,Creative System GHS,0,43232605
creative systems corporation freight-link system,Creative Systems Corporation Freight-Link System,0,43231506
credit adjudication and lending management system calms,Credit adjudication and lending management system CALMS,0,43232202
credit and risk analysis,Credit and risk analysis,0,43231604
credit card processing,Credit card processing,0,43232611
credit fraud detection,Credit fraud detection,0,43231604
credit management,Credit management,0,43231604
credit reporting,Credit reporting,0,43231604
credit underwriting,Credit underwriting,0,43231604
credo interactive danceforms,Credo Interactive DanceForms,0,43232102
creo synapse upfront,Creo Synapse Upfront,0,43231506
crescendo systems corporation medrite-xl,Crescendo Systems Corporation MedRite-XL,0,43232610
crescendo systems digiscribe-xl,Crescendo Systems DigiScribe-XL,0,43233413
cri-map,CRI-MAP,0,43232605
crick software clicker 4,Crick Software Clicker 4,0,43232104
crime mapping,Crime mapping,0,43233506
crimecog technologies e*justice,CrimeCog Technologies E*Justice,0,43232306
crimpers management software crimpers salon,CRIMPERS Management Software CRIMPERS Salon,0,43232306
criss software xrf11,Criss Software XRF11,0,43232605
criterion planners index,Criterion Planners INDEX,0,43233506
criticality analysis,Criticality analysis,0,43232605
crocodile consulting traffic control,Crocodile Consulting Traffic Control,0,43232306
crones & associations project tracker pro,Crones & Associations Project Tracker Pro,0,43231507
cronometer,Cronometer,0,43232605
cropman,CroPMan,0,43232306
cropsyst suite,CropSyst Suite,0,43232605
crosstec netop remote control,CrossTec NetOp Remote Control,0,43232702
crowell systems medformix,Crowell Systems Medformix,0,43232610
crows dynamics simulex,Crows Dynamics Simulex,0,43232605
cruisecontrol,CruiseControl,0,43232402
cryptographic key management,Cryptographic key management,0,43233204
crystallography,Crystallography,0,43232605
crystallography & nmr system (cns),Crystallography & NMR System (CNS),0,43232605
crystalmaker,CrystalMaker,0,43232605
crytek cryengine,Crytek CryEngine,0,43232402
cs odessa conceptdraw project,CS Odessa ConceptDraw Project,0,43231507
csc automated work distributor awd,CSC Automated Work Distributor AWD,0,43232901
csc colossus,CSC Colossus,0,43231604
csc elmer,CSC Elmer,0,43232605
csc fault evaluator,CSC Fault Evaluator,0,43231511
csc nbaccelerator,CSC nbAccelerator,0,43231602
csi complex systems clienttrade,CSI Complex Systems ClientTrade,0,43232303
csi software spa management,CSI Software Spa Management,0,43232306
csi wse codebuddy,CSI WSE CodeBuddy,0,43232606
csr consultants cemetery management sc,CSR Consultants Cemetery Management SC,0,43232306
css cls-2000,CSS CLS-2000,0,43232610
cst microwave studio,CST Microwave Studio,0,43232604
ct hcue,CT hCue,0,43232202
ct summation iblaze,CT Summation iBlaze,0,43232202
cu connect processing,CU Connect processing,0,43232901
cuadra associates star/museums,Cuadra Associates STAR/Museums,0,43232306
cubic,CUBIC,0,43232605
cubic synchro studio,Cubic Synchro Studio,0,43232605
cufflinks,Cufflinks,0,43232605
culinary software services cheftec,Culinary Software Services ChefTec,0,43232306|43232605
cullimore & ring technologies sinda/fluint,Cullimore & Ring Technologies SINDA/FLUINT,0,43232605
cullimore & ring technologies thermal desktop,Cullimore & Ring Technologies Thermal Desktop,0,43232605
cummins insite,Cummins INSITE,0,43232605
cura software solutions cura for compliance management,Cura Software Solutions Cura for Compliance Management,0,43232606
curbside laundries wash and fold pos,Curbside Laundries Wash and Fold POS,0,43232611
current procedural terminology cpt,Current procedural terminology CPT,0,43232202
curtis management resources training management system,Curtis Management Resources Training Management System,0,43232306
curto drum,Curto Drum,0,43232005
custom data systems sterling management,Custom Data Systems Sterling Management,0,43232306
custom software group csg agrosys,Custom Software Group CSG AgroSys,0,43231602
custom software systems starlab,Custom Software Systems StarLab,0,43232610
customer account management,Customer account management,0,43232303
customer complaint ticketing management,Customer complaint ticketing management,0,43232303
customer database,Customer database,0,43232306
customer expressions i-sight,Customer Expressions i-Sight,0,43231507|43232303
customer information control system cics,Customer information control system CICS,0,43232313
customer information databases,Customer information databases,0,43232303|43232306
customer relationship management crm,Customer relationship management CRM,0,43232303
customer service and support,Customer service and support,0,43232303
customer service knowledge generation,Customer service knowledge generation,0,43232306
customs records databases,Customs records databases,0,43232306
cutlist plus fx,Cutlist Plus fx,0,43232604
cvtracer,CVTracer,0,43231505
cworks cmms,Cworks CMMS,0,43232603
cyber records medichart express,Cyber Records MediChart Express,0,43233413
cyberark,CyberArk,0,43233203
cyberdyne industries casewizard,CyberDyne Industries CaseWizard,0,43232306
cybermatrix,CyberMatrix,0,43232611
cybermatrix pos,CyberMatrix POS,0,43232611
cybermetrics gagetrak,Cybermetrics GAGETrak,0,43232608
cybermotion 3d designer,Cybermotion 3D Designer,0,43232102
cybershift workforce management 3g time and attendance,CyberShift Workforce Management 3G Time and Attendance,0,43231605
cybersoft nutribase,CyberSoft NutriBase,0,43232306
cybersoft primero software suite,Cybersoft Primero Software Suite,0,43231602
cyclone,Cyclone,0,43233402
cygnet infotech optifocus,Cygnet Infotech Optifocus,0,43232610
cygnus incomemax,Cygnus IncomeMax,0,43231604
cygnus software incomemax,Cygnus Software IncomeMax,0,43231604
cygwin,Cygwin,0,43233004
cyma iv accounting for windows,CYMA IV Accounting for Windows,0,43231601
cyrillicsoftware cyrillic,CyrillicSoftware Cyrillic,0,43232610
cytel egret,Cytel Egret,0,43232605
cytel logxact,Cytel LogXact,0,43232605
cytel software xlminer,Cytel Software XLMiner,0,43232307
cytel statxact,Cytel StatXact,0,43232605
d'accord music software ichords,D'accord Music Software iChords,0,43232005
d'arcangelo galileo,D'Arcangelo Galileo,0,43231604
d-calc facade 4000,D-CALC FACADE 4000,0,43232604
dagris,DAGRIS,0,43232306
daily manager,Daily Manager,0,43232202
dailyvest investment personalization platform,dailyVest Investment Personalization Platform,0,43232309
dalet digital media systems dalet media life,Dalet Digital Media Systems Dalet Media Life,0,43231602
damen damos,Damen DAMOS,0,43232603
danic technology,danic Technology,0,43232610
daptiv ppm,Daptiv PPM,0,43232306
dartfish prosuite,Dartfish ProSuite,0,43232103|43232605
dartware intermapper,Dartware InterMapper,0,43232801
darwin information typing architecture dita,Darwin information typing architecture DITA,0,43232402
dassault systemes abaqus,Dassault Systemes Abaqus,0,43232605
dassault systemes catia,Dassault Systemes CATIA,0,43232604|43232612
dassault systemes dymola,Dassault Systemes Dymola,0,43232605
dassault systemes simulia abaqus fea,Dassault Systemes Simulia Abaqus FEA,0,43232605
dassault systemes solidworks,Dassault Systemes SolidWorks,1,43232604|43232612
data acquisition,Data acquisition,0,43232605
data acquisition systems,Data acquisition systems,0,43232605
data analysis,Data analysis,0,43232605
data conversion,Data conversion,0,43233402
data definition language ddl,Data definition language DDL,0,43232304
data dictionary,Data dictionary,0,43232310
data entry,Data entry,0,43232306
data extraction,Data extraction,0,43232307
data frenzy,Data Frenzy,0,43231505
data input,Data input,0,43232306
data logger,Data logger,0,43232605
data logging,Data logging,0,43232306
data m software copra metalbender,data M Software COPRA MetalBender,0,43232604
data management,Data management,0,43232306
data management timeclock plus,Data Management TimeClock Plus,0,43231605
data manipulation language dml,Data manipulation language DML,0,43232304
data mapping,Data mapping,0,43232310
data mining,Data mining,0,43232307|43232605
data modeling,Data modeling,0,43232310
data recovery software sql server data recovery,Data Recovery Software SQL Server Data Recovery,0,43233415
data reduction,Data reduction,0,43232605
data team dds,Data Team DDS,0,43232610
data technologies summit,Data Technologies Summit,0,43232305
data trace title iq,Data Trace Title IQ,0,43232306
data transfer,Data transfer,0,43232202
data transformation services dts,Data transformation services DTS,0,43232304
data translation quickdaq,Data Translation quickDAQ,0,43232605
data validation,Data validation,0,43232309
data visualization,Data visualization,0,43232605
data warehouse,Data warehouse,0,43232307
data warehousing,Data warehousing,0,43232202
data-tel ceasar,Data-Tel Ceasar,0,43232303
database,Database,0,43232306
database application,Database application,0,43232306
database capacity planning,Database capacity planning,0,43232407
database cloning,Database cloning,0,43233415
database design,Database design,0,43232304
database management,Database management,0,43232304|43232306
database management system,Database management system,0,43232304
database management system dbms,Database management system DBMS,0,43232311
database management systems,Database management systems,0,43232304
database reporting,Database reporting,0,43232305
database security,Database security,0,43233203
database systems corp telemation,Database Systems Corp Telemation,0,43232303
database testing,Database testing,0,43232406
databasix technologies lead commander,DataBasix Technologies Lead Commander,0,43232303
databox,Databox,0,43232306
datacom software business products m.i.s. clinic,DataCom Software Business Products M.I.S. Clinic,0,43232610
datadescription datadesk,DataDescription DataDesk,0,43232605
datafarm a-pulse,Datafarm a-Pulse,0,43232202
datafarm ectdgatekeeper,Datafarm eCTDGatekeeper,0,43232202
datafarm ectdviewer,Datafarm eCTDViewer,0,43232202
datafarm s-cubed,Datafarm S-Cubed,0,43232202
dataflight opticon,Dataflight Opticon,0,43232112
datagroup electrofile 1040,Datagroup ElectroFile 1040,0,43231603
datagroup electrofile elf,Datagroup ElectroFile ELF,0,43231603
datagroup electrofile st,Datagroup ElectroFile ST,0,43231603
datair employee benefits systems,Datair Employee Benefits Systems,0,43231604
datalog with guidance dlwg,Datalog with guidance DLWG,0,43232605
datamatics v-core hr,Datamatics V-Core HR,0,43231505
datamystic textpipe pro,DataMystic TextPipe Pro,0,43232605
datan merlin fastab,DATAN Merlin Fastab,0,43232106
datanex claimtrac,Datanex ClaimTrac,0,43232202
datapath dpisuite,DataPath dpiSuite,0,43231505
datapipe ehs,DataPipe EHS,0,43232306
datassimilate systems datassimilator,DATAssimilate Systems DATAssimilator,0,43232202
datasurge geopro,Datasurge GEOPRO,0,43232605
dataswell,DataSwell,0,43232314
datasym symfinite,Datasym SYMFINITE,0,43232611
datateam lunch express,DataTeam Lunch Express,0,43232611
datatech the farmer's office,Datatech The Farmer's Office,0,43231601
datatel colleague,Datatel Colleague,0,43231602
datavantage,Datavantage,0,43231604
datavis dbs designer,Datavis DBS Designer,0,43232605
datavision,DataVision,0,43232305
dataviz beyond contacts,DataViz Beyond Contacts,0,43232303
datawatch monarch,Datawatch Monarch,0,43232307
dataworks plus digital crimescene,DataWorks Plus Digital CrimeScene,0,43232306
dataxiom statmost,Dataxiom StatMost,0,43232605
dataxiom xpro,Dataxiom Xpro,0,43232605
datcomedia ebis,DatcoMedia EBis,0,43231601
datinf digimakeup,DatInf DigiMakeup,0,43232102
davinci resolve,DaVinci Resolve,0,43232103
day software cq5 web content management,Day Software CQ5 Web Content Management,0,43232202
daysmart software 123pet,DaySmart Software 123Pet,0,43232306
daysmart software appointment-plus,DaySmart Software Appointment-Plus,0,43232108
daysmart software salon iris,DaySmart Software Salon Iris,0,43232306
daystar istructural.com,Daystar iStructural.com,0,43231507
daz productions bryce,DAZ Productions Bryce,0,43232102
daz productions carrara,DAZ Productions Carrara,0,43232102
dazzlersoft dazzlermax,Dazzlersoft DazzlerMax,0,43232106
db tech ras,DB Tech RAS,0,43232202
dbase,dBASE,0,43232306
dbase plus,dBASE Plus,0,43232306
dbsnp,dbSNP,0,43232605
dbtools software dbmanager professional,DBTools Software DBManager Professional,0,43232304
dci icore,DCI iCore,0,43231602
ddlsoftware.com drivers daily log program ddl,ddlsoftware.com drivers daily log program DDL,0,43232306
de novo systems de novo casemgr,De Novo Systems De Novo CaseMgr,0,43232306
deacom erp,Deacom ERP,0,43231602
dealertrax shoporder,DealerTrax ShopOrder,0,43232306
dealmaven comparable company valuation analysis,DealMaven Comparable Company Valuation Analysis,0,43231604
dealmaven m&a accretion/dilution one-pager,DealMaven M&A Accretion/Dilution One-Pager,0,43231604
dealmaven modeling toolpack for excel,DealMaven Modeling ToolPack for Excel,0,43231604
dealmaven preslink for powerpoint and word,DealMaven PresLink for PowerPoint and Word,0,43232106
dean evans & associates ems professional,Dean Evans & Associates EMS Professional,0,43232306
debt account management and collection,Debt account management and collection,0,43232303
debuggers,Debuggers,0,43232406
debugging,Debugging,0,43232406
debugview,Debugview,0,43232406
dechant consulting services iwitness,DeChant Consulting Services iWitness,0,43232102
decision support,Decision support,0,43231511
decision support technologies propworks,Decision Support Technologies Propworks,0,43231511
decisionbase time for oms,DecisionBase TiME for OMS,0,43232610
decisioneering crystal ball,Decisioneering Crystal Ball,0,43232605
decompilers,Decompilers,0,43232409
decorative software online visualizers,Decorative Software Online Visualizers,0,43232102
deep forest systems oncite,Deep Forest Systems OnCite,0,43232306
deerdays,DeerDays,0,43232605
defect tracking,Defect tracking,0,43232406
defense travel system,Defense Travel System,0,43231505
definiens developer,Definiens Developer,0,43232605
delcam artcam express,Delcam ArtCAM Express,0,43232612
delcam computer-aided design and manufacturing,Delcam computer-aided design and manufacturing,0,43232612
delcam featurecam,Delcam FeatureCAM,0,43232612
delcam partmaker,Delcam PartMaker,0,43232612
delcam powermill,Delcam PowerMILL,0,43232612
delft geosystems mstab,Delft GeoSystems MStab,0,43232605
delila,Delila,0,43232605
delivery operations information system dois,Delivery operations information system DOIS,0,43231602
delivery routing system drs,Delivery Routing System DRS,0,43233506
delorme topo usa,DeLorme Topo USA,0,43233506
delphi discovery,Delphi Discovery,0,43231604
delphi technology,Delphi Technology,0,43231604
delta controls inteliweb,Delta Controls inteliWEB,0,43232608
delta data systems agis,Delta Data Systems AGIS,0,43232510
deltek costpoint,Deltek Costpoint,0,43231601
deltek professional services,Deltek professional services,0,43231602
deltek vision,Deltek Vision,0,43231602
denemo,Denemo,0,43232005
denosys hristragegy,DenoSys HRiStragegy,0,43231505
density functional theory dft,Density functional theory DFT,0,43232605
dental,Dental,0,43232610
dental billing,Dental billing,0,43231607
dental charting,Dental charting,0,43232610
dental clinical records,Dental clinical records,0,43232610
dental common access system dencas,Dental Common Access System DENCAS,0,43232306
dental digital radiology,Dental digital radiology,0,43232610
dental imaging,Dental imaging,0,43232610
dental intra-oral imaging,Dental intra-oral imaging,0,43232610
dental office management,Dental office management,0,43232610
dental product design,Dental product design,0,43232604
dental product manufacturing,Dental product manufacturing,0,43232612
dentaleye,DentalEye,0,43232102
dentimax,DentiMax,0,43232610
deoxyribonucleic acid dna libraries,Deoxyribonucleic acid DNA libraries,0,43232306
deoxyribonucleic acid dna sequence analysis,Deoxyribonucleic acid DNA sequence analysis,0,43232605
depiction software deco-con,Depiction Software Deco-Con,0,43232102
depiction software deco-con estimator,Depiction Software Deco-Con Estimator,0,43231507
depiction software hardscape imaging,Depiction Software Hardscape Imaging,0,43232604
deployment,Deployment,0,43232401
derivatives imagine trading system,Derivatives Imagine Trading System,0,43231604
derivicom finoptions xl,Derivicom FinOptions XL,0,43231604
desco esc,dESCO ESC,0,43232306
design of experiments doe,Design of experiments DOE,0,43232605
design safety engineering designsafe,Design Safety Engineering Designsafe,0,43232605
design specification database,Design specification database,0,43232306
design-for-testability dft insertion,Design-for-testability DFT insertion,0,43232605
designbuilder software designbuilder,DesignBuilder Software DesignBuilder,0,43232605
designware 3d eyewitness,DesignWare 3D EyeWitness,0,43232102
desire2learn lms,Desire2Learn LMS,0,43232502
desktop digital photogrammetry system ddps,Desktop digital photogrammetry system DDPS,0,43233506
desktop partitioning,Desktop partitioning,0,43233001
desktop piano and drums,Desktop Piano and Drums,0,43232005
desktop publishing,Desktop publishing,0,43232112
desktop technologies newsboss,Desktop Technologies NewsBoss,0,43231507
desmos,Desmos,0,43232605
detector actuation quasi steady detact-qs,Detector Actuation Quasi Steady DETACT-QS,0,43232605
detnet viewshot,DetNet ViewShot,0,43232605
device driver,Device driver,0,43233405
devwave estimate works,DevWave Estimate Works,0,43231507
dex warehouse,Dex Warehouse,0,43231506
dexter + cheney spectrum construction,Dexter + Cheney Spectrum Construction,0,43231507
dfa capital management gems,DFA Capital Management GEMS,0,43231604
dgcc.com recruittrack,DGCC.com RecruitTrack,0,43231505
dhi mike urban,DHI MIKE URBAN,0,43232605
dhi water and environment mike she,DHI Water and Environment MIKE SHE,0,43232605
diagnostic and procedural coding,Diagnostic and procedural coding,0,43232301
diagnostic image review,Diagnostic image review,0,43232610
diagnostic scanner,Diagnostic scanner,0,43232605
diagramming,Diagramming,0,43232101
dialog dialoglink,Dialog DialogLink,0,43232309
diameter,Diameter,0,43233201
diarymaster,Diarymaster,0,43232306
dictation,Dictation,0,43233413
dietmaster systems clinical nutrition,DietMaster Systems Clinical Nutrition,0,43232306
dietmaster systems dietmaster,DietMaster Systems DietMaster,0,43232306
difequ,DifEqu,0,43232605
diffraction limited maxim dl,Diffraction Limited MaxIm DL,0,43232605
dig,Dig,0,43232801
digichart ob-gyn,digiChart OB-GYN,0,43232610
digipiano,DigiPiano,0,43232005
digital analysis tests and statistics datas for excel,Digital analysis tests and statistics DATAS for Excel,0,43231604
digital analysis tests and statistics datas for sas,Digital analysis tests and statistics DATAS for SAS,0,43231604
digital coach athletictrainer,Digital Coach AthleticTrainer,0,43232306
digital contract,Digital contract,0,43232112
digital control systems dcs,Digital control systems DCS,0,43232608
digital crew teamwork project manager,Digital Crew Teamwork Project Manager,0,43231507
digital databases,Digital databases,0,43232309
digital direct control ddc energy management,Digital direct control DDC energy management,0,43232608
digital dispatch,Digital Dispatch,0,43233511
digital elevation model dem,Digital elevation model DEM,0,43232605
digital engineering corporation e-maps,Digital Engineering Corporation E-MAPS,0,43233506
digital equipment corporation digital fortran 90,Digital Equipment Corporation DIGITAL Fortran 90,0,43232402
digital gateway e-automate,Digital Gateway e-automate,0,43232303
digital healthcare optomize,Digital Healthcare OptoMize,0,43232610
digital image collections,Digital image collections,0,43232309
digital image correlation dic,Digital image correlation DIC,0,43232605
digital image databases,Digital image databases,0,43232309
digital image management solutions crime scene,Digital Image Management Solutions Crime Scene,0,43232102
digital image processing,Digital image processing,0,43232102
digital imaging,Digital imaging,0,43232102
digital imaging communications in medicine dicom medical imaging,Digital Imaging Communications in Medicine DICOM medical imaging,0,43232610
digital imaging communications in medicine dicom software/modality management,Digital Imaging Communications in Medicine DICOM software/modality management,0,43232610
digital imaging communications in medicine dicom-compatible image acquisition and integration software products,Digital Imaging Communications in Medicine DICOM-compatible image acquisition and integration software products,0,43232610
digital imaging system,Digital imaging system,0,43232102
digital karyotyping,Digital karyotyping,0,43232605
digital mapping,Digital mapping,0,43233506
digital terrain modeling,Digital terrain modeling,0,43233506
digital timing diagram editing,Digital timing diagram editing,0,43232605
digitizing,Digitizing,0,43232111
digitizing and photogrammetric,Digitizing and photogrammetric,0,43232111
digitools roof cad,DigiTools Roof CAD,0,43232604
digivey software (expert system feature),Digivey software (expert system feature),0,43231511
digivey software (point of sale feature),Digivey software (point of sale feature),0,43232611
digsilent powerfactory,DIgSILENT PowerFactory,0,43232605
dimema contentdm,DiMeMa CONTENTdm,0,43232306
dinerware intuitive restaurant,Dinerware Intuitive Restaurant,0,43232611
direct hit systems threads,Direct Hit Systems THREADS,0,43232605
direct motion computer numerically controlled cnc,Direct motion computer numerically controlled CNC,0,43232612
direct-to-tool,Direct-to-tool,0,43232607
directory,Directory,0,43232306
disarea 5pm,Disarea 5pm,0,43231507
disassembler,Disassembler,0,43232409
disaster recovery,Disaster recovery,0,43233415
discrete dynamics lab ddlab,Discrete Dynamics Lab DDLab,0,43232605
discrete event simulation,Discrete event simulation,0,43232605
discrete fourier transform dft analysis,Discrete Fourier transform DFT analysis,0,43232605
discrete ordinates dort dose assessment computer codes,Discrete ordinates DORT dose assessment computer codes,0,43232605
disease mapping and analysis program dmap,Disease Mapping and Analysis Program DMAP,0,43232605
disk file systems,Disk file systems,0,43233001
disk operating system dos,Disk operating system DOS,0,43233004
distance learning,Distance learning,0,43232502
distributed component object model dcom,Distributed component object model DCOM,0,43232405
distributed control system dcs,Distributed control system DCS,0,43231506|43232608
distributed database management,Distributed database management,0,43232304
distribution automation system,Distribution automation system,0,43232608
distribution management system dms,Distribution management system DMS,0,43232608
diva-gis,DIVA-GIS,0,43232510
diversified ophthalmics practice maximus,Diversified Ophthalmics Practice Maximus,0,43232610
diving logbook,Diving logbook,0,43232306
diving table,Diving table,0,43232306
django,Django,1,43232408
dl_poly,DL_POLY,0,43232605
dm2 bills of lading,DM2 Bills of Lading,0,43231506|43232605
dna sequencing,DNA sequencing,0,43232605
doc cop,DOC Cop,0,43232309
doc.it dm,Doc.It DM,0,43232202
doc2md,doc2MD,0,43232610
docker,Docker,1,43232701
docking and ligand binding,Docking and ligand binding,0,43232605
docsite registry,DocSite Registry,0,43232610
doctorspartner emr,DoctorsPartner EMR,0,43232610
doctranslate,DocTranslate,0,43232501
document creation,Document creation,0,43231511
document imaging,Document imaging,0,43232202
document indexing,Document indexing,0,43232202
document management system,Document management system,0,43232202
document object model dom scripting,Document Object Model DOM Scripting,0,43232405
document publishing,Document publishing,0,43232112
document scanning,Document scanning,0,43232111
documentplus,DocumentPlus,0,43232610
docusign esignature,DocuSign eSignature,0,43232202
docutrac quicdoc,DocuTrac QuicDoc,0,43232610
doe-2,DOE-2,0,43232605
dolphin cad/cam,Dolphin CAD/CAM,0,43232612
dolphin imaging & management solutions dolphin management,Dolphin Imaging & Management Solutions Dolphin Management,0,43232610
dolphin integration smash,Dolphin Integration SMASH,0,43232605
dolphin lunar,Dolphin Lunar,0,43233405
domain name system dns,Domain name system DNS,0,43232704
domestic animal diversity information service dad-is,Domestic Animal Diversity Information Service DAD-IS,0,43232306
domin-8 enterprise solutions rentright,Domin-8 Enterprise Solutions RentRight,0,43232306
domin-8 enterprise solutions tenant pro,Domin-8 Enterprise Solutions Tenant Pro,0,43232306
dominknow learning center,dominKnow Learning Center,0,43232502
donor management system,Donor management system,0,43232610
doris fileserveronline,DORIS FILESERVERonline,0,43231602
dos shell script,DOS shell script,0,43233004
dose modeling,Dose modeling,0,43232605
dose unit calculation,Dose unit calculation,0,43232610
dossier,Dossier,0,43232306
dotproject,dotProject,0,43231507
doublebridge rosetta phoenix ectd viewer,DoubleBridge ROSETTA Phoenix eCTD Viewer,0,43232202
doublebridge rosetta pyramid,DoubleBridge ROSETTA Pyramid,0,43232202
doublebridge rosetta sceptre,DoubleBridge ROSETTA Sceptre,0,43232202
doublebridge rosetta scribe,DoubleBridge ROSETTA Scribe,0,43232202
doublecheck grc&t platform,DoubleCheck GRC&T Platform,0,43232606
douglas associates forensic filer,Douglas Associates Forensic Filer,0,43232306
dowling associates traffix,Dowling Associates TRAFFIX,0,43232605
doxstor flight level logbook,doXstor Flight Level Logbook,0,43232306
doxygen,Doxygen,0,43232402
dp technology esprit,DP Technology ESPRIT,0,43232612
dps software general litigation,DPS Software General Litigation,0,43232306
dqo elipgrid-pc,DQO ELIPGRID-PC,0,43232605
dqo-pro,DQO-PRO,0,43232605
dr. dispatch,Dr. Dispatch,0,43233511
drafting,Drafting,0,43233506
drawing,Drawing,0,43232102
drawing and drafting,Drawing and drafting,0,43232604
drawstitch artistic sewing suite,DRAWSTITCH Artistic Sewing Suite,0,43232604
drcauto smart architect lt pro,Drcauto Smart Architect LT Pro,0,43232604
dream computer piano,Dream Computer Piano,0,43232005
drg grouping,DRG grouping,0,43232301
drillingsoftware drillpro,Drillingsoftware DrillPro,0,43232608
drillingsoftware tubular database,Drillingsoftware Tubular Database,0,43232306
driving simulators,Driving simulators,0,43232502
drone image capturing,Drone image capturing,0,43232102
dropbox,Dropbox,0,43233513
drug coding,Drug coding,0,43232301
drug compatibility,Drug compatibility,0,43232306
drug database,Drug database,0,43232610
drug guide,Drug guide,0,43232309
drug reference,Drug reference,0,43232309
drupal,Drupal,0,43232408
dsa foxware warehouse management,DSA Foxware Warehouse Management,0,43231508
dsc pacer interactive voice response system,DSC Pacer Interactive Voice Response System,0,43233413
dsn software dental-exec,DSN Software Dental-Exec,0,43232610
dsn software oral surgery-exec,DSN Software Oral Surgery-Exec,0,43232610
dsn software perio-exec,DSN Software Perio-Exec,0,43232610
dsp development dadisp,DSP Development DADiSP,0,43232605
dspace,dSPACE,0,43232202
dtsearch,dtSearch,0,43232309
dun and bradstreet global decisionmaker,Dun and Bradstreet Global DecisionMaker,0,43231604
dupont colornet,DuPont ColorNet,0,43232306
dupont spies hecker wizard,DuPont Spies Hecker Wizard,0,43232306
duxbury braille translator,Duxbury Braille Translator,0,43232111
dx studio,DX Studio,0,43232402
dxcg risksmart,DxCG RiskSmart,0,43232605
dyadem fmea pro-6,Dyadem FMEA Pro-6,0,43232605
dydacomp mail order manager,Dydacomp Mail Order Manager,0,43231506
dynamic analysis,Dynamic analysis,0,43232406
dynamic energy systems medact,Dynamic Energy Systems MedAct,0,43232610
dynamic graphics earthvision,Dynamic Graphics EarthVision,0,43232604
dynamic host configuration protocol dhcp,Dynamic host configuration protocol DHCP,0,43232804
dynamic hypertext markup language dhtml,Dynamic hypertext markup language DHTML,0,43232408
dynamic loanledger,Dynamic Loanledger,0,43231604
dynamic modeling,Dynamic modeling,0,43232605
dynamic object-oriented requirements system doors,Dynamic object-oriented requirements system DOORS,0,43232605
dynamic positioning dp,Dynamic positioning DP,0,43232605
dynatrace,Dynatrace,0,43232801
dynix digital library,Dynix Digital Library,0,43232609
dzs software solutions clinplus,DZS Software Solutions ClinPlus,0,43232306
e++ pattern language,E++ pattern language,0,43232405
e-check,e-check,0,43232611
e-mds,e-MDs,0,43232610
e-mds bill,e-MDs Bill,0,43231607
e-mds chart,e-MDs Chart,0,43232105
e-mds docman,e-MDs DocMan,0,43232202
e-mds schedule,e-MDs Schedule,0,43232108
e-mds topschart,e-MDs topsChart,0,43232610
e-mds topse&m coder,e-MDs topsE&M Coder,0,43232610
e-medrecords compukid,e-MedRecords CompuKID,0,43232610
e-on software vue,e-on software Vue,0,43232102
e-on vue,e-on VUE,0,43232604
e-verify,E-Verify,0,43232306
e-z bis office,E-Z BIS Office,0,43232610
e-z data smartoffice,E-Z Data SmartOffice,0,43232303
eagle point landcadd,Eagle Point LANDCADD,0,43232604
eagle point site design,Eagle Point Site Design,0,43232604
ear measurement,Ear measurement,0,43232610
ear works,Ear Works,0,43232610
earthsoft equis geology,EarthSoft EQuIS Geology,0,43232306
earthvision,EarthVision,0,43232605
earthworks downhole explorer,EarthWorks Downhole Explorer,0,43232605
earthworks maxipit,Earthworks MaxiPit,0,43232605
easy dispatch,Easy Dispatch,0,43233511
easy music composer free,Easy Music Composer Free,0,43232005
easy solutions easy lab,Easy Solutions Easy Lab,0,43232306
easycad iris 2d,EasyCAD Iris 2D,0,43232604
easycbm,EasyCBM,0,43232502
easycis,easyCIS,0,43232402
easypano tourweaver,Easypano Tourweaver,0,43232102
easypath software pathology assistant,EasyPath Software Pathology Assistant,0,43232610
easysolve software sizeperm,EasySolve Software SizePerm,0,43232605
eaton fleet advisor,Eaton Fleet Advisor,0,43232605
eazy application systems quickemr,Eazy Application Systems QuickEMR,0,43232610
ebenefits solutions benefits management,Ebenefits Solutions Benefits Management,0,43231505
ebs on line instapay,EBS On Line InstaPay,0,43231605
ebsco information services academic search premier,EBSCO Information Services Academic Search Premier,0,43232609
ebsco information services library literature and information science index,EBSCO Information Services Library Literature and Information Science Index,0,43232609
"ebsco library, information science, and technology abstracts listsa","EBSCO Library, Information Science, and Technology Abstracts LISTSA",0,43232609
ebsco omnifile fulltext mega,EBSCO OmniFile FullText Mega,0,43232609
ebsco publishing academic search premier,EBSCO Publishing Academic Search Premier,0,43232309
ebsco publishing political science complete,EBSCO Publishing Political Science Complete,0,43232309
ebuy,eBuy,0,43231503
echip,ECHIP,0,43232605
echo sounder,Echo sounder,0,43232605
echurch.com schoolperfect,eChurch.com SchoolPerfect,0,43231602
eclinicalworks ehr,eClinicalWorks EHR,1,43232610
eclipse ide,Eclipse IDE,1,43232402
eclipse jersey,Eclipse Jersey,0,43232408
eclipse legal systems proclaim,Eclipse Legal Systems Proclaim,0,43232306
ecologic adam indoor air quality and analytical data management,EcoLogic ADAM Indoor Air Quality and Analytical Data Management,0,43232306
ecological risk assessment,Ecological risk assessment,0,43232605
econometric software limdep,Econometric Software LIMDEP,0,43232605
economic analysis group eag casetrack,Economic Analysis Group EAG CaseTrack,0,43232306
economic forecasting,Economic forecasting,0,43231604
economic input-output life cycle assessment eio-lca,Economic Input-Output Life Cycle Assessment EIO-LCA,0,43232605
econport,Econport,0,43232605
ecotech winaqms,Ecotech WinAQMS,0,43232606
ecotech wincollect,Ecotech WinCollect,0,43232605
ecredit enterprise,eCredit Enterprise,0,43231604
ect international raceway multi-pack,ECT International Raceway Multi-Pack,0,43232604
eden sales manager,Eden Sales Manager,0,43232303
edexpress,EDExpress,0,43232306
edgewell trac,Edgewell Trac,0,43232306
edible,Edible,0,43231508
edimis anesthesia manager,EDImis Anesthesia Manager,0,43232610
edistrict internet solutions edistrict unified,eDistrict Internet Solutions eDistrict Unified,0,43231602
editcnc,EditCNC,0,43232608
editing,Editing,0,43232104
editor software stylewriter,Editor Software Stylewriter,0,43232104
edmodo,Edmodo,0,43232702
edpuzzle,Edpuzzle,0,43232505
education planning,Education planning,0,43231604
educational,Educational,0,43232502
edulastic,Edulastic,0,43232502
eedo knowledgeware eedo force ten,Eedo Knowledgeware Eedo Force Ten,0,43232502
eeg portaview,EEG Portaview,0,43232610
eeo made simple aapmaker,EEO Made Simple AAPMaker,0,43231505
eeo made simple apptrac,EEO Made Simple AppTrac,0,43231505
effexoft easi,Effexoft EASI,0,43231602
efftec efftrack,EffTec EffTrack,0,43232605
efi hagen oa,EFI Hagen OA,0,43231511
egrabber listgrabber,eGrabber ListGrabber,0,43232307
egress allsafe,Egress Allsafe,0,43232605
egress evacs,Egress EVACS,0,43232605
egs calcmenu,EGS CALCMENU,0,43232306|43232605
egs featurecam,EGS FeatureCAM,0,43232612
ehs carerevolution,EHS CareRevolution,0,43232610
eiffel,Eiffel,0,43232405
eisi naviplan,EISI NaviPlan,0,43231604
ej-technologies jprofiler,ej-technologies JProfiler,0,43232406
eklin information systems via,Eklin Information Systems VIA,0,43232610
eko,Eko,0,43232702
ekotrope rater,Ekotrope RATER,0,43232605
elasticsearch,Elasticsearch,1,43232304
elawsoftware,eLawSoftware,0,43232306
elearningforce joomlalms,ElearningForce JoomlaLMS,0,43232502
electric quilt quilt design wizard,Electric Quilt Quilt Design Wizard,0,43232604
electric rain swift 3d,Electric Rain Swift 3D,0,43232605
electric rain swift 3d xpress,Electric Rain Swift 3D Xpress,0,43232102
electrical power management system,Electrical power management system,0,43232608
electriccloud electriccommander,ElectricCloud ElectricCommander,0,43232402
electro meridian imaging emi,Electro Meridian Imaging EMI,0,43232610
electroconvulsive therapy equipment,Electroconvulsive therapy equipment,0,43232610
electromagnetic analysis,Electromagnetic analysis,0,43232605
electromechanical testing analysis,Electromechanical testing analysis,0,43232605
electromyograph analysis,Electromyograph analysis,0,43232610
electronic adjudication management systems eam,Electronic adjudication management systems EAM,0,43232306
electronic aircraft information databases,Electronic aircraft information databases,0,43232306
electronic breadboard,Electronic breadboard,0,43232604
electronic calendar management,Electronic calendar management,0,43232108
electronic common technical document ectd,Electronic common technical document eCTD,0,43232202
electronic common technical document ectd validating,Electronic common technical document eCTD validating,0,43232202
electronic common technical document ectd viewing,Electronic common technical document eCTD viewing,0,43232202
electronic data capture edc,Electronic data capture EDC,0,43232605
electronic data interchange edi,Electronic data interchange EDI,0,43232403|43233501
electronic data interchange edi systems,Electronic Data Interchange EDI systems,0,43232403
electronic design automation eda,Electronic design automation EDA,0,43232604
electronic diary,Electronic diary,0,43232104
electronic dictionaries,Electronic dictionaries,0,43232507
electronic discovery,Electronic discovery,0,43232605
electronic document management system edms,Electronic document management system EDMS,0,43232202
electronic engineering calculator,Electronic engineering calculator,0,43232605
electronic filing,Electronic filing,0,43233001
electronic health record ehr,Electronic health record EHR,0,43232610
electronic lab notebook,Electronic lab notebook,0,43232605
electronic medical administration record emar,Electronic medical administration record eMAR,0,43232610
electronic medical record emr,Electronic medical record EMR,0,43232610
electronic medical record emr systems,Electronic medical record EMR systems,0,43232610
electronic medical records and electronic health records software ims for allergists,Electronic Medical Records and Electronic Health Records Software IMS for Allergists,0,43232610
electronic online systems international eos.web,Electronic Online Systems International EOS.Web,0,43232609
electronic systems of wisconsin motor test system,Electronic Systems of Wisconsin Motor Test System,0,43232605
electronic time clock etc,Electronic Time Clock ETC,0,43231605
electronic toolkit for tax preparers,Electronic ToolKit for Tax Preparers,0,43231603
electronic tracking device,Electronic tracking device,0,43233506
electronic train management system,Electronic train management system,0,43232306
electronic train management systems etms,Electronic train management systems ETMS,0,43231511
electronic transcript software protext,Electronic Transcript Software ProTEXT,0,43232104
electronic transcription management,Electronic transcription management,0,43232202
electronics for imaging efi monarch,Electronics for Imaging EFI Monarch,0,43231602
electronics for imaging efi pace,Electronics for Imaging EFI Pace,0,43231602
electrosoft flashworks,Electrosoft FlashWorks,0,43232605
elekta impac software intellilab,Elekta Impac Software IntelliLab,0,43232610
elekta impac software powerpath,Elekta Impac Software PowerPath,0,43232610
elekta metriq,Elekta METRIQ,0,43232306
element management,Element management,0,43232804
element software copper,Element Software Copper,0,43231507
elesoft research,EleSoft Research,0,43232605
elevator controls interact,Elevator Controls INTERACT,0,43232605
elevator evacuation elvac,Elevator evacuation ELVAC,0,43232605
elite minds rightwriter,Elite Minds RightWriter,0,43232104
elite software dpipe,Elite Software DPIPE,0,43232605
elite software e-coord,Elite Software E-Coord,0,43232605
elite software elite salon & spa management,Elite Software Elite Salon & Spa Management,0,43232306
elite software elite salon & spa payroll,Elite Software Elite Salon & Spa Payroll,0,43231505
elite software energy audit,Elite Software Energy Audit,0,43232605
elite software fire,Elite Software FIRE,0,43232605
elite software hsym,Elite Software HSYM,0,43232605
elite software inpoint,Elite Software Inpoint,0,43232605
elite software outpoint,Elite Software Outpoint,0,43232605
elite software plumbing cad,Elite Software Plumbing CAD,0,43232604
elite software short,Elite Software Short,0,43232605
elite software spipe,Elite Software Spipe,0,43232605
elite software sprinkler cad,Elite Software Sprinkler CAD,0,43232604
elite software vdrop,Elite Software VDROP,0,43232605
ellie mae contour,Ellie Mae Contour,0,43231604
ellie mae genesis,Ellie Mae Genesis,0,43231604
ellucian banner erp,Ellucian Banner ERP,0,43231602
ellucian banner human resources,Ellucian Banner Human Resources,0,43231505
ellucian colleague,Ellucian Colleague,0,43231602
ellucian degree works,Ellucian Degree Works,0,43231507
elm resources elm,ELM Resources ELM,0,43232306
eloquent systems eloquent,Eloquent Systems Eloquent,0,43231507
elr software elr extra language resources,ELR Software eLr Extra Language Resources,0,43232610
elsevier mdl isis/draw,Elsevier MDL ISIS/Draw,0,43232102
elsevier sciencedirect,Elsevier ScienceDirect,0,43232609
elucidat,Elucidat,0,43232102
ema timingdesigner,EMA TimingDesigner,0,43232604
email,Email,0,43233501
email management,Email management,0,43232902
emass,eMASS,0,43232620
embarcadero delphi,Embarcadero Delphi,0,43232405
embarcadero er/studio xe,Embarcadero ER/Studio XE,0,43232310
embarcadero jbuilder,Embarcadero JBuilder,0,43232402
embarcadero technologies dbartisan,Embarcadero Technologies DBArtisan,0,43232304
embedded systems development,Embedded systems development,0,43232402
embedded systems testing,Embedded systems testing,0,43232605
emboss,EMBOSS,0,43232605
embroidery design,Embroidery design,0,43232604
emc captiva,EMC Captiva,0,43232605
emc document sciences xpression,EMC Document Sciences xPression,0,43232202
emc documentum,EMC Documentum,0,43232202
emc ionix network configuration manager,EMC Ionix Network Configuration Manager,0,43232401
emc networker,EMC NetWorker,0,43233415
emc rsa archer business continuity management,EMC RSA Archer Business Continuity Management,0,43231602
emc smarts network protocol manager,EMC Smarts Network Protocol Manager,0,43232802
emc symmetrix dmx,EMC Symmetrix DMX,0,43232907
emd international windpro,EMD International WindPRO,0,43232605
emdeon healthpro,Emdeon HealthPro,0,43232610
emds medisoft,eMDs Medisoft,0,43232610
emds practice partner,eMDs Practice Partner,0,43232610
emerald data deed-chek,Emerald Data Deed-Chek,0,43233506
emerald insight emerald management xtra,Emerald Insight Emerald Management Xtra,0,43232609
emerald software group emerald green office,Emerald Software Group Emerald Green Office,0,43232201
emergency managers weather information network emwin,Emergency Managers Weather Information Network EMWIN,0,43232306
emergency notification system,Emergency notification system,0,43232902
emergency services integrators esi webeoc,Emergency Services Integrators ESi WebEOC,0,43231507
emerging technologies office center,Emerging Technologies Office Center,0,43231602
emerson firstvue value sizing,Emerson FIRSTVUE Value Sizing,0,43232605
emerson ovation,Emerson Ovation,0,43232608
emissions tracking,Emissions tracking,0,43232606
emmaus mpword,Emmaus MPWord,0,43232104
emoneyadvisor advisorplatform,eMoneyAdvisor AdvisorPlatform,0,43232303
empirisoft directrt,Empirisoft DirectRT,0,43232605
empirisoft medialab,Empirisoft MediaLab,0,43232605
employee performance management system,Employee performance management system,0,43231505
employee scheduling,Employee scheduling,0,43232108
employee self-service,Employee self-service,0,43231505
emr experts pediatric emr,EMR Experts Pediatric EMR,0,43232610
emrlogic systems enterprise visions,EMRlogic Systems ENTERPRISE Visions,0,43232610
emt applications counselormax,EMT Applications CounselorMax,0,43232306
emulators,Emulators,0,43233004
en route descent advisor eda,En route descent advisor EDA,0,43232607
enabl-u technologies apis,Enabl-u Technologies APIS,0,43231507
enablez resortsuite,Enablez ResortSuite,0,43232303
encite dermatology electronic health records ehr,Encite Dermatology Electronic Health Records EHR,0,43232610
encoded archival system ead,Encoded archival system EAD,0,43232306|43232402
encoder,Encoder,0,43233205
encompass,Encompass,0,43231604
encompix erp,Encompix ERP,0,43231602
encryption,Encryption,0,43233205
end of run report eor,End of Run Report EOR,0,43232306
end-to-end encryption,End-to-end encryption,0,43233205
endeavour agile alm,Endeavour Agile ALM,0,43231507
endicia internet postage,Endicia Internet Postage,0,43231510
endosoft,EndoSoft,0,43232306
enercalc fastframe,ENERCALC FastFrame,0,43232604
enercom energy depot for business,Enercom Energy Depot for Business,0,43232605
enercom energy depot for homes,Enercom Energy Depot for Homes,0,43232605
energy analysis,Energy analysis,0,43232605
energy auditing,Energy auditing,0,43232605
energy cost evaluation,Energy cost evaluation,0,43232605
energy efficient rehab advisor,Energy Efficient Rehab Advisor,0,43232605
energy expenditure prediction eep,Energy expenditure prediction EEP,0,43232605
energy management system ems,Energy management system EMS,0,43232608
energy use ratings databases,Energy use ratings databases,0,43232306
energy-10,Energy-10,0,43232605
energyplus,EnergyPlus,0,43232605
energysoft energypro,EnergySoft EnergyPro,0,43232605
enertia,Enertia,0,43231508
enfocus pitstop pro,Enfocus PitStop Pro,0,43232112
enforcement case tracking system enforce,Enforcement Case Tracking System ENFORCE,0,43232306
enggist & grandjean egs f&b control,Enggist & Grandjean EGS F&B Control,0,43231506
engine analysis,Engine analysis,0,43232605
engine diagnostic,Engine diagnostic,0,43232605
engine diagnostic scanners,Engine diagnostic scanners,0,43232605
enhanced interior gateway routing protocol eigrp,Enhanced Interior Gateway Routing Protocol EIGRP,0,43232908
enigma,Enigma,0,43232605
enova enatro,Enova eNatro,0,43232610
ensembl,ENSEMBL,0,43232605
enterprise application integration eai,Enterprise application integration EAI,0,43232403
enterprise backup systems,Enterprise backup systems,0,43233415
enterprise content management ecm,Enterprise content management ECM,0,43232202
enterprise javabeans,Enterprise JavaBeans,0,43232408
enterprise logix,Enterprise Logix,0,43231506
enterprise report management erm,Enterprise report management ERM,0,43232202
enterprise resource planning erp,Enterprise resource planning ERP,0,43231602
enterprise resource planning erp system,Enterprise resource planning ERP system,0,43231602
enterprise risk management software erms,Enterprise risk management software ERMS,0,43232620
enterprise software systems cre sync,Enterprise Software Systems CRE Sync,0,43232306
enterprise systems rfid data management,Enterprise Systems RFID Data Management,0,43232111
entity management,Entity Management,0,43232306
envirodata solutions,EnviroData Solutions,0,43232605
enviroinsite,EnviroInsite,0,43232106
environmental health and safety documentation,Environmental health and safety documentation,0,43232606
environmental knowledge and assessment tool ekat,Environmental Knowledge and Assessment Tool EKAT,0,43232605
environmental research services raob,Environmental Research Services RAOB,0,43232605
environmental software and services sutra,Environmental Software and Services SUTRA,0,43232605
envision pet grooming,Envision Pet Grooming,0,43232306
envision salon,Envision Salon,0,43232306
enzymex,EnzymeX,0,43232605
eoriginal ecore business suite,eOriginal eCore Business Suite,0,43232202
eos systems photomodeler,Eos Systems PhotoModeler,0,43232102
epa storm water management model swmm,EPA Storm Water Management Model SWMM,0,43232605
epcon international chempro engineering suite,EPCON International CHEMPRO Engineering Suite,0,43232605
epcon international sinet,EPCON International SiNET,0,43232605
epcon international system 7 process explorer,EPCON International SYSTEM 7 Process Explorer,0,43232605
epharmasolutions emvr,ePharmaSolutions eMVR,0,43232306
epic epiccare inpatient clinical system,Epic EpicCare Inpatient Clinical System,0,43232610
epic gis,EPIC GIS,0,43232605
epic her,Epic HER,0,43232610
epic practice management,Epic Practice Management,0,43232610
epic systems,Epic Systems,1,43232610
epiccare ambulatory electronic medical records (emr),EpicCare Ambulatory Electronic Medical Records (EMR),0,43232610
epicenter software epilog,Epicenter Software Epilog,0,43232605
epiclab laboratory information system,EpicLab Laboratory Information System,0,43232610
epicor loss prevention,Epicor Loss Prevention,0,43232605
epicor srm,Epicor SRM,0,43231506
epicor vantage erp,Epicor Vantage ERP,0,43231602
epicor vista erp,Epicor Vista ERP,0,43231602
epicor wms,Epicor WMS,0,43231506
epidata analysis,EpiData Analysis,0,43232605
epidemiological,Epidemiological,0,43232605
epinoisis software digital ear,Epinoisis Software Digital Ear,0,43232005
eplan,EPLAN,0,43232608
epocrates,Epocrates,0,43232309|43232610
epos business solutions system 3 pos,ePOS Business Solutions System 3 POS,0,43232611
eproduction solutions pansystem,eProduction Solutions PanSystem,0,43232605
epsych,ePsych,0,43232502
equal employment opportunity eeo compliance,Equal employment opportunity EEO compliance,0,43232606
equative timeledger,Equative TimeLedger,0,43231605
equest,eQuest,0,43231505
equifax,Equifax,0,43231604
equifax advanced decisioning,Equifax Advanced Decisioning,0,43231604
equifax application engine,Equifax Application Engine,0,43232201
equifax interconnect,Equifax InterConnect,0,43231604
equipment compliance testing,Equipment compliance testing,0,43232606
equipment management information,Equipment management information,0,43232306
equitas eeostat,Equitas EEOStat,0,43232605
erdas er mapper,ERDAS ER Mapper,0,43233506
erosion productivity impact calculator epic,Erosion Productivity Impact Calculator EPIC,0,43232605
erp,ERP,0,43231602
erp industrios material planning,ERP INDUSTRIOS Material Planning,0,43231506
esa mosaics,ESA MOSAICS,0,43232605
esha research the food processor,ESHA Research The Food Processor,0,43232605
esi group autosea2,ESI Group AutoSEA2,0,43232605
esi software esilaw,ESI Software ESILAW,0,43231601
esko artpro,Esko ArtPro,0,43232112
espsoftware employee schedule partner,espSoftware Employee Schedule Partner,0,43232108
esri,ESRI,0,43232510
esri arccatalog,ESRI ArcCatalog,0,43232510
esri arceditor,ESRI ArcEditor,0,43232510
esri arcexplorer,ESRI ArcExplorer,0,43232510
esri arcgis,ESRI ArcGIS,1,43232510|43232605|43233506
esri arcgis (analytical or scientific feature),ESRI ArcGIS (analytical or scientific feature),0,43232510
esri arcgis arcpy,ESRI ArcGIS ArcPy,0,43232605
esri arcgis geostatistical analyst,ESRI ArcGIS Geostatistical Analyst,0,43232510
esri arcgis spatial analyst,ESRI ArcGIS Spatial Analyst,0,43232510
esri arcgis survey 123,ESRI ArcGIS Survey 123,0,43232605
esri arcims,ESRI ArcIMS,0,43232510
esri arcinfo,ESRI ArcInfo,0,43232510
esri arclogistics,ESRI ArcLogistics,0,43232510
esri arcmap,ESRI ArcMap,0,43232510
esri arcpad,ESRI ArcPad,0,43232510
esri arcsde,ESRI ArcSDE,0,43232510
esri arctoolbox,ESRI ArcToolbox,0,43232510
esri arcview,ESRI ArcView,0,43232510
esri arcview 3d analyst,ESRI ArcView 3D Analyst,0,43232510
esri maplex,ESRI Maplex,0,43232510
esri mapobjects,ESRI MapObjects,0,43232510
esri personal geodatabase,ESRI Personal Geodatabase,0,43232510
esri site scan for arcgis,ESRI Site Scan for ArcGIS,0,43233506
esri what if?,ESRI What if?,0,43232510
ess compliance suite,ESS Compliance Suite,0,43232606
essa technologies path landscape model,ESSA Technologies Path Landscape Model,0,43232605
essa technologiestool for exploratory landscape scenario analyses telsa,ESSA TechnologiesTool for Exploratory Landscape Scenario Analyses TELSA,0,43232605
estara softphone,eStara Softphone,0,43233503
estate capitol needs analysis,Estate Capitol Needs Analysis,0,43231604
estate planning,Estate planning,0,43231604
estima rats,Estima RATS,0,43232605
estima regression analysis of time series rats,Estima Regression Analysis of Time Series RATS,0,43232605
estimates delivery system eds,Estimates Delivery System EDS,0,43232605
estimating,Estimating,0,43231507
eta dynaform,ETA Dynaform,0,43232605
etakeoff,eTakeoff,0,43231507
etap,ETAP,0,43232510
etelenext ap anywhere,eTeleNext AP Anywhere,0,43232610
etelenext lis,eTeleNext LIS,0,43232610
ethereal,Ethereal,0,43232801
etouches,etouches,0,43231507
etq environmental health and safety,EtQ Environmental Health and Safety,0,43232606
etq fda cgxp compliance software for life sciences,EtQ FDA cGxP Compliance Software for Life Sciences,0,43232606
etq reliance,EtQ Reliance,0,43232606
etrac,eTrac,0,43232306
etritionware,eTritionWare,0,43231602
ettercap ng,Ettercap NG,0,43232801
etymotic research quicksin,Etymotic Research QuickSIN,0,43232610
europa world plus,Europa World Plus,0,43232309
european soil erosion model eurosem,European Soil Erosion Model EUROSEM,0,43232605
european southern observatory munich image data analysis system eso-midas,European Southern Observatory Munich Image Data Analysis System ESO-MIDAS,0,43232605
evacuation modeling,Evacuation modeling,0,43232605
event log monitor,Event log monitor,0,43233004
event management,Event Management,0,43231507
event scheduling,Event scheduling,0,43232108
event-driven state-machines programming,Event-driven State-machines Programming,0,43232402
eventhelix webtaxi,EventHelix WebTaxi,0,43233511
events operations,Events Operations,0,43231507
ever team eversuite content management,Ever Team EverSuite Content Management,0,43232202
everest software advanced,Everest Software Advanced,0,43231602
evergreen technology eagle bid estimating,Evergreen Technology Eagle Bid Estimating,0,43231507
evergreen technology total faux,Evergreen Technology Total Faux,0,43232605
evernote,Evernote,0,43232104
evolution computing easycad,Evolution Computing EasyCAD,0,43232604
evolution computing fastcad,Evolution Computing FastCAD,0,43232604
evron computer systems sage pfw (platinum for windows),Evron Computer Systems SAGE PFW (Platinum For Windows),0,43231601
ewing solutions quickwriter,Ewing Solutions QuickWriter,0,43232104
ex libris group aleph,Ex Libris Group Aleph,0,43232306
ex libris group digitool,Ex Libris Group DigiTool,0,43232306
ex libris group voyager,Ex Libris Group Voyager,0,43232609
exacq technologies,Exacq Technologies,0,43232103
exact business,Exact business,0,43231505
exact max,Exact MAX,0,43231602
exact software jobboss,Exact Software JobBOSS,0,43232306
exact software macola erp,Exact Software Macola ERP,0,43231602
exact software macola es,Exact Software Macola ES,0,43231602
exact software macola es labor performance,Exact Software Macola ES Labor Performance,0,43231605
exactax packageex,ExacTax PackageEX,0,43231603
examsoft exam intelligence,ExamSoft Exam Intelligence,0,43232502
excavator,Excavator,0,43232605
exceltrans translator,ExcelTrans Translator,0,43232501
exe,eXe,0,43232107
execu/tech systems hotel premium,Execu/Tech Systems HOTEL Premium,0,43232603
exele topview,Exele TopView,0,43232605
exercise routine creation,Exercise routine creation,0,43232104
expedite departure path edp,Expedite departure path EDP,0,43232607
expensewatch,ExpenseWatch,0,43231604
experian,Experian,0,43231604
experian credinomics,Experian Credinomics,0,43231604
experian detect,Experian Detect,0,43231604
experian fraudshield,Experian FraudShield,0,43231604
experian quest,Experian Quest,0,43231604
experian retention triggers,Experian Retention Triggers,0,43231604
experian strategy management,Experian Strategy Management,0,43231513
experian transact sm,Experian Transact SM,0,43232201
experience in software project kickstart,Experience in Software Project KickStart,0,43231507
experience in software webplanner,Experience in Software Webplanner,0,43231507
experimental physics and industrial control system epics,Experimental Physics and Industrial Control System EPICS,0,43232605
expert health data programming vitalnet,Expert Health Data Programming Vitalnet,0,43232605
explorer engineer,Explorer Engineer,0,43232306
express business valuations,Express Business Valuations,0,43231604
expressdigital labtricity,ExpressDigital Labtricity,0,43232102
expression dna and protein sequence,Expression DNA and protein sequence,0,43232605
ext js,Ext JS,0,43232408
extedo docvalidator,Extedo DOCvalidator,0,43232202
extedo ectdmanager suite,Extedo eCTDmanager Suite,0,43232202
extedo plmanager,Extedo PLmanager,0,43232202
extensible business reporting language xbrl,eXtensible Business Reporting Language XBRL,0,43232402
extensible hypertext markup language xhtml,Extensible hypertext markup language XHTML,0,43232408
extensible markup language xml,Extensible markup language XML,1,43232403
extensible stylesheet language transformations xslt,Extensible stylesheet language transformations XSLT,0,43232408
extensible stylesheet language xsl,Extensible stylesheet language XSL,0,43232403
extensity mpc,Extensity MPC,0,43231602
extranet machine tools suite,Extranet Machine Tools Suite,0,43232612
extratech machine tools suite,ExtraTech Machine Tools Suite,0,43232612
eye tracking exercises enterprises track with letters,Eye Tracking Exercises Enterprises Track with Letters,0,43233422
eyeglass design,Eyeglass design,0,43232604
eyelit manufacturing,Eyelit Manufacturing,0,43232608
eyemd emr healthcare systems eyemd emr,EyeMD EMR Healthcare Systems EyeMD EMR,0,43232610
ez 2000,EZ 2000,0,43232610
ez forms,EZ Forms,0,43232112
ez lcms,EZ LCMS,0,43232502
ez pipe,EZ Pipe,0,43232604
ez software solutions,EZ Software Solutions,0,43232611
ez-cam,EZ-CAM,0,43232612
ez-data client data system,EZ-Data Client Data System,0,43232303
ez-ranch,EZ-Ranch,0,43231602
ez-zone optizone enterprise,EZ-Zone Optizone Enterprise,0,43232306
ez-zone software alternative medical billing,EZ-Zone Software Alternative Medical Billing,0,43231607
ez2bill confidant,EZ2Bill Confidant,0,43231607
ezanalyze,EZAnalyze,0,43232110
ezappt,EZappt,0,43232108
ezchartwriter,ezChartWriter,0,43232610
ezclaim medical billing,EZClaim medical billing,0,43231607
ezfacility trainer management system,EZFacility Trainer Management System,0,43231602
eznotes,EZnotes,0,43232610
fabasoft folio,Fabasoft Folio,0,43232202
facebook,Facebook,1,43232107
facetime,FaceTime,0,43233502
facilities design,Facilities design,0,43232604
facilities management,Facilities management,0,43232603
facilities planning,Facilities planning,0,43232604
facility database,Facility database,0,43232306
facility energy decision systems feds,Facility Energy Decision Systems FEDS,0,43232605
facility energy management,Facility energy management,0,43232603
facility use,Facility use,0,43232306
factiva,Factiva,0,43232309
factory edge mrp,Factory Edge MRP,0,43231506
factsage,FactSage,0,43232605
fagerman technologies medlook,Fagerman Technologies MedLook,0,43232610
failure analysis,Failure analysis,0,43232605
failure assessment,Failure assessment,0,43232604
failure mode and effects analysis fmea,Failure mode and effects analysis FMEA,0,43232605
failure mode effects and criticality analysis fmeca,Failure mode effects and criticality analysis FMECA,0,43232605
failure modes analysis,Failure modes analysis,0,43232605
failure modes and effects analysis fmea,Failure modes and effects analysis FMEA,0,43232605
failure rate data in perspective faradip,Failure rate data in perspective FARADIP,0,43232605
failure rate database,Failure rate database,0,43232306
failure reporting analysis and corrective action fracas,Failure reporting analysis and corrective action FRACAS,0,43232605
fair isaac application risk model,Fair Isaac Application Risk Model,0,43231604
fair isaac capstone decision manager,Fair Isaac Capstone Decision Manager,0,43231604
fair isaac claims advisor,Fair Isaac Claims Advisor,0,43232306
fair isaac enterprise decision management for insurance,Fair Isaac Enterprise Decision Management for Insurance,0,43231602
fair isaac falcon id,Fair Isaac Falcon ID,0,43231604
fair isaac smartadvisor,Fair Isaac SmartAdvisor,0,43231511
fan system assessment tool fsat,Fan System Assessment Tool FSAT,0,43232605
fanatic software informant,Fanatic Software Informant,0,43232108
fannie mae desktop underwriter,Fannie Mae Desktop Underwriter,0,43231604
fanuc cnc,Fanuc CNC,0,43232608|43232612
fanuc robotics arctool,FANUC Robotics ArcTool,0,43232608
fanuc robotics diagnostic resource center drc,FANUC Robotics Diagnostic Resource Center DRC,0,43232608
fanuc robotics dual check safety dcs position and speed check,FANUC Robotics Dual Check Safety DCS Position and Speed Check,0,43232608
fanuc robotics handlingtool,FANUC Robotics HandlingTool,0,43232608
fanuc robotics ircalibration vision suite,FANUC Robotics iRCalibration Vision Suite,0,43232608
fanuc robotics irvision,FANUC Robotics iRVision,0,43232608
fanuc robotics multiarm systems,FANUC Robotics MultiARM Systems,0,43232608
fanuc robotics spottool+,FANUC Robotics SpotTool+,0,43232608
fanuc robotics through arc seam tracking tast,FANUC Robotics Through Arc Seam Tracking TAST,0,43232608
fanuc robotics torchmate 3,FANUC Robotics Torchmate 3,0,43232608
farm business software systems smart feeder,Farm Business Software Systems Smart Feeder,0,43232306
farm files crops,Farm Files Crops,0,43232306
farm files livestock,Farm Files Livestock,0,43232306
farm management software hay and crop manager,Farm Management Software Hay and Crop Manager,0,43231602
farm works site pro,Farm Works Site Pro,0,43232605
farm works software trac,Farm Works Software Trac,0,43232306
farmlogic farmpad,FarmLogic FarmPAD,0,43232306
farsite,FARSITE,0,43232605
fas loan service plus,FAS Loan Service Plus,0,43231604
fashion toolbox,Fashion Toolbox,0,43232604
fast fourier transform fft analysis,Fast Fourier transform FFT analysis,0,43232605
fasta,FASTA,0,43232605
fastcam,FastCAM,0,43232612
fastcase legal,Fastcase legal,0,43232309
fastest,FastEST,0,43231507
fastest fastpipe,FastEST FastPipe,0,43231507
fastlink,FASTLINK,0,43232605
fatigue analysis,Fatigue analysis,0,43232605
fault detection isolation and recovery fdir,Fault detection isolation and recovery FDIR,0,43232605
fault modeling,Fault modeling,0,43232605
fault testing,Fault testing,0,43232406
fault tree analysis fta,Fault tree analysis FTA,0,43232605
faux labs splashup,Faux Labs Splashup,0,43232102
fbs data systems flexmls,FBS Data Systems Flexmls,0,43232306
fcc software autopol series,FCC Software AutoPOL Series,0,43232604
fear,FEAR,0,43232605
feat/firemon integrated ffi,FEAT/Firemon integrated FFI,0,43232605
fedbizops,FedBizOps,0,43232309
federal emergency management information system femis,Federal Emergency Management Information System FEMIS,0,43232306
federal renewable energy screening assistant fresa,Federal Renewable Energy Screening Assistant FRESA,0,43232605
fedex ship manager,FedEx Ship Manager,0,43231506
fedstats,FedStats,0,43232306
feedlot calc,FEEDLOT CALC,0,43232605
fema emmie,FEMA EMMIE,0,43232306
feng office collaboration platform,Feng Office Collaboration Platform,0,43232306
ferret,Ferret,0,43232605
fftpack,FFTPACK,0,43232402
fftw,FFTW,0,43232402
fidelity hr/payroll,Fidelity HR/Payroll,0,43231505
fidessa compliance manager,Fidessa Compliance Manager,0,43232606
field data recorder,Field data recorder,0,43232605
field operations and records management system (forms) ii lite,Field Operations and Records Management System (FORMS) II Lite,0,43232605
field programmable gate array fpga design,Field programmable gate array FPGA design,0,43232604
field programmable gate array fpga logic synthesis,Field programmable gate array FPGA logic synthesis,0,43232605
fielding data labs optomizer,Fielding Data Labs OptoMizer,0,43232605
fieldsoft aimsonscene,FieldSoft AIMSonScene,0,43231507
fifth walk billingtracker,Fifth Walk BillingTracker,0,43231607
fifthwalk billingtracker pro,FifthWalk BillingTracker Pro,0,43231607
figma,Figma,1,43232404
figure 53 qlab,Figure 53 QLab,0,43232103
file compression,File compression,0,43233403
file management,File management,0,43232202
file management systems,File management systems,0,43232202
file server,File server,0,43233001
file system,File system,0,43233001
file transfer protocol ftp,File transfer protocol FTP,0,43232805|43233001
file transfer protocol ftp client,File transfer protocol FTP client,0,43232805
filehold systems filehold,FileHold Systems FileHold,0,43232202
filemaker bento,FileMaker Bento,0,43232306
filemaker pro,FileMaker Pro,0,43232306
filemon,FileMon,0,43232406
filenet p8,FileNet P8,0,43232202
filevision,FileVision,0,43232202
filing system,Filing system,0,43232202
film processor tracking and management,Film processor tracking and management,0,43232610
final approach spacing tool fast,Final approach spacing tool FAST,0,43232607
finalbuilder,FinalBuilder,0,43232402
finance logix education planner,Finance Logix Education Planner,0,43231604
finance logix insurance planner,Finance Logix Insurance Planner,0,43231604
finance logix retirement planner,Finance Logix Retirement Planner,0,43231604
financeware aasim,Financeware AASim,0,43231604
financeware finance file manager,Financeware Finance File Manager,0,43232202
financeware wealthsimulator,Financeware WealthSimulator,0,43231604
financial accounting,Financial accounting,0,43231601
financial aid management system fam,Financial aid management system FAM,0,43232306
financial analysis,Financial analysis,0,43231604
financial calculators,Financial calculators,0,43231604
financial competence,Financial Competence,0,43231604
financial compliance,Financial compliance,0,43232606
financial industry computer systems loan accountant,Financial Industry Computer Systems Loan Accountant,0,43231601
financial industry computer systems loan originator,Financial Industry Computer Systems Loan Originator,0,43231604
financial industry computer systems loan producer,Financial Industry Computer Systems Loan Producer,0,43231604
financial modeling,Financial modeling,0,43231604
financial needs analysis,Financial needs analysis,0,43231604
financial planning,Financial planning,0,43231604
financial planning consultants practice builder,Financial Planning Consultants Practice Builder,0,43232303
financial planning presentation,Financial planning presentation,0,43232106
financial profiles profiles+ professional,Financial Profiles Profiles+ Professional,0,43231604
financial record,Financial record,0,43231601
financial report generation,Financial report generation,0,43232104
financial reporting,Financial reporting,0,43231601|43231604
financial statement,Financial statement,0,43231601
financial tracking,Financial tracking,0,43231601
financial transaction analysis,Financial transaction analysis,0,43231604
findforms,FindForms,0,43232309
findlaw code of federal regulations cfr,FindLaw Code of Federal Regulations CFR,0,43232309
findtarget,FindTarget,0,43232605
fineng solutions perform,FinEng Solutions PerfoRM,0,43231604
fineng solutions quantis,FinEng Solutions Quantis,0,43231604
fineos insure,FINEOS Insure,0,43231602
fingerprint databases,Fingerprint databases,0,43232306
finite difference time domain fdtd,Finite difference time domain FDTD,0,43232605
finite element analysis,Finite element analysis,0,43232605
finite element analysis fea,Finite element analysis FEA,0,43232605
finite element method fem,Finite element method FEM,0,43232605
finite matters patternstream,Finite Matters PatternStream,0,43232112
fire behavior modeling,Fire behavior modeling,0,43232605
fire dynamics simulators,Fire dynamics simulators,0,43232605
fire dynamics software fds,Fire Dynamics Software FDS,0,43232605
fire incident reporting systems,Fire incident reporting systems,0,43232306
fire protection engineering tools fpetool,Fire Protection Engineering Tools FPETool,0,43232605
fire response of structures thermal fires-t,Fire Response of Structures Thermal FIRES-T,0,43232605
fire safety inspection and testing,Fire safety inspection and testing,0,43232606
fire simulation technique first,Fire Simulation Technique FIRST,0,43232605
fire spread probability fspro,Fire Spread Probability FSPro,0,43232605
firecalc fire zone modeling,FIRECALC fire zone modeling,0,43232605
firewall,Firewall,0,43233204
first american corelogic realquest pro,First American CoreLogic RealQuest Pro,0,43232306
first american data tree parcel iq,First American Data Tree Parcel IQ,0,43232306
first flooring,FIRST Flooring,0,43231507
first insight e-z frame,First Insight E-Z Frame,0,43232610
first insight maximeyes,First Insight MaximEyes,0,43232610
first notice systems claimcapture,First Notice Systems ClaimCapture,0,43231511
fiserv advanced underwriting,Fiserv Advanced Underwriting,0,43231604
fiserv financial services,Fiserv financial services,0,43232306
fiserv fsc manager,Fiserv FSC Manager,0,43232303
fiserv pep+ reach,Fiserv PEP+ reACH,0,43232102
fish stocking databases,Fish stocking databases,0,43232306
fishbowl warehouse,Fishbowl Warehouse,0,43231508
fishxing,FishXing,0,43232605
fitnesse,FitNesse,0,43232406
fitts geosolutions twodan,Fitts Geosolutions TWODAN,0,43232605
fixed income alternative trading systems ats,Fixed income alternative trading systems ATS,0,43231604
fixed-assets depreciation,Fixed-assets depreciation,0,43231604
flammap,FlamMap,0,43232605
flashcut cnc,FlashCut CNC,0,43232612
flask,Flask,0,43232402
flat file checker,Flat File Checker,0,43232310
fleet asset management and optimization solutions famos pepse,Fleet Asset Management and Optimization Solutions FAMOS PEPSE,0,43232605
fleet management,Fleet management,0,43231506
fleet management systems,Fleet management systems,0,43231506
fleet monitoring system,Fleet monitoring system,0,43233511
fleetware,Fleetware,0,43231506
fletcher-flora health care systems fflex esuite lis,Fletcher-Flora Health Care Systems FFlex eSuite LIS,0,43232610
fletcher-flora health care systems labpak lis,Fletcher-Flora Health Care Systems LabPak LIS,0,43232610
flexbox,FlexBox,0,43232408
flexible dynamics modeling,Flexible dynamics modeling,0,43232605
flexifinancials flexiledger,FlexiFinancials FlexiLedger,0,43231601
fleximusic composer,FlexiMusic Composer,0,43232005
flextraining total e-learning solution,FlexTraining Total e-Learning Solution,0,43232502
flight simulation,Flight simulation,0,43232607
flipgrid,Flipgrid,0,43232103
flir thermal studio suite,FLIR Thermal Studio Suite,0,43232605
flood modeling,Flood modeling,0,43232605
floodmaps,FloodMaps,0,43233506
floor planning,Floor planning,0,43232604
floorcost estimator for excel,FloorCOST Estimator for Excel,0,43231507
flooring technologies qfloors,Flooring Technologies QFloors,0,43232306
floriani mdq my decorative quilter,Floriani MDQ My Decorative Quilter,0,43232604
florida object oriented design simulator floods,FLorida Object Oriented Design Simulator FLOODS,0,43232605
florida object oriented process simulator floops,FLorida Object Oriented Process Simulator FLOOPS,0,43232605
flow analysis software toolkit fast,Flow Analysis Software Toolkit FAST,0,43232605
flow chart,Flow chart,0,43231518
flowcharting,Flowcharting,0,43231518
flowjo,FlowJo,0,43232605
floydware rosy,Floydware Rosy,0,43232306
fluent flowizard,Fluent FloWizard,0,43232605
fluidsurveys,FluidSurveys,0,43231507
fluke clearsight analyzer,Fluke ClearSight Analyzer,0,43232605
fluke corporation flukeview forms,Fluke Corporation FlukeView Forms,0,43232605
fluke networks enterprise lanmeter,Fluke Networks Enterprise LANMeter,0,43232801
fluke networks fluke techexpert,Fluke Networks Fluke TechEXPERT,0,43231511
fluke networks techadvisor field access system,Fluke Networks TechAdvisor Field Access System,0,43232605
flukeview forms,FlukeView Forms,0,43232202
flying popcorn,Flying PopCorn,0,43232106
focus floor covering,Focus Floor Covering,0,43232306
focus point of sale pos,Focus point of sale POS,0,43232611
fog creek software fogbugz,Fog Creek Software FogBugz,0,43232402
fog line software truckn pro,Fog Line Software Truckn Pro,0,43232306
foldx,FoldX,0,43232605
follow code,FOLLOW code,0,43232402
food inventory,Food inventory,0,43231508
food safety labeling systems,Food safety labeling systems,0,43232606
food service solutions foodco,Food Service Solutions FoodCo,0,43231508
food service solutions positive id system,Food Service Solutions POSitive ID System,0,43232611
food services solutions daycap,Food Services Solutions DayCap,0,43231601
foodman home-delivery,Foodman Home-Delivery,0,43232611
footmaxx metascan,Footmaxx Metascan,0,43232610
force platform,Force platform,0,43232605
force sensitive applications fsa,Force sensitive applications FSA,0,43232605
foresoft cds cogo,Foresoft CDS Cogo,0,43232605
foresoft cds model,Foresoft CDS Model,0,43232605
forest ecosurvey,Forest EcoSurvey,0,43232306
forest metrix,Forest Metrix,0,43231508
forest vegetation simulators,Forest vegetation simulators,0,43232605
forest yield,Forest yield,0,43232605
formlink hydrogen,Formlink HydroGEN,0,43232605
formula translation/translator fortran,Formula translation/translator FORTRAN,0,43232402
forsk atoll,Forsk Atoll,0,43232801
forteemr,ForteEMR,0,43232610
forth,Forth,0,43232402
fortherecord therecord player,ForTheRecord TheRecord Player,0,43232106
fortius lab systems clinical lis,Fortius Lab Systems Clinical LIS,0,43232610
fortran,Fortran,0,43232405
fortress medical clindex,Fortress Medical Clindex,0,43232306
forum one communications projectspaces,Forum One Communications ProjectSpaces,0,43231507
foundatino directory online (fdo),Foundatino Directory Online (FDO),0,43232306
fountains forestry twodog,Fountains Forestry TwoDog,0,43231508
four soft 4s elog,Four Soft 4S eLog,0,43231506
four soft 4s visilog,Four Soft 4S VisiLog,0,43231506
fourier transform infrared ftir,Fourier transform infrared FTIR,0,43232605
fox meadows accent data manager,Fox Meadows Accent Data Manager,0,43232202
fox meadows chartingplus,Fox Meadows ChartingPlus,0,43232306
fox meadows encountermanager,Fox Meadows EncounterManager,0,43232610
fox meadows software medinotes e,Fox Meadows Software MediNotes e,0,43232610
fpa software maccs,FPA Software MACCS,0,43232306
fractal concept softscan,Fractal Concept SoftScan,0,43232605
fractal pattern analysis,Fractal pattern analysis,0,43231604
frameplot,FramePlot,0,43232605
framework for integrated test fit,Framework for integrated test FIT,0,43232406
franklincovey tabletplanner,FranklinCovey TabletPlanner,0,43232108
fred's tip cartridge picker,Fred's Tip Cartridge Picker,0,43232605
freddie mac loan prospector,Freddie Mac Loan Prospector,0,43231604
freedom medteach,Freedom MedTEACH,0,43232502
freedom scientific magic,Freedom Scientific MAGic,0,43233405
freescale codewarrior tools,Freescale CodeWarrior Tools,0,43232402
freesurfer,FreeSurfer,0,43232605
freeverse lineform,Freeverse Lineform,0,43232102
freeze.com ovation studio pro,Freeze.com Ovation Studio Pro,0,43232106
freight rail crew optimization scheduling frcos,Freight Rail Crew Optimization Scheduling FRCOS,0,43232605
freight reservation,Freight reservation,0,43231506
freight+,Freight+,0,43231506
freightdata,FreightDATA,0,43232608
front desk,Front Desk,0,43232306
frsglobal regpro,FRSGlobal RegPro,0,43232606
frx software microsoft forecaster,FRx Software Microsoft Forecaster,0,43231602
frx software microsoft frx,FRx Software Microsoft FRx,0,43231601
fsc business solutions department managers' toolkit,FSC Business Solutions Department Managers' Toolkit,0,43231505
fti ringtail legal,FTI Ringtail Legal,0,43232202
ftree,Ftree,0,43232605
fuel characteristic classification system fccs,Fuel Characteristic Classification System FCCS,0,43232605
fugitive emission leak detection,Fugitive emission leak detection,0,43232608
fujifilm synapse,Fujifilm Synapse,0,43232610
fujitsu biomedcache,Fujitsu BioMedCache,0,43232605
fujitsu mopac,Fujitsu MOPAC,0,43232605
fullhouse software investment property manager,FullHouse Software Investment Property Manager,0,43232306
fully integrated environmental location decision support fields,Fully Integrated Environmental Location Decision Support FIELDS,0,43232605
functional hazard analysis,Functional hazard analysis,0,43232605
functional modeling,Functional modeling,0,43232605
functional testing,Functional testing,0,43232406
functional verification,Functional verification,0,43232605
fund accounting,Fund accounting,0,43231601
fund software atids,Fund Software ATIDS,0,43232306
fundamental objects foaudits,Fundamental Objects foAudits,0,43232605
fundcount web,FundCount Web,0,43232306
funeducation outstart trainer,FunEducation Outstart Trainer,0,43232502
funeralkiosk,FuneralKiosk,0,43231507
funeralone life tributes,funeralOne Life Tributes,0,43232106
furuno navigational chart,FURUNO navigational chart,0,43232504
fused deposition modeling fdm rapid prototyping systems,Fused deposition modeling FDM rapid prototyping systems,0,43232612
futura international o.p.s.,Futura International O.P.S.,0,43232610
future information research management confirmit,Future Information Research Management Confirmit,0,43232605
fuze cloud communications and collaboration,Fuze cloud communications and collaboration,0,43233502
fyi technologies dr. ceph,FYI Technologies Dr. Ceph,0,43232102
fyi technologies dr. view,FYI Technologies Dr. View,0,43232102
g&p engineering software engvert,G&P Engineering Software EngVert,0,43232605
g&p engineering software physprops,G&P Engineering Software PhysProps,0,43232306
g&p engineering software pipedrop,G&P Engineering Software PipeDrop,0,43232605
g-code,G-code,0,43232405
g-cube solutions wizdom web lms,G-Cube Solutions Wizdom Web LMS,0,43232502
g-net solutions mtp,g-net solutions MTP,0,43233413
g2x agility:insurance,G2X Agility:Insurance,0,43231602
gac international orthoplex,GAC International OrthoPlex,0,43232102
gaea technologies packet esa,GAEA Technologies Packet ESA,0,43232104
gaea technologies winlog,GAEA Technologies WinLog,0,43232104
gaea technologies winsieve,GAEA Technologies WinSieve,0,43232301
gait analysis,Gait analysis,0,43232610
galactek eclipse,GalacTek ECLIPSE,0,43232610
galaxy technologies timestar enterprise,Galaxy Technologies TimeStar Enterprise,0,43231605
gale cengage learning associations unlimited,Gale Cengage Learning Associations Unlimited,0,43232306
gale expanded academic asap plus,Gale Expanded Academic ASAP PLUS,0,43232309
galilee enterprise targetpro,Galilee Enterprise TargetPro,0,43232303
galileo 360 fares,Galileo 360 Fares,0,43232306
gallery systems embark,Gallery Systems EmbARK,0,43232306
gallery systems the museum system,Gallery Systems The Museum System,0,43232306
galor travel booster,Galor Travel Booster,0,43232306
galorath seer,Galorath SEER,0,43231507
galorath seer-sem,Galorath SEER-SEM,0,43231507
gambit scheme,Gambit Scheme,0,43232402
gamess-us,GAMESS-US,0,43232605
gamma associates mtab,Gamma Associates mTab,0,43232306
gamma camera,Gamma camera,0,43232610
gamma remote sensing,Gamma remote sensing,0,43233506
gamma technologies gt-suite,Gamma Technologies GT-SUITE,0,43232605
gamma waste assay system gwas,Gamma waste assay system GWAS,0,43232605
ganttproject,GanttProject,0,43231507
garment design,Garment design,0,43232604
garment tracking,Garment tracking,0,43231508
garmin city select,Garmin City Select,0,43232504
gas chromatograph gs,Gas chromatograph GS,0,43232605
gas dispersion model,Gas dispersion model,0,43232605
gas field monitoring system,Gas field monitoring system,0,43232608
gateway to logic,Gateway to Logic,0,43232605
gators anywhere,GATORS ANYWHERE,0,43232202
gaussian,Gaussian,0,43232605
gaussian gaussview,Gaussian GaussView,0,43232605
gavel & gown software amicus attorney,Gavel & Gown Software Amicus Attorney,0,43232306
gazebo,Gazebo,0,43232605
gbs agency expert,GBS Agency Expert,0,43231602
gcs property assessment and tax billing,GCS Property Assessment and Tax Billing,0,43232306
ge energy gatecycle,GE Energy GateCycle,0,43232605
ge energy positive sequence load flow software pslf,GE Energy Positive Sequence Load Flow Software PSLF,0,43232605
ge fanuc automation versapro,GE Fanuc Automation VersaPro,0,43232402
ge fanuc proficy machine edition,GE Fanuc Proficy Machine Edition,0,43232608
ge healthcare centricity emr,GE Healthcare Centricity EMR,0,43231601|43232610
ge healthcare centricity laboratory,GE Healthcare Centricity Laboratory,0,43232610
ge healthcare centricity laboratory anatomic pathology/cytology,GE Healthcare Centricity Laboratory Anatomic Pathology/Cytology,0,43232610
ge healthcare centricity laboratory transfusion medicine,GE Healthcare Centricity Laboratory Transfusion Medicine,0,43232610
ge healthcare centricity practice solution,GE Healthcare Centricity Practice Solution,0,43232610
ge healthcare imagequant tl,GE Healthcare ImageQuant TL,0,43232102
ge healthcare logician,GE Healthcare Logician,0,43232610
ge healthcare viewpoint for radiology,GE Healthcare ViewPoint for Radiology,0,43232610
ge healthcare viewpoint solutions,GE Healthcare ViewPoint Solutions,0,43232610
ge intelligent platforms proficy hmi/scada ifix,GE Intelligent Platforms Proficy HMI/SCADA iFIX,0,43232608
ge sensing & inspection technologies rhythm ut,GE Sensing & Inspection Technologies Rhythm UT,0,43232605
geac mpc production,Geac MPC Production,0,43231602
geant4,Geant4,0,43232605
geda,gEDA,0,43232604
gel documentation,Gel documentation,0,43232202
gem identification databases,Gem identification databases,0,43232306
gemcad,GemCad,0,43232604
gemcom gems,Gemcom GEMS,0,43232605
gemcom pcbc,Gemcom PCBC,0,43232605
gemcom surpac,Gemcom Surpac,0,43232605
gemcom whittle,Gemcom Whittle,0,43232605
genbank,GenBank,0,43232605
genbook,Genbook,0,43232108
gendex dental systems vixwin pro,Gendex Dental Systems VixWin PRO,0,43232102
gene codes sequencher,Gene Codes Sequencher,0,43232605
gene finder,Gene Finder,0,43232605
gene recognition,Gene recognition,0,43232605
gene recognition and assembly internet link grail,Gene Recognition and Assembly Internet Link GRAIL,0,43232605
gene runner,Gene Runner,0,43232605
genealogy,Genealogy,0,43232306
genedata expressionist,Genedata Expressionist,0,43232605
genepattern,GenePattern,0,43232605
general algebraic modeling system gams,General algebraic modeling system GAMS,0,43232605
general atomic and molecular electronic structure system gamess,General Atomic and Molecular Electronic Structure System GAMESS,0,43232605
general electric mark vi distributed control system dcs,General Electric Mark VI Distributed Control System DCS,0,43232608
general electric mark vi integrated control system ics,General Electric Mark VI Integrated Control System ICS,0,43232608
general examination system genesys,General Examination System GENESYS,0,43231604
general ledger,General ledger,0,43231601
general magic portico,General Magic Portico,0,43233413
general structural analysis system gsas,General Structural Analysis System GSAS,0,43232605
genesis dental,Genesis Dental,0,43232610
genesys peoplecomefirst,Genesys PeopleComeFirst,0,43231505
genetic algorithm,Genetic algorithm,0,43232605
genetic algorithm optimization,Genetic algorithm optimization,0,43231604
genetic database,Genetic database,0,43232306
genetics computer group gsg,Genetics computer group GSG,0,43232605
genetix cytovision,Genetix CytoVision,0,43232605
genial genetics ipassport qms,Genial Genetics iPassport QMS,0,43232306
genial genetics shire,Genial Genetics Shire,0,43232306
genie interactive,Genie Interactive,0,43232605
geniel genetics igene,Geniel Genetics iGene,0,43232605
geniesoft overture,GenieSoft Overture,0,43232005
genisys fast fixes,Genisys Fast Fixes,0,43232305
genlex caseace,Genlex CaseAce,0,43231601
genome analysis toolkit gatk,Genome Analysis Toolkit GATK,0,43232605
genotyping,Genotyping,0,43232605
genscan,GENSCAN,0,43232605
gensuite,Gensuite,0,43232606
geo-logic systems lithotect interpreter,Geo-Logic Systems LithoTect Interpreter,0,43232605
geo-plus,Geo-Plus,0,43233506
geo-slope geostudio,GEO-SLOPE GeoStudio,0,43232605
geo-slope seep/w,GEO-SLOPE SEEP/W,0,43232605
geoagro gis,GeoAgro GIS,0,43233506
geocenter seisup,GeoCenter SeisUP,0,43232605
geocomp systems geocalc,Geocomp Systems GeoCalc,0,43232605
geocomp systems geonav,Geocomp Systems GeoNav,0,43232605
geocomtms a.maze planning,GEOCOMtms A.Maze Planning,0,43233506
geocue lidar and drone mapping,GeoCue LIDAR and drone mapping,0,43232605
geocue pointvue le,GeoCue PointVue LE,0,43232605
geoda,GeoDa,0,43232605
geodetic,Geodetic,0,43232605
geoeas,GEOEAS,0,43232605
geogebra,Geogebra,0,43232605
geographic information system gis,Geographic information system GIS,0,43232510
geographic information system gis databases,Geographic information system GIS databases,0,43232510
geographic information system gis marketing,Geographic information system GIS marketing,0,43232306
geographic information system gis systems,Geographic information system GIS systems,0,43232510
geographic resources analysis support system grass,Geographic resources analysis support system GRASS,0,43233506
geographix aries portfolio,GeoGraphix ARIES Portfolio,0,43231604
geological mapping,Geological mapping,0,43233506
geomechanical design analysis gda,Geomechanical design analysis GDA,0,43233506
geomechanical stress analysis,Geomechanical stress analysis,0,43232605
geometric camworks,Geometric CAMWorks,0,43232612
geometric dimensioning and tolerancing,Geometric dimensioning and tolerancing,0,43232605
geometric technologies camworks,Geometric Technologies CAMWorks,0,43232612
geometrix,Geometrix,0,43231506
geometrix data systems training partner,GeoMetrix Data Systems Training Partner,0,43232502
geomodel,GeoModel,0,43232605
geomview,Geomview,0,43232605
geopath cad/cam system,GeoPath CAD/CAM System,0,43232612
geoplus petra,GeoPLUS Petra,0,43232306
geosoft dap server,Geosoft DAP server,0,43232306
geosoft oasis montaj,Geosoft Oasis montaj,0,43233506
geospatial data abstraction library gdal,Geospatial data abstraction library GDAL,0,43233506
geospiza genesifter,Geospiza GeneSifter,0,43232605
geostatistical modeling gstat,Geostatistical modeling GSTAT,0,43232605
geostatistics software gs+,Geostatistics software GS+,0,43232605
geothermal properties measurement tool,Geothermal Properties Measurement Tool,0,43232605
gepasi,GEPASI,0,43232605
gerber technology accumark,Gerber Technology AccuMark,0,43232604
gerber technology cutworks,Gerber Technology CutWorks,0,43232612
geriatric depression scale,Geriatric Depression Scale,0,43232610
gerstco aapbase,Gerstco AAPBase,0,43231505
getting things done gtd,Getting Things Done GTD,0,43232303
gez bowman the o&p hub,Gez Bowman THE O&P HUB,0,43232610
gfa2d,GFA2D,0,43232605
ggy axis,GGY AXIS,0,43231604
ghg clockwise,GHG Clockwise,0,43231505
ghidra,Ghidra,0,43232604
gibbscam,GibbsCAM,0,43232604|43232612
gift certificates plus giftworks,Gift Certificates Plus Giftworks,0,43231508
gift registry,Gift registry,0,43232306
gigatron stenocat,Gigatron StenoCAT,0,43232104
gijimaast mining solutions international mine2-4d,GijimaAst Mining Solutions International Mine2-4D,0,43232306
gipsy-oasis,GIPSY-OASIS,0,43232605
giraffe production systems giraffe schedule system,Giraffe Production Systems Giraffe Schedule System,0,43231602
gis/solutions gis/key,GIS/Solutions GIS/Key,0,43232306
git,Git,1,43232203
github,GitHub,1,43232701
gitlab,GitLab,1,43232701
glasscubes,Glasscubes,0,43233513
global distribution system gds,Global distribution system GDS,0,43232306
global education technologies excent,Global Education Technologies EXCENT,0,43232306
global graphics software harlequin,Global Graphics Software Harlequin,0,43232202
global groupware solutions limited smiles erm on-demand,Global Groupware Solutions Limited Smiles ERM On-Demand,0,43231505
global insight aremos,Global Insight AREMOS,0,43232605
global mapper software global mapper,Global Mapper Software Global Mapper,0,43233506
global positioning system gps,Global positioning system GPS,0,43233511
globalsubmit review,GlobalSubmit REVIEW,0,43232202
globalsubmit validate,GlobalSubmit VALIDATE,0,43232202
globe claritas,GLOBE Claritas,0,43232605
globekey agentkey,Globekey Agentkey,0,43232108
gmi net-mr,GMI NET-MR,0,43232306
gn otometrics chartr ep,GN Otometrics CHARTR EP,0,43232610
gnome gnutrition,GNOME Gnutrition,0,43232605
gnu image manipulation program gimp,GNU Image Manipulation Program GIMP,0,43232102
gnu octave,GNU Octave,0,43232605
gnuplot,Gnuplot,0,43232605
gnutrition,Gnutrition,0,43232605
go,Go,1,43232402
go2cam,GO2cam,0,43232612
gobackgrounds,GoBackgrounds,0,43231505
golden helix chemtree,Golden Helix ChemTree,0,43232307
golden helix helixtree,Golden Helix HelixTree,0,43232307
golden software grapher,Golden Software Grapher,0,43232102
golden software strater,Golden Software Strater,0,43232605
golden software surfer,Golden Software Surfer,0,43233506
golden software voxler,Golden Software Voxler,0,43232102
good steward software energycap,Good Steward Software EnergyCAP,0,43232605
goodreader,GoodReader,0,43232104
google,Google,0,43232306
google ads,Google Ads,0,43231514
google analytics,Google Analytics,1,43232307|43232605
google android,Google Android,1,43233004
google angular,Google Angular,1,43232408
google books ngram viewer,Google Books NGram Viewer,0,43232309
google calendar,Google Calendar,0,43232108
google checkout,Google Checkout,0,43232611
google chrome,Google Chrome,0,43232705
google classroom,Google Classroom,0,43231507
google cloud,Google Cloud,0,43232806
google compute engine (gce),Google Compute Engine (GCE),0,43232701
google docs,Google Docs,1,43232104
google doubleclick,Google DoubleClick,0,43232314
google drive,Google Drive,0,43233513
google earth pro,Google Earth Pro,0,43232510
google gmail,Google Gmail,0,43233501
google looker analytics,Google Looker Analytics,0,43232605
google meet,Google Meet,0,43233502
google scholar,Google Scholar,0,43232309
google search ads 360,Google Search Ads 360,0,43231514
google sheets,Google Sheets,1,43232110
google sites,Google Sites,0,43232107
google slides,Google Slides,0,43232106
google tag manager,Google Tag Manager,0,43231514
google translate client,Google Translate Client,0,43232501
google video,Google Video,0,43232107
google webmaster tools,Google Webmaster Tools,0,43232107
google workspace,Google Workspace,1,43231513
goq wordq,goQ WordQ,0,43233413
govern software govmap,Govern Software GovMap,0,43232510
govern software land and permits management system,Govern Software Land and Permits Management System,0,43232108
"governance, risk, and compliance grc","Governance, risk, and compliance GRC",0,43232606
gpc autocab,GPC Autocab,0,43233511
gracesoft easy innkeeping suite,GraceSoft Easy InnKeeping Suite,0,43232603
gradle,Gradle,0,43232405
grafana labs grafana cloud,Grafana Labs Grafana Cloud,0,43232404
grails,Grails,0,43232408
grammarly editor,Grammarly Editor,0,43232104
graphic presentation,Graphic presentation,0,43232102
graphical user interface gui builder,Graphical user interface GUI builder,0,43232404
graphical user interface gui design,Graphical user interface GUI design,0,43232404
graphics,Graphics,0,43232102
graphics card driver,Graphics card driver,0,43233407
graphics creation,Graphics creation,0,43232102
graphics digitizing,Graphics digitizing,0,43232111
graphics editing,Graphics editing,0,43232102
graphics pipelines,Graphics pipelines,0,43232102
graphics programming environment grape,Graphics Programming Environment GRAPE,0,43232605
graphing,Graphing,0,43232105
graphisoft archicad,Graphisoft ArchiCAD,0,43232604
graphpad software graphpad prism,GraphPad Software GraphPad Prism,0,43232605
graphql,GraphQL,1,43232306
graspit!,GRASPIT!,0,43232605
grass valley edius,Grass Valley EDIUS,0,43232103
grasshopper pagestream,GrassHopper PageStream,0,43232112
gravic principia remark,Gravic Principia Remark,0,43232306
gravitation,Gravitation,0,43232605
gravograph gravostyle,Gravograph GravoStyle,0,43232612
greatis object inspector,Greatis Object Inspector,0,43232405
greatland corporation winfiler,Greatland Corporation Winfiler,0,43231505
greattax,GreatTax,0,43231603
green cloud kleantrac,Green Cloud KleanTRAC,0,43232306
greenbrier graphics deed plotter,Greenbrier Graphics Deed Plotter,0,43233506
greenhills ada compilers,Greenhills Ada compilers,0,43232409
greenhouse gas management,Greenhouse gas management,0,43232606
greenplum database,Greenplum Database,0,43232304
greenway health primesuite,Greenway Health PrimeSuite,0,43232610
greenway medical technologies primechart,Greenway Medical Technologies PrimeChart,0,43232610
greenway medical technologies primesuite,Greenway Medical Technologies PrimeSUITE,0,43232610
gregg software gregg rock-it,Gregg Software Gregg Rock-It,0,43232605
grensoft worktracer,GrenSoft WorkTracer,0,43231507
gresens 92,Gresens 92,0,43232605
grid analysis and display system grads,Grid analysis and display system GrADS,0,43232605
grid generation,Grid generation,0,43232605
grl engineers wave equation analysis program grlweap,GRL Engineers Wave Equation Analysis Program GRLWEAP,0,43232605
groom pro,Groom Pro,0,43232108
groomsoft,Groomsoft,0,43232306
ground transportation management system,Ground transportation management system,0,43232306
groundwater modeling system gms,Groundwater modeling system GMS,0,43232605
groundwater software quickcross/fence,Groundwater Software QuickCross/Fence,0,43232605
groundwater software quicklog,Groundwater Software QuickLog,0,43232605
groundwater software visual site manager,Groundwater Software Visual Site Manager,0,43232306
groundwater vistas,Groundwater Vistas,0,43232605
groupme,GroupMe,0,43233504
gruupmeet,GruupMeet,0,43232303
grz software meshcam,GRZ Software MeshCAM,0,43232612
gslib,GSLIB,0,43232605
gstat,Gstat,0,43232605
gt strudl,GT STRUDL,0,43232604
gtx rastorcad,GTX RastorCAD,0,43233402
guardian analytics fraudmap,Guardian Analytics FraudMAP,0,43232314
guardian rfid,Guardian RFID,0,43232306
guestbridge reserve,GuestBridge Reserve,0,43232306
guestserve,GuestServe,0,43232306
guidance software encase enterprise,Guidance Software EnCase Enterprise,0,43232605
guidance software encase forensic,Guidance Software EnCase Forensic,0,43232801
guideline risk technologies rubi,Guideline Risk Technologies RUBI,0,43232606
gutenberg-e,Gutenberg-e,0,43232306
gyst,GYST,0,43232306
h&r block tax,H&R Block Tax,0,43231603
haemonetics symphony suite,Haemonetics Symphony Suite,0,43232610
hagel unitime systems,Hagel Unitime Systems,0,43231605
haglof sweden ab tcruise forest inventory,Haglof Sweden AB TCruise Forest Inventory,0,43231508
haisen software system,HAISEN SoftWare System,0,43232608
halliburton landmark geoprobe,Halliburton Landmark GeoProbe,0,43232605
halliburton promax,Halliburton ProMAX,0,43232605
halogen e360,Halogen e360,0,43231505
halogen ecompensation,Halogen eCompensation,0,43231505
halogen elms,Halogen eLMS,0,43232502
halogen epraisal,Halogen ePraisal,0,43231505
hamrick software vuescan,Hamrick Software VueScan,0,43232111
hand held spell checkers,Hand held spell checkers,0,43232503
handheld computer device,Handheld computer device,0,43233004
hands on technology therawriter.pt,Hands On Technology TheraWriter.PT,0,43232610
handyfile find and replace text aid kit,HandyFile Find and Replace Text Aid Kit,0,43232104
hansen cama,Hansen CAMA,0,43232605
hapmap,HapMap,0,43232306
hard dollar hd project estimating,Hard Dollar HD Project Estimating,0,43231507
hardware description and verification language,Hardware description and verification language,0,43232402
hardware description language hdl,Hardware description language HDL,0,43232402
hardware-in-the-loop hil simulation,Hardware-in-the-loop HIL simulation,0,43232605
harland financial solutions decisionpro,Harland Financial Solutions DecisionPro,0,43231604
harland financial solutions depositpro,Harland Financial Solutions DepositPro,0,43232306
harland interlinq mortgageware,Harland Interlinq MortgageWare,0,43231604
harmoni espri,Harmoni ESPRI,0,43232605
harpers payroll services hr la carte,Harpers Payroll Services HR la Carte,0,43231505
harrington group caweb,Harrington Group caWeb,0,43232306
harrington group hqms,Harrington Group HQMS,0,43232608
harris tech x.over pro,Harris Tech X.over Pro,0,43232605
harris technologies bassbox,Harris Technologies BassBox,0,43232605
harrisdata human resources information system hris,HarrisData Human Resources Information System HRIS,0,43231505
harvard graphics,Harvard Graphics,0,43232102
harvard thermal tas,Harvard Thermal TAS,0,43232605
harvest,HARVEST,0,43232605
harvey software cps,Harvey Software CPS,0,43231506
hash animation:master,HASH Animation:Master,0,43232102
hashicorp vagrant,HashiCorp Vagrant,0,43232408
haskell,Haskell,0,43232402
hatchery database systems,Hatchery database systems,0,43232306
hatpro,HATPRO,0,43232605
hazard assessment,Hazard assessment,0,43232605
hazard communication,Hazard communication,0,43232606
hazardous materials management hms,Hazardous materials management HMS,0,43232606
hazardous waste operations and emergency response standard hazwoper training,Hazardous waste operations and emergency response standard HAZWOPER training,0,43232502
hcss heavybid,HCSS HeavyBid,0,43231507
hcss heavyjob,HCSS HeavyJob,0,43231507
health and safety training,Health and safety training,0,43232502
health care data healthprobe,Health Care Data HealthProbe,0,43232610
health care software hcs interactant,Health Care Software HCS INTERACTANT,0,43232610
health information database,Health information database,0,43232306
healthcare common procedure coding system hcpcs,Healthcare common procedure coding system HCPCS,0,43232610
healthcare management system,Healthcare management system,0,43232610
healthfusion meditouch,HealthFusion MediTouch,0,43232610
healthline systems eyecom,HealthLine Systems Eyecom,0,43232610
healthpac medical billing,Healthpac Medical Billing,0,43231607
healthprolink medatlas,Healthprolink MedAtlas,0,43232306
healthvision mediar,Healthvision MediAR,0,43231601
healthvision tdsynergy anatomic pathology,Healthvision TDSynergy Anatomic Pathology,0,43232610
healthvision tdsynergy lis,Healthvision TDSynergy LIS,0,43232610
hearform software hearform,HearForm Software HearForm,0,43232610
hearing aid fitting,Hearing aid fitting,0,43232610
heat loss calculation,Heat loss calculation,0,43232605
heat software goldmine,HEAT Software GoldMine,0,43232303
hec-1,HEC-1,0,43232605
hec-2,HEC-2,0,43232605
hec-georas,HEC-GeoRAS,0,43232605
hec-hms,HEC-HMS,0,43232605
hec-ras,HEC-RAS,0,43232605
heliconsoft helicon focus,HeliconSoft Helicon Focus,0,43232102
helios textpad,Helios TextPad,0,43232104
hellman & schofield mp3,Hellman & Schofield MP3,0,43232605
help desk,Help desk,0,43231501
helpit systems addressit,HelpIT Systems addressIT,0,43232303
hematology laboratory workflow management,Hematology laboratory workflow management,0,43232610
hendrich falls risk model,Hendrich Falls Risk Model,0,43232610
henry schein dentalvision professional,Henry Schein DentalVision Professional,0,43232610
henry schein dentrix,Henry Schein Dentrix,1,43232610
henry schein easy dental,Henry Schein Easy Dental,0,43232610
henry schein endovision,Henry Schein EndoVision,0,43232610
henry schein impromed,Henry Schein ImproMed,0,43232610
henry schein medical systems micromd urology emr,Henry Schein Medical Systems MicroMD Urology EMR,0,43232610
henry schein periovision,Henry Schein PerioVision,0,43232610
herbert software solutions hecsalv,Herbert Software Solutions HECSALV,0,43232605
heron crosstie general ledger,Heron CrossTie General Ledger,0,43231601
hewlett packard exstream dialogue,Hewlett Packard Exstream Dialogue,0,43232202
hewlett packard hp project portfolio management solution,Hewlett Packard HP Project Portfolio Management Solution,0,43232306
hewlett packard hp-ux,Hewlett Packard HP-UX,0,43233004
hewlett packard loadrunner,Hewlett Packard LoadRunner,0,43232406
hewlett packard quicktest professional,Hewlett Packard QuickTest Professional,0,43232406
hewlett-packard hp graphics language hpgl,Hewlett-Packard HP Graphics Language HPGL,0,43232402
hewlett-packard hp network node manager,Hewlett-Packard HP Network Node Manager,0,43232804
hewlett-packard hp openvms,Hewlett-Packard HP OpenVMS,0,43233004
hewlett-packard hp quicktest professional,Hewlett-Packard HP QuickTest Professional,0,43232406
hewlett-packard hp semiconductor parameter analyzer,Hewlett-Packard HP Semiconductor Parameter Analyzer,0,43232605
hewlett-packard hp soliddesigner,Hewlett-Packard HP SolidDesigner,0,43232604
hewlett-packard hp testdirector for quality center,Hewlett-Packard HP TestDirector for Quality Center,0,43232406
hewlett-packard hp winrunner,Hewlett-Packard HP WinRunner,0,43232406
hex laboratory systems billing and cash management,HEX Laboratory Systems Billing and Cash Management,0,43231601
hex laboratory systems lab/hex,HEX Laboratory Systems LAB/HEX,0,43232610
hex-rays ida pro,Hex-Rays IDA Pro,0,43232409
hexagon geospatial imagine photogrammetry,Hexagon Geospatial Imagine Photogrammetry,0,43233506
hexagon intergraph,Hexagon Intergraph,0,43233506
hexagon metrology pc-dmis,Hexagon Metrology PC-DMIS,0,43231517
hibernate orm,Hibernate ORM,1,43232311
hierarchical simulation program with integrated circuit emphasis hspice,Hierarchical simulation program with integrated circuit emphasis HSPICE,0,43232605
high school scheduling and transcript hsst,High School Scheduling and Transcript HSST,0,43232108
high-performance software libraries,High-performance software libraries,0,43232402
highjump software supply chain advantage,HighJump Software Supply Chain Advantage,0,43231506
highjump software warehouse advantage,HighJump Software Warehouse Advantage,0,43231506
highjump warehouse advantage,HighJump Warehouse Advantage,0,43231506
himsa noah,HIMSA Noah,0,43232610
hindsight inview,HindSight InView,0,43232306
hiperpav,HIPERPAV,0,43232605
hipersoft practice information powertool,HiPerSoft Practice Information Powertool,0,43232306
hireability resumeparser,HireAbility ResumeParser,0,43231505
hirelogic powerplace,HireLogic PowerPlace,0,43231505
hirosoft epicure,HiroSoft EPICURE,0,43232605
hit software allora,HiT Software Allora,0,43232310
hitachi zxlink,Hitachi ZXLink,0,43233511
hmis advantage,HMIS Advantage,0,43232306
hms,HMS,0,43231605|43232610
hodgkin-huxley model,Hodgkin-Huxley Model,0,43232605
hoffman computer systems amsoft,Hoffman Computer Systems Amsoft,0,43232303
holt systems emedrec,Holt Systems eMedRec,0,43232610
homag woodwop,HOMAG WoodWOP,0,43232612
home energy efficient design heed,Home Energy Efficient Design HEED,0,43232604
home rating,Home rating,0,43232605
homer micropower optimization model,HOMER Micropower Optimization Model,0,43232605
honeypot,Honeypot,0,43233205
honeywell webs-n4,Honeywell WEBs-N4,0,43232608
honeywell wintress pacnet,Honeywell Wintress PACNet,0,43232608
hootsuite,Hootsuite,0,43232403
horizon engineering sigma plumbing calculator,Horizon Engineering Sigma Plumbing Calculator,0,43232604
horizon software mrp plus,Horizon Software MRP Plus,0,43231506
horwath software magique,Horwath Software Magique,0,43232605
hospitality control solutions aloha point-of-sale,Hospitality Control Solutions Aloha Point-of-Sale,0,43232611
host analytics host budget,Host Analytics Host Budget,0,43231604
hosted pacs solutions,Hosted PACS Solutions,0,43232610
hosted support ezsupport pro,Hosted Support ezSupport Pro,0,43232303
hotel management system,Hotel management system,0,43232603
hotflo! die-shot monitor,HotFlo! Die-Shot Monitor,0,43232605
hotspot,Hotspot,0,43232605
houchen bindery library automated retrieval system lars,Houchen Bindery Library Automated Retrieval System LARS,0,43232609
housekeeping management,Housekeeping management,0,43232603
howard and friends computer cma plus,Howard and Friends Computer CMA Plus,0,43231604
hp 49g+ appraiser fee calculator,HP 49G+ Appraiser Fee Calculator,0,43231604
hp autonomy teamsite,HP Autonomy TeamSite,0,43232107
hp dataprotector,HP DataProtector,0,43233415
hp fortify,HP Fortify,0,43233203
hp infotech codevisionavr,HP InfoTech CodeVisionAVR,0,43232402
hp trim,HP Trim,0,43232202
hp webinspect,HP WebInspect,0,43233205
hr-ease,HR-ease,0,43231505
hrm direct,HRM Direct,0,43231505
hrms solutions ivantage,HRMS Solutions iVantage,0,43231505
hrs quickscore,HRS Quickscore,0,43232605
hs virtual piano,HS Virtual Piano,0,43232005
hsenid business solutions hrm enterprise,hSenid Business Solutions HRM Enterprise,0,43231505
ht systems patientsecure,HT Systems PatientSecure,0,43232610
hth engineering start-stop powerplay,HTH Engineering Start-Stop PowerPlay,0,43232104
hts vision cvs2,HTS Vision CVS2,0,43233422
hts vision hts2 computerized binocular home eye exercise system,HTS Vision HTS2 Computerized Binocular Home Eye Exercise System,0,43233422
httrack,HTTrack,0,43232306
hubspot,HubSpot,1,43231514
hud-1,HUD-1,0,43232104
hugging face,Hugging Face,0,43232402
human machine interface hmi,Human machine interface HMI,0,43232608
human modeling,Human modeling,0,43232605
human resource information system (hris),Human resource information system (HRIS),0,43231505
human resource management software hrms,Human resource management software HRMS,0,43231505
human resource microsystems hr entre,Human Resource MicroSystems HR Entre,0,43231505
human resources,Human resources,0,43231505
human resources management system hrms,Human resources management system HRMS,0,43231505
humanic design employmee self-service,Humanic Design Employmee Self-Service,0,43231505
humanic design human resources management system,Humanic Design Human Resources Management System,0,43231505
humidity and vapor drive calculation,Humidity and vapor drive calculation,0,43232605
hummingbird legal bill review,Hummingbird Legal Bill Review,0,43231511
hunter winalign,Hunter WinAlign,0,43232605
huntersoft business translator,HunterSoft Business Translator,0,43232501
hunterstone thesis,HunterStone THESIS,0,43232502
husky injection molding systems shotscope nx,Husky Injection Molding Systems Shotscope NX,0,43232608
hvac tools,HVAC tools,0,43232604
hydesoft computing dplot,Hydesoft Computing DPlot,0,43232605
hydranet,HydraNet,0,43232303
hydraulic analysis,Hydraulic analysis,0,43232605
hydraulic modeling,Hydraulic modeling,0,43232605
hydrocad software solutions hydrocad stormwater modeling system,HydroCAD Software Solutions HydroCAD Stormwater Modeling System,0,43232604
hydrocomp navcad,HydroComp NavCad,0,43232605
hydrogeology basin2,Hydrogeology Basin2,0,43232605
hydrologic simulation program fortan hspf,Hydrologic simulation program fortan HSPF,0,43232605
hydrological modeling,Hydrological modeling,0,43232605
hydrosolve aqtesolv,HydroSOLVE AQTESOLV,0,43232605
hydrus-2d,HYDRUS-2D,0,43232605
hyland onbase enterprise content management,Hyland OnBase Enterprise Content Management,0,43232202
hyland software onbase,Hyland Software OnBase,0,43232202
hypack dredgepack,HYPACK DREDGEPACK,0,43232608
hypack hysweep,HYPACK HYSWEEP,0,43232605
hypack max,HYPACK MAX,0,43232605
hypercube hyperchem,Hypercube HyperChem,0,43232604
hyperion enterprise,Hyperion Enterprise,0,43231601
hyperion solutions hyperion intelligence,Hyperion Solutions Hyperion Intelligence,0,43232605
hyperion solutions hyperion system 9 bi+,Hyperion Solutions Hyperion System 9 Bi+,0,43231602
hyperion solutions system 9 planning,Hyperion Solutions System 9 Planning,0,43231602
hyperoffice collaboration suite,HyperOffice Collaboration Suite,0,43231507
hyperscore,Hyperscore,0,43232005
hyperspace,HyperSpace,0,43232401
hypertext markup language html,Hypertext markup language HTML,1,43232408
hypertext preprocessor php,Hypertext preprocessor PHP,0,43232408
hypertherm pronest,Hypertherm ProNest,0,43232612
hypertox,HyperTox,0,43232309
i-flex solutions reveleus investment performance measurement,I-flex Solutions Reveleus Investment Performance Measurement,0,43231604
i-lign,i-lign,0,43231507
i-many contract management,I-many Contract Management,0,43232201
i.agri landmark farm,i.Agri LandMark Farm,0,43231602
i2 collaborative supply execution,i2 Collaborative Supply Execution,0,43231506
i2 intelligence,i2 Intelligence,0,43231506
i2 supply chain visibility,i2 Supply Chain Visibility,0,43231506
i2 transportation modeler,i2 Transportation Modeler,0,43231506
ia systems streamlend,IA Systems StreamLend,0,43231604
iad audit leverage,IAD Audit Leverage,0,43231604
iannotate,iAnnotate,0,43232104
iatric systems mobilab,Iatric Systems MobiLab,0,43232610
ibbotson analyst,Ibbotson Analyst,0,43231604
ibbotson portfolio strategist,Ibbotson Portfolio Strategist,0,43231604
ibm adstar,IBM ADSTAR,0,43233415
ibm aix,IBM AIX,0,43233004
ibm bpm blueprint,IBM BPM Blueprint,0,43231602
ibm catia,IBM CATIA,0,43232604
ibm check processing control system cpsc,IBM Check Processing Control System CPSC,0,43232306
ibm clarity systems clarity,IBM Clarity Systems Clarity,0,43231602
ibm cloud,IBM Cloud,0,43232306
ibm cognos,IBM Cognos,0,43231505|43232314
ibm cognos business intelligence,IBM Cognos Business Intelligence,0,43232307|43232314
ibm cognos impromptu,IBM Cognos Impromptu,0,43232314
ibm cognos planning,IBM Cognos Planning,0,43231602
ibm cognos reportnet,IBM Cognos ReportNet,0,43231602
ibm content manager,IBM Content Manager,0,43232202
ibm costimater,IBM Costimater,0,43231604
ibm db2,IBM DB2,1,43232306
ibm digital analytics,IBM Digital Analytics,0,43232314
ibm director,IBM Director,0,43232801
ibm domino,IBM Domino,0,43232902
ibm federated records management,IBM Federated Records Management,0,43232202
ibm filenet content manager,IBM FileNet Content Manager,0,43232201|43232202
ibm fraud and abuse management system,IBM Fraud and Abuse Management System,0,43231511
ibm i2 analyst's notebook,IBM i2 Analyst's Notebook,0,43232306
ibm i2 transportation manager,IBM i2 Transportation Manager,0,43231506
ibm ilog,IBM ILOG,0,43232405
ibm ilog cplex optimization studio,IBM ILOG CPLEX Optimization Studio,0,43232605
ibm ilog inventory analyst,IBM ILOG Inventory Analyst,0,43231508
ibm ilog logicnet plus xe,IBM ILOG LogicNet Plus XE,0,43231506
ibm information management system (ims),IBM Information Management System (IMS),0,43232306
ibm informix,IBM Informix,0,43232306|43232311
ibm infosphere datastage,IBM InfoSphere DataStage,0,43232403
ibm infosphere information server,IBM Infosphere Information Server,0,43232304
ibm infosphere warehouse,IBM InfoSphere Warehouse,0,43232307
ibm intelligent miner,IBM Intelligent Miner,0,43232307
ibm interactive system productivity facility ispf,IBM Interactive System Productivity Facility ISPF,0,43232304
ibm iseries access,IBM iSeries Access,0,43232915
ibm judicial enforcement management system jems,IBM Judicial Enforcement Management System JEMS,0,43232306
ibm lotus 1-2-3,IBM Lotus 1-2-3,0,43232110
ibm lotus approach,IBM Lotus Approach,0,43232306
ibm lotus learningspace,IBM Lotus LearningSpace,0,43232502
ibm lotus notes,IBM Lotus Notes,0,43233501
ibm lotus sametime,IBM Lotus SameTime,0,43233503
ibm maximo asset management,IBM Maximo Asset Management,0,43231602|43232603
ibm middleware,IBM Middleware,0,43232313
ibm mvs,IBM MVS,0,43233004
ibm netezza twinfin,IBM Netezza TwinFin,0,43232305
ibm netview,IBM NetView,0,43232801
ibm notes,IBM Notes,0,43233501
ibm power systems,IBM Power Systems,0,43233701
ibm qradar siem,IBM QRadar SIEM,0,43232801
ibm rational,IBM Rational,0,43232402
ibm rational apex,IBM Rational Apex,0,43232401
ibm rational application developer,IBM Rational Application Developer,0,43232402
ibm rational build forge,IBM Rational Build Forge,0,43232401|43232402
ibm rational clearcase,IBM Rational ClearCase,0,43232401
ibm rational clearquest,IBM Rational ClearQuest,0,43232402
ibm rational data architect,IBM Rational Data Architect,0,43232310
ibm rational doors,IBM Rational DOORS,0,43232407
ibm rational functional tester,IBM Rational Functional Tester,0,43232406
ibm rational purifyplus,IBM Rational PurifyPlus,0,43232406
ibm rational requirements composer,IBM Rational Requirements Composer,0,43232407
ibm rational requisitepro,IBM Rational RequisitePro,0,43232407
ibm rational robot,IBM Rational Robot,0,43232406
ibm rational rose xde,IBM Rational Rose XDE,0,43232402
ibm rational system architect,IBM Rational System Architect,0,43232310
ibm resource access control facility racf,IBM Resource Access Control Facility RACF,0,43233203
ibm security network intrusion prevention system,IBM Security Network Intrusion Prevention System,0,43233203
ibm software configuration and library manager sclm,IBM Software Configuration and Library Manager SCLM,0,43232401
ibm spss amos,IBM SPSS Amos,0,43232605
ibm spss answertree,IBM SPSS AnswerTree,0,43232605
ibm spss statistics,IBM SPSS Statistics,1,43232605
"ibm sterling configure, price, quote","IBM Sterling Configure, Price, Quote",0,43231602
ibm terraform,IBM Terraform,1,43232401
ibm tivoli,IBM Tivoli,0,43232901
ibm tivoli access management tam,IBM Tivoli Access Management TAM,0,43232901
ibm tivoli identity management tim,IBM Tivoli Identity Management TIM,0,43233201
ibm tivoli netview distribution manager,IBM Tivoli NetView Distribution Manager,0,43233001
ibm unica enterprise,IBM Unica Enterprise,0,43231604
ibm websphere,IBM WebSphere,0,43232806
ibm websphere mq,IBM WebSphere MQ,1,43232806
ibm z/os operating systems,IBM z/OS operating systems,0,43233002
ibs mrp,IBS MRP,0,43231506
ibs software services tour partner,IBS Software Services Tour Partner,0,43232303
ibs supply chain management,IBS Supply Chain Management,0,43231506
icam cam-post,ICAM CAM-POST,0,43232612
icanotes,ICANotes,0,43232610
icco creditsoft,ICCO CreditSoft,0,43231604
ice dental systems,ICE Dental Systems,0,43232610
ichartplus,iChartPlus,0,43232610
icims,ICIMS,0,43231505
icims talent cloud,iCIMS Talent Cloud,0,43231505
icode everest,iCode Everest,0,43231508
icon programming language,ICON programming language,0,43232402
ics learning group inquisiq ex,ICS Learning Group Inquisiq EX,0,43232502
ics software sammyusa,ICS Software SammyUSA,0,43232610
ictraining,ICTraining,0,43232306
idea trialpro,IDEA TrialPro,0,43232106
ideal computer systems ideal ope,Ideal Computer Systems Ideal OPE,0,43232306
ideas software & training ideas property clerk,IDEAS Software & Training IDEAS Property Clerk,0,43232306
idexx laboratories idexx cornerstone,IDEXX Laboratories IDEXX Cornerstone,0,43232610
idexx laboratories idexx vpm,IDEXX Laboratories IDEXX VPM,0,43232306
idm computer solutions ultraedit,IDM Computer Solutions UltraEdit,0,43232304
idms account ability,IDMS Account Ability,0,43231603
idx groupcast,IDX Groupcast,0,43232108
idx systems idxtend,IDX Systems IDXtend,0,43232610
idx systems patient chart tracking,IDX Systems Patient Chart Tracking,0,43232202
iea software emerald,IEA Software Emerald,0,43232306
iemployee,iEmployee,0,43231505
ies ecellerate,IES Ecellerate,0,43232606
ifconfig,ifconfig,0,43232804
ifs applications for supply chain management,IFS Applications for Supply Chain Management,0,43231506
ift-pro,IFT-Pro,0,43232504
igrafx,iGrafx,0,43232620
ihrsr++,IHRSR++,0,43232605
ihs energy powertools,IHS Energy PowerTools,0,43232605
ihs kingdom,IHS Kingdom,0,43232605
ihs petra,IHS Petra,0,43232605
ihs que$tor,IHS QUE$TOR,0,43231604
ik multimedia groovemaker,IK Multimedia GrooveMaker,0,43232005
ikon science rokdoc,Ikon Science RokDoc,0,43232605
ikonami at-learning tool,Ikonami AT-Learning Tool,0,43232502
ikorb real estate,iKorb Real Estate,0,43232305
ilinc communications learnlinc,iLinc Communications LearnLinc,0,43232502
illumina laboratory information management system lims,Illumina Laboratory Information Management System LIMS,0,43232605
illusions online illusions ondemand,Illusions Online Illusions OnDemand,0,43232314
ilog cplex,ILOG CPLEX,0,43232605
ilog opl-cplex development system,ILOG OPL-CPLEX Development System,0,43232605
ima technologies casetrakker,IMA Technologies CaseTrakker,0,43232610
image analysis,Image analysis,0,43232605
image analysis systems,Image analysis systems,0,43232605
image capture,Image capture,0,43232605
image capture and analysis,Image capture and analysis,0,43232605
image databases,Image databases,0,43232306
image deposit exchange check station,Image Deposit Exchange Check Station,0,43232901
image editing,Image editing,0,43232102
image enhancement,Image enhancement,0,43232102
image exchange networks,Image exchange networks,0,43232102
image management,Image management,0,43232102
image processing,Image processing,0,43232102
image processing systems,Image processing systems,0,43232102
image processors,Image processors,0,43232605
image replacement document ird printing,Image replacement document IRD printing,0,43232102
image scanning,Image scanning,0,43232111
image solutions ectdxpress,Image Solutions eCTDXpress,0,43232202
image solutions isipublisher,Image Solutions ISIPublisher,0,43232202
image-guided surgery,Image-guided surgery,0,43232610
image-line fl studio,Image-Line FL Studio,0,43232005
imagej,ImageJ,0,43232102
imagewave msdsfinder,ImageWave MSDSFinder,0,43232306
imagic restaurant reservation,iMagic Restaurant Reservation,0,43232108
imagine orthobase,IMAGINE OrthoBASE,0,43233506
imagine software imagine trading system,Imagine Software Imagine Trading System,0,43232702
imagine that extend or,Imagine That Extend OR,0,43232605
imaging,Imaging,0,43232102
imanage document management,iManage document management,0,43232202
immigrant software immigrant professional,Immigrant Software Immigrant Professional,0,43232202
impact,IMPACT,0,43232107
impact applications impact,ImPACT Applications ImPACT,0,43232610
impact planlabx3,Impact PlanLabX3,0,43231604
impact wealth distribution analysis,IMPACT Wealth Distribution Analysis,0,43231604
imperva securesphere,Imperva SecureSphere,0,43233204
impro-visor,Impro-Visor,0,43232005
impromed infinity,ImproMed Infinity,0,43232610
ims specialty services ims digital office,IMS Specialty Services IMS Digital Office,0,43232610
ims travel agent reservation software system,IMS Travel Agent Reservation Software System,0,43232108
imsi design designcad,IMSI Design DesignCAD,0,43232604
imsi turbocad,IMSI TurboCAD,0,43232604|43232612
imsure solutions shipflex,IMSure Solutions SHIPflex,0,43232605
in-hand pocket apod,In-Hand Pocket APOD,0,43231604
incentive management system,Incentive management system,0,43231505
inception technologies infinitime,Inception Technologies InfiniTime,0,43231505
incident command system ics,Incident command system ICS,0,43231507
incident tracking,Incident tracking,0,43232306
income tax return preparation,Income tax return preparation,0,43231603
incore code,INCORE code,0,43232402
incremental compiler,Incremental compiler,0,43232409
indata trialdirector,inData TrialDirector,0,43232106
index tuning,Index tuning,0,43232304
indigo renderer,Indigo Renderer,0,43232102
individualized educational program iep,Individualized Educational Program IEP,0,43232306
indus lending solutions,Indus Lending Solutions,0,43231604
industrial code recruitpoint.net,Industrial Code Recruitpoint.net,0,43231505
industrial control systems,Industrial control systems,0,43232608
industrial job assessment,Industrial job assessment,0,43232605
industrial production manager and stock control,Industrial production manager and stock control,0,43232608
industrial scientific inet,Industrial Scientific iNET,0,43232608
indysoft gage insite enterprise,IndySoft Gage InSite Enterprise,0,43232605
inetsoft,Inetsoft,0,43232305
infermed macro electronic data capture,InferMed MACRO Electronic Data Capture,0,43232605
infinite radiology opal-rad,Infinite Radiology Opal-RAD,0,43232610
infinity cad systems autosculpt,Infinity CAD Systems AutoSculpt,0,43232604
infinity qs proficient,Infinity QS ProFicient,0,43232608
infinityhr,InfinityHR,0,43231505
infoblox netmri,Infoblox NetMRI,0,43232802
infoblox security and networking,Infoblox security and networking,0,43232804
infobright community edition ice,Infobright Community Edition ICE,0,43232605
infocom jacs,Infocom JACS,0,43232108
infocorp computer solutions $mart system,Infocorp Computer Solutions $mart System,0,43232611
infocorp softwear/pos,Infocorp Softwear/POS,0,43232611
infologix healthtrax engine,InfoLogix HealthTrax Engine,0,43231508
infor erp baan,Infor ERP Baan,0,43231602
infor erp syteline,Infor ERP SyteLine,0,43231602
infor erp visual,Infor ERP Visual,0,43231602
infor global solutions esite,Infor Global Solutions eSITE,0,43232306
infor global solutions starbuilder,Infor Global Solutions Starbuilder,0,43231601
infor industrial essentials,Infor Industrial Essentials,0,43231602
infor lawson supply chain management,Infor Lawson Supply Chain Management,0,43231506
infor scm,Infor SCM,0,43231506
infor ssa human capital management,Infor SSA Human Capital Management,0,43231505
infor supply chain management,Infor Supply Chain Management,0,43231506
infor xa,Infor XA,0,43231602
informatica,Informatica,1,43232310
informatica big data,Informatica Big Data,0,43232304
informatica corporation powercenter,Informatica Corporation PowerCenter,0,43231602|43232310
informatica data explorer,Informatica Data Explorer,0,43232307
informatica powercenter,Informatica PowerCenter,0,43232310
informatik mapdraw deed mapper,Informatik MapDraw Deed Mapper,0,43233506
information builders webfocus,Information Builders WebFOCUS,0,43232305
information management subsystem,Information management subsystem,0,43232610
information presentation,Information presentation,0,43232106
information resource products clinical coding expert,Information Resource Products Clinical Coding Expert,0,43231511
information services inc. ccc pathways appraisal solution,Information Services Inc. CCC Pathways Appraisal Solution,0,43232306
information systems integration,Information systems integration,0,43232309
information technology incorporated premier teller,Information Technology Incorporated Premier Teller,0,43231601
informationactive activedata for excel,InformationActive ActiveData for Excel,0,43231604
informavet alis-vet,InformaVet ALIS-VET,0,43232610
informed ems field guide,Informed EMS Field Guide,0,43232309
inforsense inforsense,InforSense InforSense,0,43232306
infosite technologies dispatch-mate,Infosite Technologies Dispatch-Mate,0,43231506
infosite technologies dm warehousing,Infosite Technologies DM Warehousing,0,43231508
infospectrum quick insure,Infospectrum Quick Insure,0,43232303
infostat rimbase,Infostat RIMBase,0,43232306
infotronics attendance enterprise,Infotronics Attendance Enterprise,0,43231605
infovision amlib,Infovision Amlib,0,43232609
infusion management,Infusion management,0,43232610
ingenious proplan,Ingenious ProPlan,0,43231506
ingenious prosched,Ingenious ProSched,0,43231506
ingenuity systems ingenuity pathways analysis,Ingenuity Systems Ingenuity Pathways Analysis,0,43232605
ingenuware coronerbase,Ingenuware CoronerBase,0,43232306
inivis ac3d,Inivis AC3D,0,43232102
injury sciences edr insight,Injury Sciences EDR InSight,0,43232605
injury tracking,Injury tracking,0,43232306
inkscape,Inkscape,0,43232102
inlet technologies semaphore,Inlet Technologies Semaphore,0,43232605
inline code expander,Inline code expander,0,43232409
inloox,InLoox,0,43231507
inmagic db/textworks,Inmagic DB/TextWorks,0,43232202
inmagic genie,Inmagic Genie,0,43232609
inmagic textworks,Inmagic TextWorks,0,43232306
inn-client server systems icss atrium,INN-Client Server Systems ICSS Atrium,0,43232603
innova financial solutions derivatives expert,Innova Financial Solutions Derivatives Expert,0,43231604
innovative business computer solutions spa/salon manager,Innovative Business Computer Solutions Spa/Salon Manager,0,43232306
innovative interfaces millennium,Innovative Interfaces Millennium,0,43232609
innovative software inn-soft office manager,Innovative Software Inn-Soft Office Manager,0,43232610
innovative software solutions picas,Innovative Software Solutions Picas,0,43231602
innovmetric polyworks,InnovMetric PolyWorks,0,43232604
innquest roommaster,InnQuest roomMaster,0,43232603
innquest software roommaster,InnQuest Software roomMaster,0,43232603
inphase technologies group inphase concept,InPhase Technologies Group InPhase Concept,0,43231602
inscribe,InScribe,0,43232502
insidesales.com,InsideSales.com,0,43232303
insight direct serviceceo,Insight Direct ServiceCEO,0,43232306
insight software my vision express,Insight Software My Vision Express,0,43232610
insightful corporation confirmit,Insightful Corporation Confirmit,0,43232303
insightful s-plus,Insightful S-PLUS,0,43232605
inspection depot home guide system,Inspection Depot Home Guide System,0,43232104
inspection management system,Inspection management system,0,43232606
inspection marking systems,Inspection marking systems,0,43231510
inspection selection system iss,Inspection Selection System ISS,0,43232306
inspired elearning ilms,Inspired eLearning iLMS,0,43232502
instagram,Instagram,0,43232107|43233504
installalogy access client,Installalogy Access Client,0,43232306
installshield,InstallShield,0,43232401
instant messaging,Instant messaging,0,43233504
instar orion,InStar Orion,0,43232303
instructional,Instructional,0,43232502
instructure canvas,Instructure Canvas,0,43232502
instrument control,Instrument control,0,43232610
instrument validation,Instrument validation,0,43232610
insurance analysis,Insurance analysis,0,43231604
insurance claim processing,Insurance claim processing,0,43231601
insurance claims fraud detection,Insurance claims fraud detection,0,43232605
insurance rating,Insurance rating,0,43231604
insurance systems webwriter backoffice,Insurance Systems WebWriter BackOffice,0,43232303
insurance technologies corporation insurancepro,Insurance Technologies Corporation InsurancePro,0,43231602
insurance technologies foresight enterprise,Insurance Technologies ForeSight Enterprise,0,43232303
insurance technology consultants wow,Insurance Technology Consultants WOW,0,43232306
insureware icrfs-elrf,Insureware ICRFS-ELRF,0,43231604
insystems calligo document management system,InSystems Calligo Document Management System,0,43232202
insystems calligo enterprise,InSystems Calligo Enterprise,0,43232202
intac international wintac,Intac International Wintac,0,43232306
intacct erp,Intacct ERP,0,43231602
integra destiny loan origination,Integra Destiny Loan Origination,0,43231604
integra radionics neurosight arc,Integra Radionics NeuroSight Arc,0,43232610
integrant debtlogic,Integrant DebtLogic,0,43231604
integrated automated fingerprint identification system iafis,Integrated Automated Fingerprint Identification System IAFIS,0,43232306
integrated circuit simulation,Integrated circuit simulation,0,43232605
integrated construction management,Integrated construction management,0,43232306
integrated decision support corporation expert fuel,Integrated Decision Support Corporation Expert Fuel,0,43231506
integrated decision support corporation netwise supply chain,Integrated Decision Support Corporation Netwise Supply Chain,0,43231506
integrated decision support corporation route advice,Integrated Decision Support Corporation Route Advice,0,43232504
integrated decision support corporation swap advice,Integrated Decision Support Corporation Swap Advice,0,43231506
integrated decision support match advice,Integrated Decision Support Match Advice,0,43232605
integrated decision support netwise enterprise,Integrated Decision Support Netwise Enterprise,0,43232605
integrated decision support netwise frontline,Integrated Decision Support Netwise Frontline,0,43232605
integrated development environment ide,Integrated development environment IDE,0,43232402
integrated environmental services 3d master,Integrated Environmental Services 3D Master,0,43232604
integrated management systems food connex cloud,Integrated Management Systems Food Connex Cloud,0,43231602
integrated materials management systems,Integrated materials management systems,0,43231506
integrated parking solutions mapp,Integrated Parking Solutions MApp,0,43232306
integrated systems management omnimd,Integrated Systems Management OmniMD,0,43232610
integration testing,Integration testing,0,43232406
integrity verification,Integrity verification,0,43232801
intel data migration,Intel Data Migration,0,43233414
intel integrated performance primitives,Intel Integrated Performance Primitives,0,43232402
intel math kernel library,Intel Math Kernel Library,0,43232605
intelext past masters,InteLext Past Masters,0,43232306
intelitek spectracam milling,Intelitek spectraCAM Milling,0,43232612
intelitek spectracam turning,Intelitek spectraCAM Turning,0,43232612
intelius,Intelius,0,43231505
intelladon enterprise knowledge platform ekp,Intelladon Enterprise Knowledge Platform EKP,0,43232502
intellicad,IntelliCAD,0,43232604
intelligen superpro designer,Intelligen SuperPro Designer,0,43232605
intelligent algorithms infogist platinum recruiter,Intelligent Algorithms InfoGIST Platinum Recruiter,0,43231505
intelligent editing perfectit,Intelligent Editing PerfectIt,0,43232104
intelligent imaging innovations slidebook,Intelligent Imaging Innovations SlideBook,0,43232102
intelligent information conversion technologies meritscholar,Intelligent Information Conversion Technologies MeritScholar,0,43232502
intelligenz solutions intellispa,intelligenz Solutions intelliSpa,0,43232306
intelligrated incontrolware,Intelligrated InControlWare,0,43231506
intellimed,Intellimed,0,43232306
intellipdf curves,IntelliPDF CURVES,0,43232202
intellisense intellisuite,Intellisense Intellisuite,0,43232605
intellisys project desktop,Intellisys Project Desktop,0,43231507
intellitax financial solutions,Intellitax financial solutions,0,43231603
intellitrack 3pl,IntelliTrack 3PL,0,43231506
intellitrack dms check in-out,IntelliTrack DMS Check In-Out,0,43231508
intellitrack warehouse management system (wms),IntelliTrack Warehouse Management System (WMS),0,43231506|43231508
intellum rollbook,Intellum Rollbook,0,43232502
inteproc material requirements planning,InteProc Material Requirements Planning,0,43231506
intera systems hawk-i,Intera Systems Hawk-i,0,43232612
interactelsevier netter's 3d interactive anatomy,InteractElsevier Netter's 3D Interactive Anatomy,0,43232610
interactive learning,Interactive learning,0,43232505
interactive mathematical proof system imps,Interactive Mathematical Proof System IMPS,0,43232605
interactive personnel electronic records management system iperms,interactive Personnel Electronic Records Management System iPERMS,0,43231505
interactive psychological evaluation,Interactive psychological evaluation,0,43232610
interactive radar analysis software iras,Interactive radar analysis software IRAS,0,43232605
interactive voice response,Interactive voice response,0,43232703
interconsult brann g-jet,Interconsult Brann G-JET,0,43232605
interenergy software building energy analyzer pro,InterEnergy Software Building Energy Analyzer PRO,0,43232605
interface computers data loader,Interface Computers Data Loader,0,43232310
interface definition language idl,Interface definition language IDL,0,43232402
intergraph geomedia transportation manager,Intergraph GeoMedia Transportation Manager,0,43232504
intergraph image analyst,Intergraph Image Analyst,0,43232102
intergraph imagestation stereo softcopy kit ssk,Intergraph ImageStation Stereo Softcopy Kit SSK,0,43233506
intergraph intools,Intergraph INtools,0,43232604
intergraph mge,Intergraph MGE,0,43233506
intergraph plant design system pds,Intergraph Plant Design System PDS,0,43232604
intergraph smartmarine 3d,Intergraph SmartMarine 3D,0,43232604
interlinkone,interlinkONE,0,43232303
interlock shutdown systems,Interlock shutdown systems,0,43232608
intermediate system to intermediate system is-is,Intermediate System to Intermediate System IS-IS,0,43232908
intermine,InterMine,0,43232304
internal audit,Internal audit,0,43231604
international centre for diffraction data icdd ddview,International Centre for Diffraction Data ICDD DDView,0,43232306
international material data system imds,International Material Data System IMDS,0,43232306
international response technologies cowchip - ranch house,International Response Technologies CowChip - Ranch House,0,43231602
international technegroup igesworks,International TechneGroup IGESworks,0,43232604
internet based mls database,Internet based MLS database,0,43232305
internet browser,Internet browser,0,43232705
internet grievance system igs,Internet Grievance System IGS,0,43231505
internet or intranet image distribution,Internet or intranet image distribution,0,43232610
internet protocol security ipsec,Internet Protocol Security IPSEC,0,43233203
internet protocol television systems,Internet Protocol Television Systems,0,43232805
internet search engine,Internet search engine,0,43232309
interoperability testing,Interoperability testing,0,43232406
interpex ixid,Interpex IXID,0,43232605
interpreter,Interpreter,0,43232409
interstate connection icon,Interstate connection ICON,0,43232402
interstudio geo-tec b,Interstudio Geo-Tec B,0,43232605
interuniversity consortium for political and social research (icpsr) database,Interuniversity Consortium for Political and Social Research (ICPSR) database,0,43232306
interviewer,Interviewer,0,43232306
interwave technology rs bizware scheduler,Interwave Technology RS Bizware Scheduler,0,43231506
interwoven,Interwoven,0,43232202
interwoven recordsmanager,Interwoven RecordsManager,0,43232202
intland software codebeamer,Intland Software codeBeamer,0,43231507
intrado schoolmessenger,Intrado SchoolMessenger,0,43233509
intravet,IntraVet,0,43232610
intrax procedurenet,Intrax ProcedureNet,0,43232606
intrusion detection system ids,Intrusion detection system IDS,0,43233203
intrusion prevention system ips,Intrusion prevention system IPS,0,43233203
intuit lacerte,Intuit Lacerte,0,43231603
intuit mri residential,Intuit MRI Residential,0,43232306
intuit proseries,Intuit ProSeries,0,43231603
intuit quickbooks,Intuit QuickBooks,1,43231601
intuit quickbooks point of sale,Intuit QuickBooks Point of Sale,0,43232611
intuit quickboooks payments,Intuit QuickBoooks Payments,0,43232611
intuit turbotax,Intuit TurboTax,0,43231603
intusoft icap,Intusoft ICAP,0,43232605
inventory,Inventory,0,43231508
inventory control,Inventory control,0,43231508
inventory control system,Inventory control system,0,43231508
inventory control systems,Inventory control systems,0,43231508
inventory management,Inventory management,0,43231508
inventory management systems,Inventory management systems,0,43231508
inventory tracking,Inventory tracking,0,43231508
inventrix labtrac,Inventrix Labtrac,0,43232306
investigation management,Investigation management,0,43231507
investigo,Investigo,0,43232303
investment and business valuation template,Investment and business valuation template,0,43231604
investment tracking,Investment tracking,0,43231604
invicti acunetix,Invicti Acunetix,0,43233205
invision,InVision,0,43231518
invivo data epx epro management system,Invivo Data EPX ePRO Management System,0,43232306
invoice,Invoice,0,43231607
iona orbix,IONA Orbix,0,43232402
ios health systems medios ehr,IOS Health Systems Medios EHR,0,43232610
iparadigms turnitin,iParadigms Turnitin,0,43232309
ipconfig,ipconfig,0,43232804
ipfilter,IpFilter,0,43233204
iphotomeasure,iPhotoMEASURE,0,43232102
ipro,iPro,0,43231602|43232306
"ipro restaurant inventory, recipe & menu","IPro Restaurant Inventory, Recipe & Menu",0,43232605
ips of boston doublecheck,IPS of Boston DoubleCheck,0,43231604
ips-sendero relationship profitability manager catalyst,IPS-Sendero Relationship Profitability Manager Catalyst,0,43232303
ipswitch whatsup gold,Ipswitch WhatsUp Gold,0,43232801
iptables,IpTables,0,43233204
iptor supply chain,Iptor Supply Chain,0,43231508
iqmetrix rq4 retail management system,iQmetrix RQ4 Retail Management System,0,43232611
irealty manager,iRealty Manager,0,43232306
irez systems rezware xp7,iRez Systems Rezware XP7,0,43232603
iris,IRIS,0,43232102
iris seismic processing workshop,IRIS Seismic Processing Workshop,0,43232605
iron mountain accutrac records management,Iron Mountain Accutrac records management,0,43232202
ironcad,IronCAD,0,43232604
irs-aims mars,irs-aims MARS,0,43231602
irsim,IRSIM,0,43232605
iseemedia photovista panorama,Iseemedia Photovista Panorama,0,43232102
iship,iShip,0,43231506
iso claimsearch,ISO ClaimSearch,0,43231511
iso netmap for claims,ISO NetMap for Claims,0,43231511
isograph faulttree,Isograph FaultTree,0,43232605
isograph markov,Isograph Markov,0,43232605
isolved time,isolved Time,0,43231605
iss construction manager,ISS Construction Manager,0,43232306
iss realsecure,ISS RealSecure,0,43233203
issue tracking system,Issue tracking system,0,43232306
isystems evolution payroll and tax management,iSystems Evolution Payroll and Tax Management,0,43231605
itc integrated land and water information system ilwis,ITC Integrated Land and Water Information System ILWIS,0,43233506
item software item toolkit,ITEM Software ITEM ToolKit,0,43232605
item software spare cost,ITEM Software Spare Cost,0,43232605
itemtracker,ItemTracker,0,43231508
iteris turbo architecture,Iteris Turbo Architecture,0,43232605
iterum emedic,Iterum eMedic,0,43232309
ithaka jstor,ITHAKA JSTOR,0,43232609
itron enterprise energy management eem suite,Itron Enterprise Energy Management EEM Suite,0,43232605
itspatial interscope,ITSpatial InterSCOPE,0,43233506
itt exelis visual information solutions envi,ITT Exelis Visual Information Solutions ENVI,0,43232605
itt visual information solutions envi,ITT Visual Information Solutions ENVI,0,43233506
iview systems,iView Systems,0,43232306
ivorix neurostrategy finance,Ivorix Neurostrategy Finance,0,43231511
iwr-plan,IWR-PLAN,0,43232605
ixl learning quia web,IXL Learning Quia Web,0,43232107
izotope ozone,iZotope Ozone,0,43232005
j,J,0,43232402
j&l financial planner,J&L Financial Planner,0,43231604
j2 global communications onebox,j2 Global Communications onebox,0,43231501
jacal,JACAL,0,43232605
jack henry & associates vertex,Jack Henry & Associates Vertex,0,43231602
jackbeat,Jackbeat,0,43232005
jackrabbit technologies jackrabbit care,Jackrabbit Technologies Jackrabbit Care,0,43231602
jail management,Jail management,0,43232306
jalada gmbh just translate,jalada GmbH Just Translate,0,43232501
jamar technologies petrapro,JAMAR Technologies PETRAPro,0,43232605
jamboard,JamBoard,0,43232102
jambw,JaMBW,0,43232605
james frazier associates datastart,James Frazier Associates DataStart,0,43232610
jantek electronics jupiter time & attendance,Jantek Electronics Jupiter Time & Attendance,0,43231605
jantek jupiter time attendance,Jantek Jupiter Time Attendance,0,43231605
jaspersoft business intelligence suite,Jaspersoft Business Intelligence Suite,0,43232314
javamin composer,Javamin Composer,0,43232005
javascript,JavaScript,1,43232408
javascript framework,JavaScript framework,0,43232408
javascript object notation json,JavaScript Object Notation JSON,1,43232408
jda arthur knowledgebase database,JDA Arthur KnowledgeBase database,0,43232306
jda manugistics,JDA Manugistics,0,43231506
jda master planning,JDA Master Planning,0,43231506
jda software group advanced warehouse replenishment by e3,JDA Software Group Advanced Warehouse Replenishment by E3,0,43231602
jda software group assortment planning by arthur,JDA Software Group Assortment Planning by Arthur,0,43231602
jekyll,Jekyll,0,43232408
jenark business systems,Jenark Business Systems,0,43232306
jenkins ci,Jenkins CI,1,43232403
jenmar international dl-plus,Jenmar International DL-Plus,0,43232306
jenss & associates compkeeper,Jenss & Associates CompKeeper,0,43231505
jenzabar erp,Jenzabar ERP,0,43231602
jenzabar ex,Jenzabar EX,0,43231602
jeppesen marine nobeltec admiral,Jeppesen Marine Nobeltec Admiral,0,43232504
jessx stock simulator,JessX stock simulator,0,43231604
jest,Jest,0,43232406
jet,JET,0,43232605
jetbrains intellij idea,JetBrains IntelliJ IDEA,0,43232402
jetbrains phpstorm,JetBrains PhpStorm,0,43232408
jetbrains team city,JetBrains Team City,0,43232402
jetcam,JETCAM,0,43232612
jetcam expert,JETCAM Expert,0,43232612
jewelry design,Jewelry design,0,43232604
jewelry store point of sale pos,Jewelry store point of sale POS,0,43232611
jfrog artifactory,JFrog Artifactory,0,43232402
jhdl,JHDL,0,43232405
jitterbit,Jitterbit,0,43232806
jms software rcm worksaver,JMS Software RCM WorkSaver,0,43232605
job control language jcl,Job control language JCL,0,43233004
job costing,Job costing,0,43231601
job posting,Job posting,0,43231505
job scheduling,Job scheduling,0,43232108
job tracking,Job tracking,0,43231507
jobber computer plus,Jobber Computer Plus,0,43232605
jobboss,JobBOSS,0,43231602
jobpack mes scheduler,JobPack MES Scheduler,0,43231506
john deere apex farm management,John Deere Apex Farm Management,0,43232306
john hesselberth and ron roy glazemaster,John Hesselberth and Ron Roy GlazeMaster,0,43232605
johnson controls metasys,Johnson Controls Metasys,0,43232603
joint prediction of operons jpop,Joint Prediction of Operons JPOP,0,43232605
joomla,Joomla,0,43232408
jquery,jQuery,1,43232405|43232408
jrc navigation,JRC navigation,0,43232504
jrp consulting plant wizard,JRP Consulting Plant Wizard,0,43232306
jrp consulting survey wizard,JRP Consulting Survey Wizard,0,43232306
jstor database,JSTOR database,0,43232309
jtl enterprises medintake,JTL Enterprises MedIntake,0,43232610
judgeit ii,JudgeIt II,0,43232605
julia,Julia,0,43232402
juniper networks netscreen-security manager,Juniper Networks NetScreen-Security Manager,0,43233204
juniper systems landmark mobile,Juniper Systems LandMark Mobile,0,43233511
junit,JUnit,1,43232406
junxure crm,Junxure CRM,0,43232303
jupyter,Jupyter,0,43232405
jupyter notebook,Jupyter Notebook,0,43232405
jurek software pedigree-draw,Jurek Software Pedigree-Draw,0,43232610
juris,Juris,0,43232306
just so software the property manager,Just So Software The Property Manager,0,43232306
just-in-time compiler,Just-in-time compiler,0,43232409
justbio seqpainter,JustBio SeqPainter,0,43232102
justice systems fullcourt enterprise,Justice Systems FullCourt Enterprise,0,43231507|43232306
justsystems xmetal,JustSystems XMetaL,0,43232107
k&k associates thermal analysis kit tak,K&K Associates Thermal Analysis Kit TAK,0,43232605
k2 business process automation,K2 Business Process Automation,0,43232402
k9 bytes k9 koordinator,K9 Bytes K9 Koordinator,0,43232306
kahoot!,Kahoot!,0,43232505
kali linux,Kali Linux,0,43232406
kalido information engine,Kalido Information Engine,0,43232304
kanoodle,Kanoodle,0,43232306
kant,KANT,0,43232605
kapes,KAPES,0,43232605
kapwing,Kapwing,0,43232103
kareo practice management,Kareo Practice Management,0,43232610
kario,KARIO,0,43232605
katchitek corporation orthomanager,Katchitek Corporation OrthoManager,0,43232610
katsura shareware ks strobe tuner,Katsura Shareware KS Strobe Tuner,0,43232605
katsura shareware prolevel,Katsura Shareware ProLevel,0,43232605
katsura shareware soundframes,Katsura Shareware SoundFrames,0,43232605
kaypentax multi-speech,KayPENTAX Multi-Speech,0,43232610
kaypentax nasometer,KayPENTAX Nasometer,0,43232610
kcd cabinet design,KCD cabinet design,0,43232604
ke software emu,KE Software EMu,0,43232306
kea software impdat,Kea Software impDAT,0,43232610
keane score,Keane SCORE,0,43232606
keb combivis studio,Keb Combivis Studio,0,43232608
keffer development services athletic trainer system ats,Keffer Development Services Athletic Trainer System ATS,0,43232306
kelowna software l4u,Kelowna Software L4U,0,43232609
keltec systems herdmaster,KELTEC Systems HerdMaster,0,43232306
kennel link,Kennel Link,0,43232306
kentech kipware m cnc,Kentech Kipware M CNC,0,43232612
kentech kipware studio,Kentech Kipware Studio,0,43232604
kentech kipware t cnc,Kentech Kipware T CNC,0,43232612
kentech kipware trig kalculator,Kentech Kipware Trig Kalculator,0,43232605
kentech kipware x cnc,Kentech Kipware X CNC,0,43232612
kentech machine shop,Kentech machine shop,0,43232605|43232612
kentech protalk,Kentech PROTALK,0,43232309
keras,Keras,0,43233004
ketogenic planning,Ketogenic planning,0,43232605
kewill clippership,Kewill Clippership,0,43231506
kewill compliance partner,Kewill Compliance Partner,0,43232606
kewill global trade and logistics,Kewill Global Trade and Logistics,0,43231506
kewill javelin distribution ship,Kewill Javelin Distribution Ship,0,43231506
keyence plc ladder logic,KEYENCE PLC Ladder Logic,0,43232608
keypoint datadesk,Keypoint DataDesk,0,43232605
keysight intuilink connectivity,Keysight Intuilink Connectivity,0,43232915
keysight technologies advanced design system,Keysight Technologies Advanced Design System,0,43232604
keystroke monitoring,Keystroke monitoring,0,43232801
kforge,Kforge,0,43233701
khameleon,Khameleon,0,43231507
kicad,KiCad,0,43232604
kidasa milestones professional,Kidasa Milestones Professional,0,43231507
kika veracity,KIKA Veracity,0,43232306
kinematic engineering micromeasure iv,Kinematic Engineering MicroMeasure IV,0,43232608
kintraks,KinTraks,0,43232306
kirix proffipoint,Kirix ProffiPoint,0,43231604
kismet,Kismet,0,43233204
kitty hawk,Kitty Hawk,0,43232605
kla-tencor prolith,KLA-Tencor PROLITH,0,43232605
klear estimator,Klear Estimator,0,43232605
kleinrock publishing,Kleinrock Publishing,0,43231604
kliger-weiss infosystems,Kliger-Weiss Infosystems,0,43231506
kmr,KMR,0,43232605
knees software pt doctools,Knees Software PT DocTools,0,43232610
knight bondpoint,Knight BondPoint,0,43231604
knmi turbowin,KNMI TurboWin,0,43232306
kodak dental systems kodak cosmetic imaging module,Kodak Dental Systems Kodak Cosmetic Imaging Module,0,43232102
kodak dental systems kodak orthoware,Kodak Dental Systems Kodak ORTHOWARE,0,43232610
kodak dental systems kodak practiceworks practice management software pms,Kodak Dental Systems Kodak PRACTICEWORKS Practice management software PMS,0,43232610
kodak dental systems kodak softdent practice management software pms,Kodak Dental Systems Kodak SOFTDENT Practice management software PMS,0,43232610
koffice.org kplato,KOffice.org Kplato,0,43231507
kommandcore,KommandCore,0,43231507
komplete kontrol,Komplete Kontrol,0,43232005
kongsberg maritime k-log deck logbook,Kongsberg Maritime K-Log Deck Logbook,0,43232306
kongsberg maritime k-log electronic logbooks,Kongsberg Maritime K-LOG Electronic Logbooks,0,43232306
kookaburra studios knowledge presenter,Kookaburra Studios Knowledge Presenter,0,43232502
korchek technologies carechek,Korchek Technologies CareChek,0,43232610
korg em-1 editor,Korg EM-1 Editor,0,43232005
kornshell,KornShell,0,43233004
kotlin,Kotlin,0,43232402
kpb associates taxstream,KPB Associates TaxStream,0,43231603
kressa software schoolleader,Kressa Software SchoolLeader,0,43231602
kronos enterprise workforce management,Kronos Enterprise Workforce Management,0,43231602
kronos workforce hr,Kronos Workforce HR,0,43231505
kronos workforce payroll,Kronos Workforce Payroll,0,43231605
kronos workforce timekeeper,Kronos Workforce Timekeeper,1,43231605
krs enterprises service first!,KRS Enterprises Service First!,0,43231601
kseg,KSEG,0,43232605
kubeflow,Kubeflow,0,43232605
kubernetes,Kubernetes,1,43232701
kubotek cadkey wireframe,Kubotek CADKEY Wireframe,0,43232604
kubotek keycreator machinist,Kubotek KeyCreator Machinist,0,43232612
kubotek usa keycreator,Kubotek USA KeyCreator,0,43232604
kuder navigator,Kuder Navigator,0,43232306
kypipe,KYPipe,0,43232605
l-systems x-one,L-Systems X-ONE,0,43232306
la pro loan administrator pro,LA PRO Loan Administrator Pro,0,43231604
lab sum3d,LAB SUM3D,0,43232612
label inspection systems,Label inspection systems,0,43232111
label printing,Label printing,0,43231510
label-making,Label-making,0,43231510
labeling,Labeling,0,43231510
labelmaster software reg-trieve,Labelmaster Software REG-Trieve,0,43232306
lablite laboratory information management systems lims,Lablite Laboratory Information Management Systems LIMS,0,43232605
labmagic,LabMagic,0,43232306
labone net,LabOne NET,0,43231604
laboratory automated quality control systems laqc,Laboratory Automated Quality Control Systems LAQC,0,43232608
laboratory information management system lims,Laboratory information management system LIMS,0,43232605
laboratory information system lis,Laboratory information system LIS,0,43232610
laboratory systems group lab manager,Laboratory Systems Group Lab Manager,0,43232306
laborsoft laborforce arbitration/appeals manager module,LaborSoft LaborForce Arbitration/Appeals Manager module,0,43231505
laborsoft laborforce discipline manager module,LaborSoft LaborForce Discipline Manager module,0,43231505
laborsoft laborforce eeo claims manager module,LaborSoft LaborForce EEO Claims Manager module,0,43231505
laborsoft laborforce grievance manager module,LaborSoft LaborForce Grievance Manager module,0,43231505
laborsoft laborforce incident tracking module,LaborSoft LaborForce Incident Tracking module,0,43231505
laborsoft laborforce personnel manager module,LaborSoft LaborForce Personnel Manager module,0,43231505
laborsoft laborforce reporting/dashboard manager module,LaborSoft LaborForce Reporting/Dashboard Manager module,0,43231505
labsoft labnet,LabSoft LabNet,0,43232610
labtrack electronic lab notebook,LabTrack Electronic Lab Notebook,0,43232605
labvantage solutions lims,Labvantage Solutions LIMS,0,43232605
labware lims,LabWare LIMS,0,43232605
lacerte 1040 tax analyzer,LaCerte 1040 Tax Analyzer,0,43231603
ladder logic,Ladder Logic,0,43232402
lakes environmental ecorisk view,Lakes Environmental EcoRisk View,0,43232605
lakes environmental emissions view,Lakes Environmental Emissions View,0,43232306
lakes environmental isc-aermod view,Lakes Environmental ISC-AERMOD View,0,43232605
lakes environmental slab view,Lakes Environmental SLAB View,0,43232605
lakes environmental software wrplot view,Lakes Environmental Software WRPLOT View,0,43232605
lamar info net,Lamar Info Net,0,43231506
lambda research oslo,Lambda Research OSLO,0,43232604
lammps molecular dynamics simulator,LAMMPS Molecular Dynamics Simulator,0,43232605
lamp stack,LAMP Stack,0,43232408
lancaster dhia pcdart,Lancaster DHIA PCDART,0,43232306
land & sea dyno-max,Land & Sea DYNO-MAX,0,43232605
land management databases,Land management databases,0,43232306
land software customer pro-file,Land Software Customer Pro-File,0,43232610
landfill gas analysis,Landfill gas analysis,0,43232605
landlord software pro flipper,Landlord Software Pro Flipper,0,43231604
landlordmax,LandlordMax,0,43232306
landmark graphics geographix,Landmark Graphics GeoGraphix,0,43232605
landmark graphics tow/cs,Landmark Graphics TOW/cs,0,43232306
landmark sales log-istics,Landmark Sales LOG-istics,0,43231508
landmark seisworks,Landmark SeisWorks,0,43232605
landmark vip,Landmark VIP,0,43232605
landport systems landport,Landport Systems Landport,0,43232306
landscape management system lms,Landscape Management System LMS,0,43232605
landscape modeling,Landscape modeling,0,43232102
landserf,LandSerf,0,43232605
landtec system software lfg pro,Landtec System Software LFG Pro,0,43232605
landtitle usa,Landtitle USA,0,43232306
langlais computer consultants calman,Langlais Computer Consultants CalMan,0,43232306
language analysis,Language analysis,0,43232605
language arts educational,Language arts educational,0,43232502
language engineering corporation translate pro,Language Engineering Corporation Translate Pro,0,43232501
lapack,LAPACK,0,43232402
large eddy simulation les,Large eddy simulation LES,0,43232605
laser imaging detection and ranging lidar system,Laser imaging detection and ranging LIDAR system,0,43232605
laser substrates postalxport,Laser Substrates PostalXport,0,43231510
laserfiche,Laserfiche,0,43232202
laserfiche avante,Laserfiche Avante,0,43232202
laserfiche rio,Laserfiche Rio,0,43232202
lasersoft imaging silverfast ai studio,LaserSoft Imaging SilverFast Ai Studio,0,43232102
latex,LaTeX,0,43232104|43232112
lathem time payclock ez,Lathem Time PayClock EZ,0,43231605
latitude,Latitude,0,43231513
lattice medicopia,Lattice MediCopia,0,43232610
lauriso software music publisher,Lauriso Software Music Publisher,0,43232005
lavalys everest,Lavalys Everest,0,43232801
law enforcement database,Law enforcement database,0,43232306
law enforcement information databases,Law enforcement information databases,0,43232306
lawex trialworks,Lawex TrialWorks,0,43232306
lawlogix edge,LawLogix Edge,0,43232306
lawmanager,LawManager,0,43232309
lawson erp,Lawson ERP,0,43231602
lawson human resource management,Lawson Human Resource Management,0,43231505
lawson human resources suite,Lawson Human Resources Suite,0,43231505
lawson s3 supply chain management,Lawson S3 Supply Chain Management,0,43231506
lead activity analyzer,Lead Activity Analyzer,0,43231601
lead business analyzer,Lead Business Analyzer,0,43231601
leading market technologies expo,Leading Market Technologies EXPO,0,43231604
leanforward learnpoint,LeanForward LearnPoint,0,43232502
learn hq activate lms,Learn HQ Activate LMS,0,43232502
learn.com coursemaker studio,Learn.com CourseMaker Studio,0,43232502
learn.com learncenter talent management suite,Learn.com LearnCenter Talent Management Suite,0,43231602
learning fundamentals speech visualization,Learning Fundamentals Speech Visualization,0,43232610
learning management system lms,Learning management system LMS,0,43232502
learning technology research institute glo maker,Learning Technology Research Institute GLO Maker,0,43232502
lease cost solutions lsemod,Lease Cost Solutions LseMod,0,43232306
lectra prima vision print repeat,Lectra Prima Vision Print Repeat,0,43232102
legacyusa bakesmart,LegacyUSA BakeSmart,0,43231602
legal,Legal,0,43231511
legal document,Legal document,0,43232104
legal files,Legal Files,0,43231507
legal research,Legal research,0,43232309
legaledge law firm suite,LegalEdge Law Firm Suite,0,43232306
legislative automative workflow system laws,Legislative Automative Workflow System LAWS,0,43232306
leica aeroplan lidar,Leica AEROPLAN LiDAR,0,43232607
leica geosystems erdas imagine,Leica Geosystems ERDAS IMAGINE,0,43233506
leica geosystems fms,Leica Geosystems FMS,0,43233511
lemkesoft graphicconverter,Lemkesoft GraphicConverter,0,43232102
lending software systems,Lending software systems,0,43231604
lenos marketing automation,Lenos marketing automation,0,43232306
lenox softworks videopoint,Lenox Softworks VideoPoint,0,43232103
leonardomd renaissance,LeonardoMD Renaissance,0,43232610
leprechaun spa and salon,Leprechaun Spa and Salon,0,43232306
levare center court,Levare Center Court,0,43232108
lewis & ellis leapps,Lewis & Ellis LEAPPS,0,43231604
lexisnexis,LexisNexis,0,43232309
lexisnexis accurint,LexisNexis Accurint,0,43232306
lexisnexis applied discovery,LexisNexis Applied Discovery,0,43232605
lexisnexis banko,LexisNexis Banko,0,43232309
lexisnexis casemap,LexisNexis CaseMap,0,43232306
lexisnexis checkcite,LexisNexis CheckCite,0,43232104
lexisnexis codemaster,LexisNexis CodeMaster,0,43232306
lexisnexis company analyzer,LexisNexis Company Analyzer,0,43232309
lexisnexis concordance,LexisNexis Concordance,0,43232605
lexisnexis courtlink strategic profiles,LexisNexis CourtLink Strategic Profiles,0,43232605
lexisnexis file and serve,LexisNexis File and Serve,0,43232202
lexisnexis lexis advance,LexisNexis Lexis Advance,0,43232309
lexisnexis lexis back office,LexisNexis Lexis Back Office,0,43231601
lexisnexis lexis front office,LexisNexis Lexis Front Office,0,43232306
lexisnexis pclaw,LexisNexis PCLaw,0,43231601
lexisnexis riskwise,LexisNexis RiskWise,0,43231511
lexisnexis shepard's citations service,LexisNexis Shepard's Citations Service,0,43232309
lexisnexis smartlinx,LexisNexis SmartLinx,0,43232309
lexisnexis time matters,LexisNexis Time Matters,0,43232306
lexisnexis total search,LexisNexis Total Search,0,43232202
lexrotech lxpediatric,Lexrotech LxPediatric,0,43232610
libera system7,Libera System7,0,43232610
library of congress digital collections,Library of Congress digital collections,0,43232309
library of congress e-resources online catalog,Library of Congress E-resources Online Catalog,0,43232306
library of congress online databases,Library of Congress online databases,0,43232609
libreoffice,LibreOffice,0,43231513
libreoffice draw,LibreOffice Draw,0,43231518
license management,License management,0,43231512
lidp consulting services the administrator,LIDP Consulting Services The Administrator,0,43231602
life cycle assessment lca,Life cycle assessment LCA,0,43232605
life cycle cost,Life cycle cost,0,43232605
life systems software chirosuite ehr,Life Systems Software ChiroSuite EHR,0,43232610
life technologies solid,Life Technologies SOLiD,0,43232605
life technologies vector nti,Life Technologies Vector NTI,0,43232605
lifeline software radcalc,Lifeline Software RadCalc,0,43232610
lifestyles technologies dietmaster pro,Lifestyles Technologies DietMaster Pro,0,43232610
light blue software light blue,Light Blue Software Light Blue,0,43232306
lighting calculation,Lighting calculation,0,43232605
lightspeed cloud,LightSpeed Cloud,0,43232611
lilly software associates visual dcms,Lilly Software Associates VISUAL DCMS,0,43231508
lilly software associates visual enterprise,Lilly Software Associates VISUAL Enterprise,0,43231602
lindo systems lindo api,LINDO Systems LINDO API,0,43232605
lindo systems lingo,LINDO Systems LINGO,0,43232605
lindo systems optimization modeling,LINDO Systems optimization modeling,0,43232605
linear technology ltspice,Linear Technology LTSpice,0,43232605
linearteam winisd,LinearTeam WinISD,0,43232605
lingoes,Lingoes,0,43232501
link actuated vents lavent,Link actuated vents LAVENT,0,43232605
link analysis,Link analysis,0,43232605
link encryption,Link encryption,0,43233205
link microtek,Link Microtek,0,43232605
linkcad,LinkCAD,0,43232604
linkedin,LinkedIn,0,43232107|43232306
linspire nvu,Linspire Nvu,0,43232107
linux,Linux,1,43233004
linux virtual server,Linux Virtual Server,0,43232701
lion edge technologies ranch manager,Lion Edge Technologies Ranch Manager,0,43232306
liquidplanner,LiquidPlanner,0,43231507
list processing language lisp,List processing language LISP,0,43232402
listserv,Listserv,0,43233501
litchi,Litchi,0,43232605
literature & latte scrivener,Literature & Latte Scrivener,0,43232104
litigation management,Litigation management,0,43232605
litigation support,Litigation support,0,43232605
little piano,Little Piano,0,43232005
live streaming,Live streaming,0,43232103
lji technologies lumberjack,LJI Technologies Lumberjack,0,43232306
lms imagine.lab amesim,LMS Imagine.Lab AMESim,0,43232605
load optimization,Load optimization,0,43231506
load testing,Load testing,0,43232406
load-bearing analysis,Load-bearing analysis,0,43232605
loan application processing,Loan application processing,0,43231604
loan origination,Loan origination,0,43231604
loan tracking,Loan tracking,0,43232303
lob retailpoint,LOB RetailPoint,0,43232611
local area network lan,Local area network LAN,0,43232905
location allocation decision support system ladss,Location allocation decision support system LADSS,0,43232605
location mapping,Location mapping,0,43233506
locomotive distribution,Locomotive distribution,0,43232305
log book,Log book,0,43232306
logger,Logger,0,43232306
logger data manager ldm,Logger data manager LDM,0,43232605
loggerpc,LoggerPC,0,43232605
logic design robologix,Logic Design RoboLogix,0,43232605
logic group scanner digitizing,Logic Group Scanner Digitizing,0,43232111
logic programming,Logic programming,0,43232406
logic simulators,Logic simulators,0,43232605
logic software easy projects.net,Logic Software Easy Projects.NET,0,43231507
logic synthesis,Logic synthesis,0,43232605
logical partition lpar,Logical partition LPAR,0,43232401
logicalbit eimas,LogicalBit Eimas,0,43232306
logicsphere firstmix,LogicSphere Firstmix,0,43232605
logicvision icbist,LogicVision icBIST,0,43232605
logility voyager warehousepro,Logility Voyager WarehousePRO,0,43231508
logisim,Logisim,0,43232604
logisoft positive pos system,Logisoft Positive Pos System,0,43232611
logistics cost estimating tool,Logistics Cost Estimating Tool,0,43232605
logistics management information lmi database,Logistics management information LMI database,0,43231506
logistics support analysts smartlogic,Logistics Support Analysts SmartLogic,0,43231506
logisuite enterprise,Logisuite Enterprise,0,43231506
logisuite forwarder,Logisuite Forwarder,0,43231506
logitech 3d pro,Logitech 3D Pro,0,43232604
logixml ad-hoc,LogiXML Ad-HOC,0,43232112
logmatrix nervecenter,LogMatrix NerveCenter,0,43232801
logmein gotomeeting,LogMeIn GoToMeeting,0,43233502
logmein gotowebinar,LogMeIn GoToWebinar,0,43233503
logo design,Logo design,0,43232402
logopress,Logopress,0,43232604
logplot,Logplot,0,43232605
logrhythm,LogRhythm,0,43233203
logsa compass,LOGSA COMPASS,0,43232605
logsa syspars,LOGSA SYSPARS,0,43232605
lombardi teamworks,Lombardi Teamworks,0,43232306
london computer systems rent manager,London Computer Systems Rent Manager,0,43232306
longview consolidation,Longview Consolidation,0,43231604
longview performance management platform,Longview Performance Management Platform,0,43231604
longview solutions khalix,Longview Solutions Khalix,0,43231604
loom,Loom,0,43232103
lorenz docubridge,Lorenz DocuBridge,0,43232202
lorenz evalidator,Lorenz eValidator,0,43232202
lorenz labelbridge,Lorenz labelBridge,0,43232202
low-level debugger,Low-level debugger,0,43232406
low-level driver lld,Low-level driver LLD,0,43232605
low-level virtual machine llvm compilers,Low-level virtual machine LLVM compilers,0,43232409
lp360,LP360,0,43232605
lrn ethics and compliance alliance,LRN Ethics and Compliance Alliance,0,43232606
lsa visual dbr,LSA Visual DBR,0,43231506
lsa visual easy lean,LSA Visual Easy Lean,0,43231506
lt online corporation lawtrac,LT Online Corporation LAWTRAC,0,43232306
lua,Lua,0,43232405
lucent vitalsuite,Lucent VitalSuite,0,43232804
lucero system office management,Lucero System Office Management,0,43231511
lucia cgh,Lucia CGH,0,43232605
lucia comet assay,Lucia Comet Assay,0,43232605
lucia fish,Lucia FISH,0,43232605
lucia karyo,Lucia Karyo,0,43232605
lucia metaphase finder,Lucia Metaphase Finder,0,43232605
lucia mfish,LUCIA MFISH,0,43232605
lucid iq cmp,Lucid IQ CMP,0,43232306
lucidchart,Lucidchart,0,43231518
lumigent entegra,Lumigent Entegra,0,43232606
lumion,Lumion,0,43232604
lunchbyte systems nutrikids,LunchByte Systems NUTRIKIDS,0,43231602
luntbuild,LuntBuild,0,43232402
luxology modo,Luxology Modo,0,43232102
luxrender,Luxrender,0,43232102
lynchval systems lvadmin,Lynchval Systems Lvadmin,0,43231505
lynchval systems lvval,Lynchval Systems Lvval,0,43231505
lynchval systems lvxact,Lynchval Systems Lvxact,0,43231505
lynk everest,Lynk Everest,0,43232303
lyris hq web-analytics solution,Lyris HQ Web-Analytics Solution,0,43232605
m-code,M-code,0,43232405
m-sim,M-Sim,0,43232605
m-tech hotel service optimization system hotsos,M-Tech Hotel Service Optimization System HotSOS,0,43232603
m8 client billing,M8 Client Billing,0,43231607
mac helpmate,Mac HelpMate,0,43232901
machine control,Machine control,0,43232608
machine control specialists coilpro,Machine Control Specialists CoilPro,0,43232608
machine control systems,Machine control systems,0,43232608
machine monitoring,Machine monitoring,0,43232608
machine operation,Machine operation,0,43232608
machineworks ltd. machineworks,MachineWorks Ltd. MachineWorks,0,43232612
mackichan software scientific notebook,MacKichan Software Scientific Notebook,0,43232605
mackichan software scientific workplace,MacKichan Software Scientific WorkPlace,0,43232605
macromedia cold fusion,Macromedia Cold Fusion,0,43232107
macropool web research,Macropool Web Research,0,43232306
macroscopic diffusion,Macroscopic diffusion,0,43232605
macvector,MacVector,0,43232605
madcap software madcap flare,MadCap Software MadCap Flare,0,43232112
made2manage supply chain management,Made2Manage Supply Chain Management,0,43231506
made2manage systems m2m erp,Made2Manage Systems M2M ERP,0,43231602
madison technical software chempak plus,Madison Technical Software Chempak Plus,0,43232605
madison technical software enviropak,Madison Technical Software Enviropak,0,43232605
madison technical software steampak,Madison Technical Software Steampak,0,43232605
madrigal soft tools delegator,Madrigal Soft Tools Delegator,0,43231507
madtracker,MadTracker,0,43232005
maestro music software magicscore,Maestro Music Software MagicScore,0,43232005
mag+,Mag+,0,43233508
magellan firmware,Magellan Firmware,0,43233004
magenta multimedia tools magenta ii,Magenta MultiMedia Tools Magenta II,0,43232106
magento analytics,Magento Analytics,0,43232611
maggey child care management,MAGGEY Child Care Management,0,43231602
magic,MAGIC,0,43232604|43232605
magiclogic optimization cube-iq,MagicLogic Optimization Cube-IQ,0,43231506
magictracer,MagicTracer,0,43232102
magix music maker,MAGIX Music Maker,0,43232005
magix software sound forge,MAGIX Software Sound Forge,0,43232005
magix vegas pro,Magix Vegas Pro,0,43232005
magma design automation,Magma Design Automation,0,43232605
magma design automation blast create,Magma Design Automation Blast Create,0,43232605
magma design automation blast fpga,Magma Design Automation Blast FPGA,0,43232605
magma magmasoft,MAGMA MAGMASOFT,0,43232605
magnify predictive targeting system,Magnify Predictive Targeting System,0,43232605
mahle powertrain,MAHLE Powertrain,0,43232604
mailchimp,MailChimp,0,43233501
main injector neutrino oscillation search minos,Main Injector Neutrino Oscillation Search MINOS,0,43232604
main sequence technologies pcrecruiter,Main Sequence Technologies PCRecruiter,0,43231505
main sequence technologies pcrecruiter resume inhaler,Main Sequence Technologies PCRecruiter Resume Inhaler,0,43231505
main street softworks monetra,Main Street Softworks Monetra,0,43232611
mainsaver asset management,Mainsaver Asset Management,0,43232603
mainstreet systems & software dentalab/pc ii,Mainstreet Systems & Software DentaLab/PC II,0,43232306
mainstreet systems & software dentarx,Mainstreet Systems & Software DentaRX,0,43232104
maintainability prediction,Maintainability prediction,0,43232605
maintenance,Maintenance,0,43231602
maintenance documentation,Maintenance documentation,0,43232603
maintenance information databases,Maintenance information databases,0,43232603
maintenance management,Maintenance management,0,43232603
maintenance planning,Maintenance planning,0,43232603
maintenance planning and control,Maintenance planning and control,0,43232306
maintenance record,Maintenance record,0,43231507|43232603
maintenance reporting,Maintenance reporting,0,43232603
maintenance scheduling,Maintenance scheduling,0,43232108
majestic seo,Majestic SEO,0,43232408
makemusic finale,MakeMusic Finale,0,43232005
maker cad/cam services diemaker,MAKER CAD/CAM Services DIEMAKER,0,43232604
making waves audio making waves,Making Waves Audio Making Waves,0,43232005
management information base mib,Management information base MIB,0,43232802
management information systems mis,Management information systems MIS,0,43231602
managemore cellular manager,ManageMore Cellular Manager,0,43232611
managemyspa,ManageMySpa,0,43232306
managerplus,ManagerPlus,0,43232603
manatron customcama,Manatron CustomCAMA,0,43232605
manatron mvp tax,Manatron MVP Tax,0,43231603
manatron proval plus,Manatron ProVal Plus,0,43232605
mangold interact,Mangold INTERACT,0,43232605
mangold logsquare,Mangold LogSquare,0,43232605
mangold soundalyzer,Mangold Soundalyzer,0,43232605
manhattan associates pkms pickticket,Manhattan Associates PkMS Pickticket,0,43231508
manhattan cross cultural group quality interactions,Manhattan Cross Cultural Group Quality Interactions,0,43232303
manhattan scale,Manhattan Scale,0,43231506
manhattan supply chain process platform,Manhattan Supply Chain Process Platform,0,43231506
manitoba hvdc research centre pscad,Manitoba HVDC Research Centre PSCAD,0,43232605
mannus compliance: ehs,Mannus Compliance: EHS,0,43232606
mantisbt,MantisBT,0,43232306
manufacturing execution system mes,Manufacturing execution system MES,0,43232608
manufacturing reporting system,Manufacturing reporting system,0,43231508
manufacturing resource planning mrp,Manufacturing resource planning MRP,0,43231602
manufacturing technology costimater,Manufacturing Technology Costimater,0,43231604
manusoft technologies imold,Manusoft Technologies IMOLD,0,43232612
map building,Map building,0,43233506
map maker,Map Maker,0,43232301
mapcom systems m4,Mapcom systems M4,0,43232603
mapinfo,MapInfo,0,43233506
mapinfo mapmarker,MapInfo MapMarker,0,43233506
mapinfo professional,MapInfo Professional,0,43233506
mapinfo streetpro,MapInfo StreetPro,0,43233506
maplesoft maple,Maplesoft Maple,0,43232605
maplesoft maplesim,Maplesoft MapleSim,0,43232605
maplewood software staffready,Maplewood Software StaffReady,0,43232610
mapping,Mapping,0,43233506
mapr converged data platform,MapR Converged Data Platform,0,43232304
mapreduce big data,MapReduce big data,0,43232314
mapscenes evidence recorder,MapScenes Evidence Recorder,0,43232604
mapscenes pro,MapScenes Pro,0,43232604
mapshots easi suite,MapShots EASi Suite,0,43232605
maptech the capn,Maptech The CAPN,0,43232504
maptek vulcan,Maptek Vulcan,0,43232605
mapthematics geocart,Mapthematics GeoCart,0,43233506
marathon data systems pestpac,Marathon Data Systems PestPac,0,43232306
marathon data systems serviceceo,Marathon Data Systems ServiceCEO,0,43232306
marcosoft quo vadis,MarcoSoft Quo Vadis,0,43232504
marel production system mps,Marel production system MPS,0,43232608
mariadb,MariaDB,0,43232304
marine software marine planned maintenance,Marine Software Marine Planned Maintenance,0,43232603
marine software marine safety manager,Marine Software Marine Safety Manager,0,43232202
market forecast,Market forecast,0,43231604
marketo marketing automation,Marketo Marketing Automation,1,43231514
marketsharp,MarketSharp,0,43232303
marklogic,MarkLogic,0,43232306
martens farms farm site mate,Martens Farms Farm Site Mate,0,43233506
martens farms farm trac,Martens Farms Farm Trac,0,43232306
martin d adamiker's truflite,Martin D Adamiker's TruFlite,0,43233506
mass appraisal records system mars,Mass appraisal records system MARS,0,43232605
mass flux toolkit,Mass Flux Toolkit,0,43232605
mass group factorylink scada hmi,MASS Group FactoryLink SCADA HMI,0,43232608
massage suite,Massage Suite,0,43232610
massive jet,Massive Jet,0,43232102
master cook deluxe professional cook,Master Cook Deluxe Professional Cook,0,43232306
master merchant systems music store,Master Merchant Systems Music Store,0,43232611
master ration calculator,Master Ration Calculator,0,43232605
master scheduling,Master scheduling,0,43232108
master seafloor digital database,Master Seafloor Digital Database,0,43232309
mastercam computer-aided design and manufacturing,Mastercam computer-aided design and manufacturing,0,43232612
mastercam design,Mastercam Design,0,43232604
mastercontrol,MasterControl,0,43232620
mastercontrol md,MasterControl MD,0,43232620
mastercontrol totalpharma,MasterControl TotalPharma,0,43232620
mastermind,MASterMind,0,43231511
masterplan,MasterPlan,0,43231604
masters software cakeboss,Masters Software CakeBoss,0,43231602
masterwriter,MasterWriter,0,43232104
matchware mindview,MatchWare MindView,0,43232101
material safety data sheet msds,Material safety data sheet MSDS,0,43232606
materialise dental simplant,Materialise Dental SimPLANT,0,43232610
materialise dental surgiguide,Materialise Dental SurgiGuide,0,43232610
materials data incorporated jade,Materials Data Incorporated Jade,0,43232605
materials inventory,Materials inventory,0,43231508
materials management,Materials management,0,43231506|43231508
materials requirement planning mrp,Materials requirement planning MRP,0,43231506
materials requirements planning logistics and supply chain,Materials requirements planning logistics and supply chain,0,43231506
materials resource planning mrp,Materials resource planning MRP,0,43231506
materials testing,Materials testing,0,43232605
materilise magics,Materilise Magics,0,43232612
math educational,Math educational,0,43232502
mathematical,Mathematical,0,43232605
mathematical simulation,Mathematical simulation,0,43232605
matheny pattern forecaster plus,Matheny Pattern Forecaster Plus,0,43231511
mathsoft mathcad,Mathsoft Mathcad,0,43232604|43232605
mathworks simulink,MathWorks Simulink,0,43232605
mathworks simulink dsp blockset,MathWorks Simulink DSP Blockset,0,43232605
mathworks simulink fixed-point blockset,MathWorks Simulink Fixed-Point Blockset,0,43232605
matrix calculation,Matrix calculation,0,43232605
mavenlink,Mavenlink,0,43231507
max systems max-gold medical clinic,MAX Systems Max-Gold Medical Clinic,0,43232610
max systems max-gold7,MAX Systems Max-Gold7,0,43232610
maxima,Maxima,0,43232605
maximal software mpl modeling system,Maximal Software MPL Modeling System,0,43232605
maximizer software maximizer enterprise,Maximizer Software Maximizer Enterprise,0,43232303
maxon bodypaint 3d,Maxon BodyPaint 3D,0,43232102
maxon cinema 4d,Maxon Cinema 4D,0,43232103
maxscript,MaxScript,0,43232402
maxsea time zero navigator noaa,MaxSea Time Zero Navigator NOAA,0,43232504
maxsea timezero,MaxSea TIMEZERO,0,43233506
maxwell systems american contractor,Maxwell Systems American Contractor,0,43231507
maxwell systems quest estimator,Maxwell Systems Quest Estimator,0,43231507
maya embedded language mel,Maya Embedded Language MEL,0,43232402
maya htt i-deas,Maya HTT I-DEAS,0,43232605
maya nastran,MAYA Nastran,0,43232605
mayer-johnson boardmaker,Mayer-Johnson Boardmaker,0,43232102
maynard planstaff manager,Maynard PlanStaff Manager,0,43231602
mazak mazatrol smart cnc,Mazak Mazatrol SMART CNC,0,43232608
mc2 systems auto librarian,MC2 Systems Auto Librarian,0,43232609
mcafee,McAfee,0,43233205
mcafee enterprise security manager,McAfee Enterprise Security Manager,0,43232620
mcafee virusscan,McAfee VirusScan,0,43233205
mcallister software systems avimark,McAllister Software Systems AVImark,0,43232610
mccabe software truechange,McCabe Software TRUEchange,0,43231507
mckesson ansos one-staff,McKesson ANSOS One-Staff,0,43232108
mckesson horizon ambulatory care,McKesson Horizon Ambulatory Care,0,43232610
mckesson horizon anatomic pathology,McKesson Horizon Anatomic Pathology,0,43232610
mckesson horizon blood bank,McKesson Horizon Blood Bank,0,43232610
mckesson horizon lab,McKesson Horizon Lab,0,43232610
mckesson horizon lab financials,McKesson Horizon Lab Financials,0,43231601
mckesson horizon mobilecare phlebotomy,McKesson Horizon MobileCare Phlebotomy,0,43232610
mckesson lytec,McKesson Lytec,0,43232610
mckesson practice plus,McKesson Practice Plus,0,43232610
mckesson radiology manager,McKesson Radiology Manager,0,43232610
mcneel rhinoceros 3d,McNeel Rhinoceros 3D,0,43232102|43232604
mcnp dose assessment computer code,MCNP dose assessment computer code,0,43232605
mctrans center tsis-corsim,McTrans Center TSIS-CORSIM,0,43232605
mctrans hcs+,McTrans HCS+,0,43232605
mctrans transyt-7f,McTrans TRANSYT-7F,0,43232605
md synergy medical appointment scheduling,MD Synergy Medical Appointment Scheduling,0,43232108
mdansby the psychreport,Mdansby The PsychReport,0,43232610
mdc services dentalmate,MDC Services DentalMate,0,43232610
mdeverywhere,MDeverywhere,0,43232610
mdofficemanager medivoxx,MDofficeManager MediVoxx,0,43232610
mds analytical technologies genepix pro,MDS Analytical Technologies GenePix Pro,0,43232605
mdsi opencnc,MDSI OpenCNC,0,43232612
mealmaster cookbook wizard,Mealmaster Cookbook Wizard,0,43232306
meals plus,Meals Plus,0,43232306
mean time between failures mbtf,Mean time between failures MBTF,0,43232605
mean time to failure mttf,Mean time to failure MTTF,0,43232605
measure square,Measure Square,0,43231507
measure square floorestimate pro,Measure Square FloorEstimate Pro,0,43231507
meat inventory,Meat inventory,0,43231508
mechanical electrical plumbing mep design,Mechanical electrical plumbing MEP design,0,43232604
mecsoft corporation rhinocam,MecSoft Corporation RhinoCAM,0,43232612
mecsoft corporation visualmill,MecSoft Corporation VisualMILL,0,43232612
mecsoft corporation visualturn,MecSoft Corporation VisualTURN,0,43232612
med math,Med Math,0,43232610
medcomsoft record,MedcomSoft Record,0,43232610
meddatasolutions regist*r,MedDataSolutions Regist*r,0,43232610
medent,MEDENT,0,43232610
medepresence,MedePresence,0,43232610
medevolve eceno,MedEvolve eCeno,0,43232610
medez behavioral healthcare and substance abuse,MedEZ behavioral healthcare and substance abuse,0,43232610
medflow complete,Medflow Complete,0,43232610
medforce technologies workflow,MedFORCE Technologies WorkFLOW,0,43232610
medgate enterprise ehs,Medgate Enterprise EHS,0,43232306
medgen ped,Medgen PED,0,43232610
media storage management,Media storage management,0,43232907
mediachance multimedia builder,MediaChance Multimedia Builder,0,43232106
medianet solutions e-iep pro,MediaNet Solutions e-IEP PRO,0,43232306
mediashout,MediaShout,0,43232106
mediasoft medioffice,Mediasoft mediOFFICE,0,43232610
mediavue,MediaVue,0,43232107
mediawiki,MediaWiki,0,43232107
medicaid management information system mmis,Medicaid management information system MMIS,0,43232610
medical,Medical,0,43232610
medical billing,Medical billing,0,43231607
medical calculator,Medical calculator,0,43232610
medical condition coding,Medical condition coding,0,43232610
medical decision support,Medical decision support,0,43232610
medical digital imaging,Medical digital imaging,0,43232610
medical equipment diagnostic,Medical equipment diagnostic,0,43232610
medical image processing,Medical image processing,0,43232610
medical imaging,Medical imaging,0,43232610
medical information,Medical information,0,43232610
medical information databases,Medical information databases,0,43232309
medical laser control,Medical laser control,0,43232610
medical outcome systems emini software suite,Medical Outcome Systems eMINI Software Suite,0,43232610
medical procedure coding,Medical procedure coding,0,43232610
medical record charting,Medical record charting,0,43232610
medical records,Medical records,0,43232610
medical reference,Medical reference,0,43232309
medical scientists hybridai,Medical Scientists HybridAI,0,43232605
medical scientists medisave,Medical Scientists MediSave,0,43232605
medical surveillance,Medical surveillance,0,43232605
medical system integration,Medical system integration,0,43232610
medical terminology databases,Medical terminology databases,0,43232309
medical wizards er & icu toolbox,Medical Wizards ER & ICU ToolBox,0,43232309
medical wizards er suite,Medical Wizards ER Suite,0,43232309
medical wizards paramedics toolbox,Medical Wizards Paramedics ToolBox,0,43232309
medicine rules powerseat 360,Medicine Rules PowerSEAT 360,0,43232610
medicware emr,MedicWare EMR,0,43232610
medidata rave data management,Medidata Rave Data Management,0,43232306
medigraph,MediGraph,0,43231601
medinotes charting plus,MediNotes Charting Plus,0,43232610
medipro medisoft clinical,MediPro Medisoft Clinical,0,43232610
mediregs complytrack,MediRegs ComplyTrack,0,43232606
mediregs e-dition compliance monitor,MediRegs E-dition Compliance Monitor,0,43232606
mediregs pharmaceutical regulation suite,MediRegs Pharmaceutical Regulation Suite,0,43232606
mediregs regulation and reimbursement suite,MediRegs Regulation and Reimbursement Suite,0,43232606
mediregs risk assessment manager,MediRegs Risk Assessment Manager,0,43232606
meditab ims orthopedics/sports medicine,Meditab IMS Orthopedics/Sports Medicine,0,43232610
meditab software allergyehr,Meditab Software AllergyEHR,0,43232610
meditech,MEDITECH,1,43232610
meditech anatomical pathology,MEDITECH Anatomical Pathology,0,43232610
meditech behavioral health clinicals,MEDITECH Behavioral Health Clinicals,0,43232610
meditech blood bank,MEDITECH Blood Bank,0,43232610
meditech hcis,MEDITECH HCIS,0,43232610
meditech healthcare information system hcis,MEDITECH Healthcare Information System HCIS,0,43232610
meditech laboratory and microbiology,MEDITECH Laboratory and Microbiology,0,43232610
meditech medical and practice management mpm suite,MEDITECH Medical and Practice Management MPM Suite,0,43232610
meditech supply chain management,MEDITECH Supply Chain Management,0,43231506
meditwatch portaflow advanced,Meditwatch Portaflow Advanced,0,43232610
mediware closedloop clinical systems,Mediware ClosedLoop Clinical Systems,0,43232610
mediware information systems hcll donor,Mediware Information Systems HCLL Donor,0,43232610
mediware information systems hcll transfusion,Mediware Information Systems HCLL Transfusion,0,43232610
mediware information systems lifetrak,Mediware Information Systems LifeTrak,0,43232610
mediware information systems medicoe,Mediware Information Systems MediCOE,0,43232610
medovation radrunner,Medovation RadRunner,0,43232610
medq q/ris,medQ Q/ris,0,43232610
medquist docqment enterprise platform,MedQuist DocQment Enterprise Platform,0,43232610
medscribbler enterprise,Medscribbler Enterprise,0,43232610
medstar systems drworks,MedStar Systems DrWorks,0,43232610
medstat/inforum,Medstat/INFORUM,0,43232309
medworxx learning management system,Medworxx Learning Management System,0,43232502
medxview ectdauditor,MedXView eCTDauditor,0,43232202
meeting scheduling,Meeting scheduling,0,43232108
meetingmatrix international,MeetingMatrix International,0,43232603
megger powerdb,Megger PowerDB,0,43232606
memberclicks complete,MemberClicks COMPLETE,0,43232306
membership databases,Membership databases,0,43232306
memphis survey explorer,Memphis Survey Explorer,0,43232605
memscap mems pro,MEMSCAP MEMS Pro,0,43232604
mendel,Mendel,0,43232605
mensi 3dipsos,MENSI 3Dipsos,0,43232604
mensurix audio,Mensurix Audio,0,43232605
mental images mental ray,Mental Images Mental Ray,0,43232102
mentimeter,Mentimeter,0,43232106
mentor graphics,Mentor Graphics,0,43232604
mentor graphics bsdarchitect,Mentor Graphics BSDArchitect,0,43232605
mentor graphics calibre,Mentor Graphics Calibre,0,43232605
mentor graphics expedition enterprise,Mentor Graphics Expedition Enterprise,0,43232604
mentor graphics flowmaster,Mentor Graphics Flowmaster,0,43232605
mentor graphics leonardospectrum,Mentor Graphics LeonardoSpectrum,0,43232605
mentor graphics pads,Mentor Graphics PADS,0,43232604
mentor graphics precision rtl,Mentor Graphics Precision RTL,0,43232605
mentor graphics vesys design,Mentor Graphics VeSys Design,0,43232604
mentor graphics xpedition xdx designer,Mentor Graphics Xpedition xDX Designer,0,43232604
menu and nutrition database,Menu and nutrition database,0,43232306
menu planning,Menu planning,0,43232306
mercure dose assessment computer codes,MERCURE dose assessment computer codes,0,43232605
merge healthcare etrials,Merge Healthcare eTrials,0,43232306
merge healthcare merge ris,Merge Healthcare Merge RIS,0,43232610
mergerstat control premiums,MergerStat Control Premiums,0,43231604
mergerstat price to earnings ratios,MergerStat Price to Earnings Ratios,0,43231604
meridian technologies surepoint,Meridian Technologies SurePoint,0,43232306
merlin information services databases,Merlin Information Services databases,0,43232306
merlinco merlin,Merlinco MERLIN,0,43232605
merry mechanization smp/is,Merry Mechanization SMP/IS,0,43232612
mesh generation,Mesh generation,0,43232605
mesoscale modeling,Mesoscale modeling,0,43232605
mesquite software csim,Mesquite Software CSIM,0,43232605
meta-analysis with interactive explanations mix,Meta-analysis with interactive explanations MIX,0,43232605
metal designing,Metal designing,0,43232604
metalcam fikus visualcam,Metalcam Fikus Visualcam,0,43232612
metalix cad/cam system cnckad,Metalix CAD/CAM System cncKad,0,43232612
metamation metacam,Metamation MetaCAM,0,43232612
metasploit,Metasploit,0,43233205
metasystems isis color karyotyping,MetaSystems Isis Color Karyotyping,0,43232605
meteorjs,MeteorJS,0,43232408
meter reading,Meter reading,0,43232305
methodware era,Methodware ERA,0,43232606
methodware proaudit advisor,MethodWare ProAudit Advisor,0,43231604
metricstream compliance management,MetricStream Compliance Management,0,43232606
metricstream enterprise compliance platform,MetricStream Enterprise Compliance Platform,0,43232606
metricstream regulatory reporting,MetricStream Regulatory Reporting,0,43232606
metrix imageware surfacer,Metrix Imageware Surfacer,0,43232604
metrologic group metrolog xg,Metrologic Group Metrolog XG,0,43232608
meyer instruments optimas,Meyer Instruments Optimas,0,43232605
mghworld travel agents,MGHworld Travel Agents,0,43232303
mhc document express,MHC Document Express,0,43232202
mi-assistant mi management system,MI-Assistant MI Management System,0,43231602
mi-co,Mi-Co,0,43232305
mi-co mi-forms,Mi-Co Mi-Forms,0,43232305|43232306
mica information systems mica-med practice manager,MICA Information Systems MICA-MED Practice Manager,0,43232610
michigan state university msu proflex,Michigan State University MSU ProFlex,0,43232605
micosoft sql server analysis services ssas,Micosoft SQL Server Analysis Services SSAS,0,43232314
micro estimating fabplan,Micro Estimating FabPlan,0,43232605
micro focus openview,Micro Focus OpenView,0,43232801
micro focus testpartner,Micro Focus TestPartner,0,43232406
micro j systems pchunter,Micro J Systems PcHunter,0,43231505
micro video video voice speech training system,Micro Video Video Voice Speech Training System,0,43232610
micro video voice speech training system,Micro Video Voice Speech Training System,0,43232610
micro-press microstation powerdraft,Micro-Press MicroStation PowerDraft,0,43232102
microarchitecture simulation,Microarchitecture simulation,0,43232605
microbiz,MicroBiz,0,43232611
microblast recipe wizard for windows,MicroBlast Recipe Wizard for Windows,0,43232306
microchip mplab integrated development environment (ide),Microchip MPLAB Integrated Development Environment (IDE),0,43232402
microcog assessment of cognitive functioning,MicroCog Assessment of Cognitive Functioning,0,43232610
microdem,MICRODEM,0,43233506
microelectromechanical systems mems simulation,Microelectromechanical systems MEMS simulation,0,43232605
microfit healthwizard,MicroFit HealthWizard,0,43232306
microfocus groupwise,MicroFocus GroupWise,0,43233501
microfour practicestudio.net emr,MicroFour PracticeStudio.NET EMR,0,43232610
micromuse netcool,Micromuse NetCool,0,43232801
micronetics xpert write-up,Micronetics Xpert Write-up,0,43231601
micropact entellitrak labor relations edition,Micropact entellitrak Labor Relations Edition,0,43231505
micropress vtex,MicroPress VTeX,0,43232112
micros systems hsi profits series,MICROS Systems HSI Profits Series,0,43232611
micros systems micros 9700 hms,MICROS Systems MICROS 9700 HMS,0,43232611
micros systems opera enterprise solution oes,MICROS Systems OPERA Enterprise Solution OES,0,43232603
micros systems opera property management system pms,MICROS Systems OPERA Property Management System PMS,0,43232306
micros xbr loss prevention,MICROS XBR Loss Prevention,0,43232314
microscope imaging,Microscope imaging,0,43232605
microscopic image capturing,Microscopic image capturing,0,43232605|43232610
microservices architecture,Microservices Architecture,0,43232701
microsoft .net framework,Microsoft .NET Framework,1,43232402
microsoft access,Microsoft Access,1,43232306
microsoft active directory,Microsoft Active Directory,1,43232704
microsoft active server pages asp,Microsoft Active Server Pages ASP,1,43232408
microsoft activesync,Microsoft ActiveSync,0,43233508
microsoft activex,Microsoft ActiveX,0,43232405
microsoft asp.net,Microsoft ASP.NET,1,43232408
microsoft asp.net core mvc,Microsoft ASP.NET Core MVC,0,43232408
microsoft axapta,Microsoft Axapta,0,43231602
microsoft azure,Microsoft Azure,1,43232402
microsoft azure data factory,Microsoft Azure Data Factory,0,43232806
microsoft azure devops services,Microsoft Azure DevOps Services,0,43232402
microsoft azure sentinel,Microsoft Azure Sentinel,0,43232801
microsoft bing,Microsoft Bing,0,43232306
microsoft business contact manager,Microsoft Business Contact Manager,0,43232303
microsoft business intelligence bi,Microsoft Business Intelligence BI,0,43231602
microsoft commerce server,Microsoft Commerce Server,0,43232408
microsoft defender antivirus,Microsoft Defender Antivirus,0,43233205
microsoft directx,Microsoft DirectX,0,43233405
microsoft dns server,Microsoft DNS Server,0,43232704
microsoft dynamics,Microsoft Dynamics,0,43231602|43232303
microsoft dynamics ax,Microsoft Dynamics AX,0,43231602
microsoft dynamics crm,Microsoft Dynamics CRM,0,43232303
microsoft dynamics erp,Microsoft Dynamics ERP,0,43231602
microsoft dynamics gp,Microsoft Dynamics GP,0,43231602
microsoft dynamics marketing,Microsoft Dynamics Marketing,0,43232306
microsoft dynamics nav,Microsoft Dynamics NAV,0,43231602
microsoft dynamics sl,Microsoft Dynamics SL,0,43231602
microsoft edge,Microsoft Edge,1,43232705
microsoft entourage,Microsoft Entourage,0,43232108
microsoft esp sdk,Microsoft ESP SDK,0,43232402
microsoft excel,Microsoft Excel,1,43232110
microsoft exchange,Microsoft Exchange,0,43233501
microsoft expression blend,Microsoft Expression Blend,0,43232404
microsoft expression design,Microsoft Expression Design,0,43232102
microsoft extensible application markup language (xaml),Microsoft Extensible Application Markup Language (XAML),0,43232402
microsoft forefront identify manager,Microsoft Forefront Identify Manager,0,43233201
microsoft forefront threat management gateway,Microsoft Forefront Threat Management Gateway,0,43233203
microsoft frontpage,Microsoft FrontPage,0,43232107
microsoft frx,Microsoft FRx,0,43231604
microsoft great plains personal data keeper,Microsoft Great Plains Personal Data Keeper,0,43231605
microsoft high level shader language hlsl,Microsoft High Level Shader Language HLSL,0,43232402
microsoft hyper-v server,Microsoft Hyper-V Server,0,43233004
microsoft hyperterminal,Microsoft Hyperterminal,0,43232915
microsoft image composite editor,Microsoft Image Composite Editor,0,43232102
microsoft internet explorer,Microsoft Internet Explorer,0,43232705
microsoft internet information services (iis),Microsoft Internet Information Services (IIS),0,43232313
microsoft internet information services (iis) manager,Microsoft Internet Information Services (IIS) Manager,0,43232313
microsoft mappoint,Microsoft MapPoint,0,43233506
microsoft mobile explorer mme,Microsoft Mobile Explorer MME,0,43232705
microsoft money,Microsoft Money,0,43231604
microsoft netmeeting,Microsoft NetMeeting,0,43233502
microsoft network monitor,Microsoft Network Monitor,0,43232801
microsoft office,Microsoft Office,1,43231513
microsoft office document imaging,Microsoft Office Document Imaging,0,43232605
microsoft office frontpage,Microsoft Office FrontPage,0,43232107
microsoft office live meeting,Microsoft Office Live Meeting,0,43233502
microsoft office mobile,Microsoft Office Mobile,0,43231513
microsoft office outlook,Microsoft Office Outlook,0,43232108
microsoft onenote,Microsoft OneNote,0,43232104
microsoft onfolio,Microsoft Onfolio,0,43232306
microsoft outlook,Microsoft Outlook,1,43232104|43233501
microsoft paint,Microsoft Paint,0,43232102
microsoft picture it!,Microsoft Picture It!,0,43232102
microsoft power automate,Microsoft Power Automate,1,43232403
microsoft power bi,Microsoft Power BI,1,43232314
microsoft power platform,Microsoft Power Platform,0,43232403
microsoft powerpoint,Microsoft PowerPoint,1,43232106
microsoft powershell,Microsoft PowerShell,1,43232402
microsoft proclarity,Microsoft Proclarity,0,43232305
microsoft project,Microsoft Project,1,43231507
microsoft publisher,Microsoft Publisher,0,43232112
microsoft security esssentials,Microsoft Security Esssentials,0,43233205
microsoft sharepoint,Microsoft SharePoint,1,43232202
microsoft sharepoint server,Microsoft SharePoint Server,0,43232202
microsoft silverlight,Microsoft Silverlight,0,43232408
microsoft sql server,Microsoft SQL Server,1,43232304|43232306
microsoft sql server compact,Microsoft SQL Server Compact,0,43232304
microsoft sql server integration services ssis,Microsoft SQL Server Integration Services SSIS,1,43232403
microsoft sql server reporting services ssrs,Microsoft SQL Server Reporting Services SSRS,1,43232305|43232405
microsoft system center,Microsoft System Center,0,43233701
microsoft systems management server,Microsoft Systems Management Server,0,43233701
microsoft team foundation server,Microsoft Team Foundation Server,1,43231507|43232402
microsoft teams,Microsoft Teams,1,43231507|43232403
microsoft total quality control management,Microsoft Total Quality Control Management,0,43232306
microsoft transact-structural query language t-sql,Microsoft transact-structural query language T-SQL,0,43232304
microsoft virtual server,Microsoft Virtual Server,0,43232701
microsoft visio,Microsoft Visio,1,43231518|43232102
microsoft visual basic,Microsoft Visual Basic,1,43232402
microsoft visual basic for applications vba,Microsoft Visual Basic for Applications VBA,1,43232402
microsoft visual basic scripting edition vbscript,Microsoft Visual Basic Scripting Edition VBScript,0,43232402
microsoft visual basic.net,Microsoft Visual Basic.NET,0,43232405
microsoft visual basic.net compact framework cf,Microsoft Visual Basic.NET Compact Framework CF,0,43232405
microsoft visual c# .net,Microsoft Visual C# .NET,0,43232405
microsoft visual foxpro,Microsoft Visual FoxPro,0,43232311
microsoft visual interdev,Microsoft Visual InterDev,0,43232408
microsoft visual j++,Microsoft Visual J++,0,43232402
microsoft visual sourcesafe,Microsoft Visual SourceSafe,0,43232402
microsoft visual studio,Microsoft Visual Studio,1,43232402
microsoft visual studio test professional,Microsoft Visual Studio Test Professional,0,43232406
microsoft visual studio.net,Microsoft Visual Studio.NET,0,43232402
microsoft volume shadow copy service,Microsoft Volume Shadow Copy Service,0,43233415
microsoft windows,Microsoft Windows,1,43233004
microsoft windows mobile,Microsoft Windows Mobile,0,43233004
microsoft windows movie maker,Microsoft Windows Movie Maker,0,43232103
microsoft windows powershell,Microsoft Windows PowerShell,0,43233004
microsoft windows pre-installation environment,Microsoft Windows Pre-installation Environment,0,43233004
microsoft windows sdk,Microsoft Windows SDK,0,43232402
microsoft windows server,Microsoft Windows Server,1,43232701|43233004
microsoft windows sysprep,Microsoft Windows Sysprep,0,43232401
microsoft windows terminal services access manager,Microsoft Windows Terminal Services Access Manager,0,43232912
microsoft windows vista business,Microsoft Windows Vista Business,0,43233004
microsoft windows xp,Microsoft Windows XP,0,43233004
microsoft windows xp professional,Microsoft Windows XP Professional,0,43233004
microsoft word,Microsoft Word,1,43232104
microsoft works,Microsoft Works,0,43231513
microsolve cama,MicroSolve CAMA,0,43232605
microstrategy,MicroStrategy,0,43232314
microstrategy desktop,MicroStrategy Desktop,0,43231602
microstrategy report services,MicroStrategy Report Services,0,43231602
microsurvey fieldgenius,MicroSurvey FieldGenius,0,43232605
microsurvey officesync,MicroSurvey OfficeSync,0,43232605
microsurvey software microsurvey cad,MicroSurvey Software MicroSurvey CAD,0,43232604
microsurvey star*net,MicroSurvey Star*Net,0,43232305
microsurveycad,MicroSurveyCAD,0,43232604
microsys micromd,Microsys MicroMD,0,43232610
microwave circuit simulation,Microwave circuit simulation,0,43232605
microwind dsch,Microwind Dsch,0,43232605
mideo systems ezdoc plus,Mideo Systems EZDoc Plus,0,43232102
midi maestro,MIDI Maestro,0,43232005
midi score creator,MIDI Score Creator,0,43232005
midiswing,MidiSwing,0,43232005
midland valley 2dmove,Midland Valley 2DMove,0,43232604
midland valley 3dmove,Midland Valley 3DMove,0,43232604
midland valley move suite,Midland Valley Move Suite,0,43232604
midrange software xperthire,Midrange Software XpertHire,0,43231505
midwest information systems pax-it,Midwest Information Systems PAX-it,0,43232102
midwest microsystems cow sense,Midwest MicroSystems Cow Sense,0,43231602
mightyscout,MightyScout,0,43231514
migration,Migration,0,43232915
migration testing,Migration testing,0,43232406
mikal sms,MIKAL SMS,0,43232306
milano spa,Milano Spa,0,43232306
mileage logging,Mileage logging,0,43232306
millennium software atrex,Millennium Software Atrex,0,43232611
millennium spasalon,Millennium SpaSalon,0,43232306
milliman corporate affinity,Milliman Corporate Affinity,0,43231604
milliman reservepro,Milliman ReservePro,0,43231604
millisecond software inquisit,Millisecond Software Inquisit,0,43232605
millon behavioral medicine diagnostic,Millon Behavioral Medicine Diagnostic,0,43232610
milsoft disspatch,Milsoft DisSPatch,0,43232608
mim software mimcardiac,MIM Software MIMcardiac,0,43232610
mim software mimfusion,MIM Software MIMfusion,0,43232610
mim software mimneuro,MIM Software MIMneuro,0,43232610
mincom minescape,Mincom MineScape,0,43232306
mind mapping,Mind mapping,0,43232101
mindbody business management,MINDBODY business management,0,43232306
mindgenius,MindGenius,0,43232101
mindjet mindmanager,MindJet MindManager,0,43231518
mine maintenance,Mine maintenance,0,43232603
minegeo,MineGeo,0,43233506
minemax igantt,Minemax iGantt,0,43232306
minesight,MineSight,0,43232604|43232605
minisis mint,MINISIS MINT,0,43232306
minitab,Minitab,0,43232605
minnesota multiphasic personality inventory-2 mmpi-2,Minnesota Multiphasic Personality Inventory-2 MMPI-2,0,43232610
mintel reports,Mintel Reports,0,43232309
minuteman systems minuteman project management,MinuteMan Systems MinuteMan Project Management,0,43231507
mir3 intelligent notification,MIR3 Intelligent Notification,0,43232902
miridia technology acugraph,Miridia Technology AcuGraph,0,43232610
mirs compliance,MIRS Compliance,0,43232606
missler software topsolid,Missler Software TopSolid,0,43232612
misys healthcare systems misys tiger,Misys Healthcare Systems Misys Tiger,0,43232610
misys healthcare systems mysis tiger,Misys Healthcare Systems Mysis Tiger,0,43232610
mit oases,MIT OASES,0,43232605
mitchell international mitchell workcenter,Mitchell International Mitchell WorkCenter,0,43231507
mitchell manager invoicing system,Mitchell Manager Invoicing System,0,43231607
mitchell ondemand5 manager,Mitchell OnDemand5 Manager,0,43232603
mitek systems imagenet payments,Mitek Systems ImageNet Payments,0,43232102
mitre att&ck,MITRE ATT&CK,0,43232406
mitre software gslope,Mitre Software GSLOPE,0,43232605
mixed code generator,Mixed code generator,0,43232409
mixed integer optimizer minto,Mixed integer optimizer MINTO,0,43232605
mj systems logsleuth,MJ Systems Logsleuth,0,43232306
mjiccs pilotlog,MJICCS PilotLog,0,43232306
mlflow,Mlflow,0,43232605
mlpu,MLPU,0,43232605
mnt northwest mnt assistant,MNT Northwest MNT Assistant,0,43232610
mobile application,Mobile application,0,43233508
mobile building inspection,Mobile building inspection,0,43232305
mobile data software vetinfo,Mobile Data Software VetInfo,0,43232610
mobile dog grooming software mgroomer,Mobile Dog Grooming Software mGroomer,0,43232108
mobile knowledge cabmate,Mobile Knowledge Cabmate,0,43233511
mobile wireless network infrastructure,Mobile wireless network infrastructure,0,43232910
mobiletoys maidxl,MobileToys MAIDXL,0,43232306
mobitech systems route sales trakker,MobiTech Systems Route Sales Trakker,0,43232306
modal analysis,Modal analysis,0,43232605
modelica,Modelica,0,43232405
modeling,Modeling,0,43232605
modelkinetix modelmaker,ModelKinetix ModelMaker,0,43232605
modellium paritop,Modellium PariTOP,0,43232306
modernizing medicine practice management,Modernizing Medicine Practice Management,0,43232610
modpath,MODPATH,0,43232605
modula,Modula,0,43232405
modular arrangement of predetermined time standards software modapts,Modular arrangement of predetermined time standards software MODAPTS,0,43232605
modular mining systems dispatch,Modular Mining Systems DISPATCH,0,43232605
modulemd allergy module,ModuleMD Allergy Module,0,43232610
modulo risk manager,Modulo Risk Manager,0,43232606
mogo dental software mogo,MOGO Dental Software MOGO,0,43232610
moldraw,MolDraw,0,43232102
molecular devices corporation metafluor,Molecular Devices Corporation MetaFluor,0,43232102
molecular devices corporation metamorph,Molecular Devices Corporation MetaMorph,0,43232102
molecular devices softmax pro,Molecular Devices Softmax Pro,0,43232605
molecular networks gmbh biochemical pathways,Molecular Networks GmbH Biochemical Pathways,0,43232309
molecular simulation,Molecular simulation,0,43232605
molecular simulations weblab viewerpro,Molecular Simulations WebLab ViewerPro,0,43232102
molecular visualization,Molecular visualization,0,43232605
molsearch pro,Molsearch Pro,0,43232306
monash university low fodmap diet app,Monash University Low FODMAP Diet App,0,43232605
moneysoft corporate valuation,MoneySoft Corporate Valuation,0,43231604
moneytree silver financial planner (financial analysis feature),MoneyTree Silver Financial Planner (financial analysis feature),0,43231604
moneytree silver financial planner (presentation feature),MoneyTree Silver Financial Planner (presentation feature),0,43232106
mongodb,MongoDB,1,43232304
monitoring and remediation optimization system maros,Monitoring and Remediation Optimization System MAROS,0,43232605
monte carlo simulation,Monte Carlo simulation,0,43231604|43232605
montgomery investment technology bonds xl,Montgomery Investment Technology Bonds XL,0,43231604
montgomery investment technology exotics xl,Montgomery Investment Technology Exotics XL,0,43231604
montgomery investment technology fintools,Montgomery Investment Technology FinTools,0,43231604
montgomery investment technology options xl,Montgomery Investment Technology Options XL,0,43231604
montgomery investment technology quotetools,Montgomery Investment Technology QuoteTools,0,43231604
montgomery investment technology risk xl,Montgomery Investment Technology Risk XL,0,43231604
montgomery investment technology sigtools,Montgomery Investment Technology SigTools,0,43231604
montgomery investment technology utility xl,Montgomery Investment Technology Utility XL,0,43232105
moodle,Moodle,0,43232502
moody's kmv creditedge,Moody's KMV CreditEdge,0,43231604
moody's kmv decisions,Moody's KMV Decisions,0,43231604
moody's kmv famas,Moody's KMV FAMAS,0,43232110
moody's kmv financial analyst,Moody's KMV Financial Analyst,0,43231604
moody's kmv risk advisor,Moody's KMV Risk Advisor,0,43231604
moody's kmv risk analyst,Moody's KMV Risk Analyst,0,43231604
moody's riskcalc,Moody's RiskCalc,0,43231604
morningstar principia,Morningstar Principia,0,43231604
morse-cg dose assessment computer code,MORSE-CG dose assessment computer code,0,43232605
mortware professional,Mortware Professional,0,43232306
mosby's drug consult,Mosby's Drug Consult,0,43232309
mosby's nutritrac,Mosby's Nutritrac,0,43232605
mosflm,Mosflm,0,43232605
moss adams profit mentor,Moss Adams Profit Mentor,0,43231604
motek priya,Motek Priya,0,43231508
motion analysis,Motion analysis,0,43232605
motion capture,Motion capture,0,43232103
motion control,Motion control,0,43232608
motion correction,Motion correction,0,43232610
motion graphics,Motion graphics,0,43232102
motor testing,Motor testing,0,43232605
motormaster+,MotorMaster+,0,43232605
motorola digital signal processing (dsp) assembler,Motorola Digital Signal Processing (DSP) Assembler,0,43232402
mount taylor programs private advantage,Mount Taylor Programs Private Advantage,0,43231602
mountainside software allergy lab,Mountainside Software Allergy Lab,0,43232610
moxa,Moxa,0,43232608
moxi works moxiengage,Moxi Works MoxiEngage,0,43232303
moxi works moxiimpress,Moxi Works MoxiImpress,0,43231514
moxi works moxipresent,Moxi Works MoxiPresent,0,43232106
moz search engine optimization seo,Moz search engine optimization SEO,0,43232408
mozart music software mozart,Mozart Music Software Mozart,0,43232005
mozilla firefox,Mozilla Firefox,1,43232705
mozilla thunderbird,Mozilla Thunderbird,0,43233501
mpay millennium,MPAY Millennium,0,43231605
mpi micro planner x-pert,MPI Micro Planner X-Pert,0,43232101
mplexus dicom radix,mPlexus DICOM RadiX,0,43232610
mpmsoft billing,MPMsoft billing,0,43231607
mra technologies mratrack warehouse management system,MRA Technologies MRATrack Warehouse Management System,0,43231508
mro audit tracker,MRO Audit Tracker,0,43231604
mrx solutions officemaster,MRX Solutions OfficeMaster,0,43232610
ms*health software/cmhc,MS*Health Software/CMHC,0,43232610
msb software astroart,MSB Software Astroart,0,43232605
msc software adams,MSC Software Adams,0,43232605
msc software fatigue,MSC Software Fatigue,0,43232605
msc software nastran,MSC Software Nastran,0,43232605
msc software patran,MSC Software Patran,0,43232605
msi insight/discover,MSI Insight/Discover,0,43232605
msr visual exporter,MSR Visual Exporter,0,43232306
msr visual exporter document library,MSR Visual Exporter Document Library,0,43232202
msr visual exporter enterprise integrator,MSR Visual Exporter Enterprise Integrator,0,43232403
mti systems costimator js,MTI Systems Costimator JS,0,43232605
mts testworks,MTS Testworks,0,43232306
mulesoft,MuleSoft,0,43232403
multi-center traffic management advisor mctma,Multi-center traffic management advisor McTMA,0,43232607
multi-channel contact center,Multi-channel contact center,0,43232903
multi-functional calculators,Multi-functional calculators,0,43232605
multi-line optical character reader ocr,Multi-line optical character reader OCR,0,43232111
multi-router traffic grapher mrtg,Multi-router traffic grapher MRTG,0,43232801
multichannel microelectrode analyzer mma,Multichannel microelectrode analyzer MMA,0,43232605
multidata computer systems multitech,Multidata Computer Systems MultiTech,0,43232610
multidimensional expressions mdx,Multidimensional Expressions MDX,0,43232304
multigen paradigm 3d gis,MultiGen Paradigm 3D GIS,0,43232604
multigen paradigm vega prime,MultiGen Paradigm Vega Prime,0,43232604
multimedia video analysis,Multimedia video analysis,0,43232103
multipath corporation fast matrix solver fms,Multipath Corporation Fast Matrix Solver FMS,0,43232605
multiple listing service,Multiple listing service,0,43232306
multiple options animal shelter management system,Multiple Options Animal Shelter Management System,0,43232306
multiple trading transaction systems,Multiple trading transaction systems,0,43231604
multiprotocol label switching mpls,Multiprotocol Label Switching MPLS,0,43232805
multipurpose interactive image processing system miips,Multipurpose Interactive Image Processing System MIIPS,0,43232605
multisensory data representation,Multisensory data representation,0,43232605
multitask,Multitask,0,43232108
multivariate software eqs,Multivariate Software EQS,0,43232605
multivariate statistical program mvsp,Multivariate statistical program MVSP,0,43232605
multiview accounts receivable,Multiview Accounts Receivable,0,43231601
mumps m,MUMPS M,0,43232402
muncy plat pronto,Muncy Plat Pronto,0,43233506
municipal geographic management,Municipal geographic management,0,43231602
musescore,MuseScore,0,43232005
music,Music,0,43232005
music director pro,Music Director Pro,0,43232306
music scheduling,Music scheduling,0,43232108
musical instrument digital interface midi,Musical instrument digital interface MIDI,0,43232005
musical palette,Musical Palette,0,43232005
musicdevelopments rapidcomposer,MusicDevelopments RapidComposer,0,43232005
musicgraph,MusicGraph,0,43232005
musilogic harmonybuilder,Musilogic HarmonyBuilder,0,43232005
mutation testing,Mutation testing,0,43232406
muthen & muthen mplus,Muthen & Muthen Mplus,0,43232605
mutual fund analysis,Mutual fund analysis,0,43231604
mwh soft h2onet msx,MWH Soft H2ONET MSX,0,43232605
mwh soft infoswmm,MWH Soft InfoSWMM,0,43232605
mxi technologies maintenix,Mxi Technologies Maintenix,0,43232306
my clients plus,My Clients Plus,0,43232610
mycommerce regnow,MyCommerce RegNow,0,43232611
mycomplianceoffice compliance operations management system,MyComplianceOffice Compliance Operations Management System,0,43232606
myers briggs type indicator,Myers Briggs Type Indicator,0,43232610
myfamilysoftware instant architect,MyFamilySoftware Instant Architect,0,43232604
myfitnesspal,MyFitnessPal,0,43232605
myob businessessentials,MYOB BusinessEssentials,0,43231601
myob premier accounting small business suite,MYOB Premier Accounting Small Business Suite,0,43231601
myriad software harmony assistant,Myriad Software Harmony Assistant,0,43232005
myspace,Myspace,0,43232107
mysql,MySQL,1,43232304|43232306
mywritertools,myWriterTools,0,43232104
mzinga on-demand learning suite,Mzinga On-Demand Learning Suite,0,43232502
nagios,Nagios,0,43232801
namd,NAMD,0,43232605
narratek smartype,Narratek Smartype,0,43232104
national archives online databases,National Archives online databases,0,43232309
national association of realtors online database,National Association of Realtors Online Database,0,43232305
national center for crisis and continuity coordination nc4 e team,National Center for Crisis and Continuity Coordination NC4 E Team,0,43231507
national concrete & masonry estimator,National Concrete & Masonry Estimator,0,43231507
national crime information center (ncic) database,National Crime Information Center (NCIC) database,0,43232306
national driver register ndr,National Driver Register NDR,0,43232306
national fire incident reporting system nfirs,National Fire Incident Reporting System NFIRS,0,43232306
national geodetic survey ngs geodetic toolkit,National Geodetic Survey NGS Geodetic Toolkit,0,43232605
national geodetic survey ngs vertcon,National Geodetic Survey NGS VERTCON,0,43232605
national geophysical data center geodas,National Geophysical Data Center GEODAS,0,43232605
national institute for occupational safety and health lamodel,National Institute for Occupational Safety and Health LaModel,0,43232605
national institute for occupational safety and health niosh life table analysis system,National Institute for Occupational Safety and Health NIOSH Life Table Analysis System,0,43232605
national instruments compact fieldpoint system,National Instruments Compact FieldPoint System,0,43232605
national instruments daq assistant,National Instruments DAQ Assistant,0,43232605
national instruments labview,National Instruments LabVIEW,0,43232402
national instruments multisim,National Instruments Multisim,0,43232604
national instruments ni motion assistant,National Instruments NI Motion Assistant,0,43232612
national instruments ni vision builder for automated inspection ai,National Instruments NI Vision Builder for Automated Inspection AI,0,43232605
national instruments ni-daqmx,National Instruments NI-DAQmx,0,43232608
national instruments teststand,National Instruments TestStand,0,43232402
national instruments ultiboard,National Instruments Ultiboard,0,43232604
national integrated ballistics information network nibin,National Integrated Ballistics Information Network NIBIN,0,43232306
national land cover database nlcd,National Land Cover Database NLCD,0,43232306
national law enforcement telecommunications system nlets,National Law Enforcement Telecommunications System NLETS,0,43232306
national library of medicine docline,National Library of Medicine DOCLINE,0,43232609
national library of medicine medline,National Library of Medicine Medline,0,43232306
national pollutant discharge elimination system npdes compliance,National pollutant discharge elimination system NPDES compliance,0,43232606
national resources conservation service ecological site information system esis,National Resources Conservation Service Ecological Site Information System ESIS,0,43232306
national resources conservation service grazing spatial analysis tool,National Resources Conservation Service Grazing Spatial Analysis Tool,0,43232605
national resources conservation service nrcs pedon description program pdp,National Resources Conservation Service NRCS PEDON Description Program PDP,0,43232306
national resources conservation service nrcs soils explorer,National Resources Conservation Service NRCS Soils Explorer,0,43232306
national resources conservation service web soil survey wss,National Resources Conservation Service Web Soil Survey WSS,0,43232306
national soil information system nasis,National Soil Information System NASIS,0,43232306
national union catalog of manuscript collections (nucmc),National Union Catalog of Manuscript Collections (NUCMC),0,43232309
naturaemed officepro,NaturaeMed OfficePro,0,43232610
naturopathic clinic,Naturopathic Clinic,0,43232610
naturoplus,NaturoPlus,0,43232610
natus neuroworks,Natus NeuroWorks,0,43232610
naviance succeed,Naviance Succeed,0,43232306
navigation,Navigation,0,43232504
navigational chart,Navigational chart,0,43232504
navimedix navinet,NaviMedix NaviNet,0,43232610
navinet open,NaviNet Open,0,43232610
navisworks jetstream,NavisWorks Jetstream,0,43232604
navisys front office,NaviSys Front Office,0,43231602
navzilla,Navzilla,0,43232504
nbtstat,nbtstat,0,43232801
nc verification,NC verification,0,43232612
ncar command language ncl,NCAR Command Language NCL,0,43232402
ncbi refseq,NCBI RefSeq,0,43232605
ncg medical systems d-chart,NCG Medical Systems d-Chart,0,43232610
nch software express invoice,NCH Software Express Invoice,0,43231607
ncr advanced checkout solution,NCR Advanced Checkout Solution,0,43232611
ncr advanced store,NCR Advanced Store,0,43232611
ncr neighborhoodpos,NCR NeighborhoodPOS,0,43232611
ncr teradata warehouse miner,NCR Teradata Warehouse Miner,0,43232307
ncss,NCSS,0,43232605
ncss power analysis and sample size pass,NCSS Power Analysis and Sample Size PASS,0,43232605
ndcmedisoft,NDCMedisoft,0,43231601
nearpod,Nearpod,0,43232505
nebu dub interviewer,Nebu Dub InterViewer,0,43231507
nedstat sitestat,Nedstat Sitestat,0,43232605
needs analysis,Needs analysis,0,43231604
neill technologies spabiz,Neill Technologies SpaBiz,0,43232306
nemetschek vectorworks spotlight,Nemetschek Vectorworks Spotlight,0,43232604
neo pi-r,NEO PI-R,0,43232610
neo4j,Neo4j,0,43232306
neoforma healthcare products information services hpis market intelligence,Neoforma Healthcare Products Information Services HPIS Market Intelligence,0,43232309
neohapsis certus grc,Neohapsis Certus GRC,0,43232606
neooffice,NeoOffice,0,43231513
neotec wellflo,Neotec WELLFLO,0,43232605
net worth strategies stock opter pro,Net Worth Strategies Stock Opter Pro,0,43231604
netdimensions enterprise knowledge platform ekp,NetDimensions Enterprise Knowledge Platform EKP,0,43232502
netdocuments,NetDocuments,0,43232202
netepi,NetEpi,0,43232605
netiq,NetIQ,0,43232804
netlims autoap,NeTLIMS AutoAP,0,43232610
netlims autofusion,NeTLIMS AutoFusion,0,43232610
netlims autolims,NetLims AutoLims,0,43232605
netlims autolims core lab,NeTLIMS AutoLIMS Core Lab,0,43232610
netprimer,NetPrimer,0,43232605
netreo omnicenter,Netreo OmniCenter,0,43232804
netscape navigator,Netscape Navigator,0,43232705
netscout infinitistream console,NetScout InfinitiStream Console,0,43232801
netscout sniffer global analyzer,NetScout Sniffer Global Analyzer,0,43232801
netscout sniffer portable professional analyzer,NetScout Sniffer Portable Professional Analyzer,0,43232801
netsmart technologies avatar clinical workstation cws,Netsmart Technologies Avatar Clinical Workstation CWS,0,43232610
netsmart technologies carenet,Netsmart Technologies CareNet,0,43232610
netsmart technologies helper,Netsmart Technologies Helper,0,43232610
netsoft intellipath,NetSoft IntelliPath,0,43232610
netstat,netstat,0,43232801
netsuite erp,NetSuite ERP,0,43231602
netsuite netcrm,NetSuite NetCRM,0,43232303
netsuite neterp,NetSuite NetERP,0,43231602
network address management,Network address management,0,43232804
network addressable storage nas,Network addressable storage NAS,0,43232704
network analysis sinda-g,Network Analysis SINDA-G,0,43232605
network and application load and performance testing,Network and application load and performance testing,0,43232801
network and component performance analysis,Network and component performance analysis,0,43232801
network and system vulnerability assessment,Network and system vulnerability assessment,0,43233203
network architecture design,Network architecture design,0,43232407
network availability monitoring,Network availability monitoring,0,43232801
network bridge,Network bridge,0,43232913
network design,Network design,0,43232604
network directory services,Network directory services,0,43232704
network documentation,Network documentation,0,43232804
network flow modeling,Network flow modeling,0,43232804
network instruments observer standard,Network Instruments Observer Standard,0,43232801
network intrusion detection,Network intrusion detection,0,43233204
network intrusion prevention systems nips,Network intrusion prevention systems NIPS,0,43232801
network management,Network management,0,43232804
"network modeling, mapping, and analysis","Network modeling, mapping, and analysis",0,43232801
network monitoring,Network monitoring,0,43232801
network reporting,Network reporting,0,43232305
network science ir mentor pro,Network Science IR Mentor Pro,0,43232605
network security auditing,Network security auditing,0,43233203
network shutdown,Network shutdown,0,43232804
network storage,Network storage,0,43232907
network traffic flow monitoring and analysis,Network traffic flow monitoring and analysis,0,43232801
network traffic probe,Network traffic probe,0,43232801
"network, hardware, and software auditing","Network, hardware, and software auditing",0,43232801
"network, server and operating system optimization","Network, server and operating system optimization",0,43232802
neural network modeling,Neural network modeling,0,43232605
neuralware,NeuralWare,0,43232605
neuro innovations therapist's toolkit,Neuro Innovations Therapist's Toolkit,0,43232610
neurobehavioral systems presentation,Neurobehavioral Systems Presentation,0,43232610
neurofax spikedetector,Neurofax SpikeDetector,0,43232610
neurosolutions for matlab,NeuroSolutions for MatLab,0,43231511
neurosolutions trading solutions,NeuroSolutions Trading Solutions,0,43231604
neurotronics polysmith,Neurotronics Polysmith,0,43232610
nevercenter silo,Nevercenter Silo,0,43232102
new construction inspection form,New construction inspection form,0,43232104
new dawn technologies justware court,New Dawn Technologies JustWare Court,0,43231507
new horizons software orthoexec,New Horizons Software OrthoExec,0,43232610
new millennium communications genesis accounting,New Millennium Communications Genesis Accounting,0,43231601
new world systems logos.net,New World Systems Logos.NET,0,43231601
newgen software technologies omnidocs,Newgen Software Technologies OmniDocs,0,43232202
newportwave year end solutions,NewPortWave Year End Solutions,0,43231603
newsletter production,Newsletter production,0,43231511
newtek lightwave 3d,NewTek Lightwave 3D,0,43232102
nexiq tech hds suite for palm,Nexiq Tech HDS Suite for Palm,0,43232605
next limit maxwell render,Next Limit Maxwell Render,0,43232102
nextech emr,Nextech EMR,0,43232610
nextech emr & pm,NexTech EMR & PM,0,43232610
nextgen healthcare information systems emr,NextGen Healthcare Information Systems EMR,0,43232610
nextgen healthcare nextgen practice management,NextGen Healthcare NextGen Practice Management,0,43232610
ngrep,ngrep,0,43232801
ngspice,ngspice,0,43232605
niceware international labelclinic ct,Niceware International LabelClinic CT,0,43232610
nielsen arianna,Nielsen Arianna,0,43232605
nielsen marketbreaks,Nielsen Marketbreaks,0,43232605
niit technologies winrisk,NIIT Technologies WinRisk,0,43231604
niksun netdetector,NIKSUN NetDetector,0,43233203
niku clarity,Niku Clarity,0,43231506
nils insource,NILS INSource,0,43232606
nimblefeet technologies captain's keeper,Nimblefeet Technologies Captain's Keeper,0,43232306
ninian huddle,Ninian Huddle,0,43231507
niwa tideda,NIWA Tideda,0,43232605
nmap,Nmap,0,43233205
noaa shoreline data explorer,NOAA Shoreline Data Explorer,0,43232504
node.js,Node.js,1,43232408
nodebox,NodeBox,0,43232102
noldus information technology facereader,Noldus Information Technology FaceReader,0,43232605
noldus information technology the observer xt,Noldus Information Technology The Observer XT,0,43232605
noldus information technology ulog pro,Noldus Information Technology uLog Pro,0,43232605
nolij corporation nolij transfer,Nolij Corporation Nolij Transfer,0,43232306
nolo quicken legal business pro,Nolo Quicken Legal Business Pro,0,43232306
non uniform rational b-splines nurbs,Non uniform rational b-splines NURBS,0,43232102
norchard solutions succession wizard,Norchard Solutions Succession Wizard,0,43231605
north american insulation manufacturers association naima 3e plus,North American Insulation Manufacturers Association NAIMA 3E Plus,0,43232605
north american regional climate change assessment program narccap data tables,North American Regional Climate Change Assessment Program NARCCAP data tables,0,43232309
north american software associates eclipse,North American Software Associates Eclipse,0,43231602
northwest builders network plan analyst,NorthWest Builders Network Plan Analyst,0,43232606
norton antivirus,Norton AntiVirus,0,43233205
nortonlifelock cybersecurity,NortonLifeLock cybersecurity,0,43233205
nosql,NoSQL,1,43232304
notam development group airport insight,Notam Development Group Airport Insight,0,43232309
notation software notation composer,Notation Software Notation Composer,0,43232005
noteworthy software noteworthy composer,NoteWorthy Software NoteWorthy Composer,0,43232005
novamind merlin project manager,NovaMind Merlin Project Manager,0,43232101
novariant autofarm af viewer,Novariant AutoFarm AF Viewer,0,43232306
novastor novabackup,NovaStor NovaBACKUP,0,43233415
novell edirectory,Novell eDirectory,0,43232704
novell netware management station,Novell NetWare Management Station,0,43232801
novo customer tracking,Novo Customer Tracking,0,43232303
novovision novopath,Novovision NovoPath,0,43232610
now solutions empath,NOW Solutions emPath,0,43231505
npktools comp analytics,NPKTools Comp Analytics,0,43231505
npktools compxpert,NPKTools CompXpert,0,43231505
nsf hospitality rendezvous events,NSF Hospitality Rendezvous Events,0,43232306
nslookup,Nslookup,0,43232801
nuance dragon naturallyspeaking,Nuance Dragon NaturallySpeaking,0,43233413
nuance omnipage professional,Nuance OmniPage Professional,0,43232111
nuance paperport professional,Nuance PaperPort Professional,0,43232202
nuance power pdf,Nuance Power PDF,0,43232202
nucletron planning systems,Nucletron planning systems,0,43232610
nuesoft technologies nuemd,Nuesoft Technologies NueMD,0,43232610
numerical analysis,Numerical analysis,0,43232605
numerical control,Numerical control,0,43232608
numeritek numerica,Numeritek NUMERICA,0,43232605
numpy,NumPy,0,43232306
nunit,NUnit,0,43232406
nunjucks,Nunjucks,0,43232408
nupro castview,Nupro CastView,0,43232608
nursing documentation,Nursing documentation,0,43232610
nutrient analysis,Nutrient analysis,0,43232605
nutrigenie optimal nutrition,NutriGenie Optimal Nutrition,0,43232605
nutrition analysis,Nutrition analysis,0,43232605
nutrition balance analyzer nutbal,Nutrition Balance Analyzer NUTBAL,0,43232605
nuview ebs,NuView EBS,0,43231605
nuview systems cort hcm,Nuview Systems Cort HCM,0,43231505
nuview systems nuviewhr,NuView Systems NuViewHR,0,43231505
nuvosoft rwiz,Nuvosoft Rwiz,0,43232104
nvdia gelato,NVDIA Gelato,0,43232102
nvu,Nvu,0,43232107
nwchem,NWChem,0,43232605
o'brien grasso re software property master,O'Brien Grasso RE Software Property Master,0,43232306
o*net online,O*NET OnLine,0,43232306
o3spaces workplace,O3spaces Workplace,0,43232202
oak mountain software annuityvalue,Oak Mountain Software AnnuityValue,0,43231604
oasys structural design and analysis,Oasys structural design and analysis,0,43232306|43232610
oberon,Oberon,0,43232405
object database management system odbms,Object database management system ODBMS,0,43232311
object management group object request broker,Object Management Group Object Request Broker,0,43232313
object oriented development environment,Object oriented development environment,0,43232405
object oriented programming,Object oriented programming,0,43232311
object-oriented programming languages,Object-oriented programming languages,0,43232405
objectif lune planetpress suite,Objectif Lune PlanetPress Suite,0,43232112|43232202
objectif lune printshop mail,Objectif Lune PrintShop Mail,0,43233501
objective c,Objective C,0,43232405
objective caml,Objective Caml,0,43232405
objective decision contactizer pro,Objective Decision Contactizer Pro,0,43232306
objective electronic document management,Objective Electronic Document Management,0,43232202
oclc illiad,OCLC ILLiad,0,43232609
ocs office-partner,OCS Office-Partner,0,43232610
octagon startingpoint,Octagon StartingPoint,0,43232202
octagon viewpoint ectd complete,Octagon ViewPoint eCTD Complete,0,43232202
octtools,OctTools,0,43232605
oden insurance services state rules & regulations,ODEN Insurance Services State Rules & Regulations,0,43232606
office gemini diamond vision,Office Gemini Diamond Vision,0,43232605
office management systems mental health office all-in-one,Office Management Systems Mental Health Office All-in-One,0,43232610
office suite,Office suite,0,43231513
officemate software solutions examwriter,OfficeMate Software Solutions ExamWRITER,0,43232610
officemate software solutions officemate,OfficeMate Software Solutions OfficeMate,0,43232610
officework software turboproject,OfficeWork Software TurboProject,0,43231507
ohio automation integrated computer aided mine planning system icamps,Ohio Automation Integrated Computer Aided Mine Planning System ICAMPS,0,43232605
ohio willow wood omega tracer system,Ohio Willow Wood OMEGA Tracer System,0,43232604
oil mapping,Oil mapping,0,43233506
olrac electronic logbook software solution,OLRAC Electronic Logbook Software Solution,0,43232306
olympus image analysis,Olympus Image Analysis,0,43232605
omegat,OmegaT,0,43232501
omeka,Omeka,0,43232202
omicron test universe,OMICRON Test Universe,0,43232605
omni group omnigraffle,Omni Group OmniGraffle,0,43232101
omnifleet equipment maintenance management,OmniFleet Equipment Maintenance Management,0,43232108
omnimd pt./ot ehr,OmniMD PT./OT EHR,0,43232610
omnimd sports medicine ehr,OmniMD Sports Medicine EHR,0,43232610
omnirim records management suite,OmniRIM Records Management Suite,0,43232202
omnitech omnilab,Omnitech OMNILAB,0,43232610
omnitracs performance monitoring,Omnitracs Performance Monitoring,0,43232605
omti reporterbase,OMTI ReporterBase,0,43232306
on center on-screen takeoff,On Center On-Screen Takeoff,0,43231507
on center quick bid,On Center Quick Bid,0,43231507
oncare advantage,OnCare Advantage,0,43231602
one mile up panel planner,One Mile Up Panel Planner,0,43232604
one pass compiler,One pass compiler,0,43232409
one software kidsone,ONE Software KidsONE,0,43231602
onecnc cad/cam,OneCNC CAD/CAM,0,43232612
online advertising reporting,Online advertising reporting,0,43232605
online analytical processing olap,Online analytical processing OLAP,0,43232306
online computer library center (oclc) databases,Online Computer Library Center (OCLC) databases,0,43232609
online data collection systems,Online data collection systems,0,43232306
online database search and retrieval,Online database search and retrieval,0,43232309
online database solutions agent intelligence,Online Database Solutions Agent Intelligence,0,43231602
online databases,Online databases,0,43232306
online dictionary for library and information science odlis,Online Dictionary for Library and Information Science ODLIS,0,43232609
online image and graphics database,Online image and graphics database,0,43232309
online informational database,Online informational database,0,43232306
online library databases,Online library databases,0,43232309
online medical databases,Online medical databases,0,43232309
online meeting,Online meeting,0,43233502
online mendelian inheritance in animals omia,Online Mendelian Inheritance in Animals OMIA,0,43232306
online public records search,Online public records search,0,43232309
online reference databases,Online reference databases,0,43232309
online registration,Online registration,0,43232306
online river software personal trainer pro,Online River Software Personal Trainer Pro,0,43231507
online service manual database,Online service manual database,0,43232309
online title search and property report,Online title search and property report,0,43232309
online trading,Online trading,0,43232702
online traffic calculator,Online traffic calculator,0,43232801
onpoint digital onpoint learning & performance suite,OnPoint Digital OnPoint Learning & Performance Suite,0,43232502
onque technologies cobra onone,OnQue Technologies COBRA OnOne,0,43231505
onset computer corporation hoboware,Onset Computer Corporation HOBOware,0,43232605
onshape,OnShape,0,43232604
ontario systems facs,Ontario Systems FACS,0,43232303
open dental,Open Dental,0,43232610
open dynamics collabtive,Open Dynamics Collabtive,0,43231507
open e-lms,Open e-LMS,0,43232502
open graphics library opengl,Open Graphics Library OpenGL,0,43232102
open mind hypermill,Open Mind hyperMILL,0,43232612
open mind software hypermill,Open Mind Software hyperMILL,0,43232612
open mind technologies hypermill,OPEN MIND Technologies hyperMILL,0,43232612
open shortest path first ospf,Open Shortest Path First OSPF,0,43232805
open song composer,Open Song Composer,0,43232005
open source matters joomla!,Open Source Matters Joomla!,0,43232202
open source routing protocols ospf,Open source routing protocols OSPF,0,43232805
open systems traverse,Open Systems TRAVERSE,0,43231602
"open text fax server, rightfax edition","Open Text Fax Server, RightFax Edition",0,43232904
open text web solutions,Open Text Web Solutions,0,43232202
openai chatgpt,OpenAI ChatGPT,0,43232402
openclinica,OpenClinica,0,43232306
opendocman,OpenDocMan,0,43232202
opendronemap,OpenDroneMap,0,43233506
opendtect,OpendTect,0,43232605
openepi,OpenEpi,0,43232605
opengl,OpenGL,0,43232102
openmake software meister,OpenMake Software Meister,0,43232402
openmake software mojo,OpenMake Software Mojo,0,43232402
openoffice writer,OpenOffice WRITER,0,43232104
openoffice.org,OpenOffice.org,0,43231513
openroads designer,OpenRoads Designer,0,43232604
openservice open nervecenter,OpenService Open NerveCenter,0,43233203
openstack,OpenStack,0,43232806
opentable,OpenTable,0,43232306
opentext edocs dm,OpenText eDOCS DM,0,43232202
opentext livelink ecm,OpenText Livelink ECM,0,43232201
openvas,OpenVAS,0,43233205
operating log,Operating log,0,43232306
operating system,Operating system,0,43233004
operating system monitoring,Operating system monitoring,0,43233004
operating system process control,Operating system process control,0,43232802
operating system shells,Operating system shells,0,43233004
operational data store ods,Operational Data Store ODS,0,43232306
operational databases,Operational databases,0,43232306
operations scheduling,Operations scheduling,0,43232108
operitel learnflex,Operitel LearnFlex,0,43232502
ophthalmic imaging,Ophthalmic imaging,0,43232605
opie practice management suite,OPIE Practice Management Suite,0,43232610
opnet apmxpert,OPNET APMXpert,0,43232802
opnet sp sentinel,OPNET SP Sentinel,0,43232801
opportunity management system oms,Opportunity management system OMS,0,43231604
optasoft commercial building inspector,OptaSoft Commercial Building Inspector,0,43232606
optical analysis,Optical analysis,0,43232604
optical character reader ocr,Optical character reader OCR,0,43232111
optical character recognition ocr,Optical character recognition OCR,0,43232111
optical gaging products measure-x,Optical Gaging Products Measure-X,0,43231517
optical imaging systems,Optical imaging systems,0,43232102
optical network management,Optical network management,0,43232803
optical physics technologies sun_chart,Optical Physics Technologies SUN_CHART,0,43232605
optical research associates lighttools,Optical Research Associates LightTools,0,43232604
optical scanning,Optical scanning,0,43232111
opticks,Opticks,0,43232605
optima ias,Optima IAS,0,43231604
optimization,Optimization,0,43232605
optimum logistics loadplanner,Optimum Logistics LoadPlanner,0,43231506
optionvue options analysis,OptionVue Options Analysis,0,43231604
optitex 3d suite,Optitex 3D Suite,0,43232604
optiwave optibpm,Optiwave OptiBPM,0,43232604
optiwave optifdtd,Optiwave OptiFDTD,0,43232604
optiwave optispice,Optiwave OptiSPICE,0,43232604
oracle,Oracle,0,43232306
oracle advanced procurement,Oracle Advanced Procurement,0,43231503
oracle agile product lifecycle management plm,Oracle Agile Product Lifecycle Management PLM,0,43231602
oracle application express apex,Oracle Application Express APEX,0,43232408
oracle application server,Oracle Application Server,0,43232701
oracle beehive,Oracle Beehive,0,43231511
oracle business intelligence discoverer,Oracle Business Intelligence Discoverer,0,43232305
oracle business intelligence enterprise edition,Oracle Business Intelligence Enterprise Edition,0,43232314
oracle business intelligence publisher,Oracle Business Intelligence Publisher,0,43231602
oracle business intelligence suite,Oracle Business Intelligence Suite,0,43232305
oracle clinical,Oracle Clinical,0,43232306
oracle cloud,Oracle Cloud,1,43232806
oracle darwin,Oracle Darwin,0,43232307
oracle data guard,Oracle Data Guard,0,43233415
oracle data integrator,Oracle Data Integrator,0,43232403
oracle database,Oracle Database,1,43232304|43232306
oracle designer,Oracle Designer,0,43232408
oracle e-business suite,Oracle E-Business Suite,0,43231602
oracle e-business suite financials,Oracle E-Business Suite Financials,0,43231604
oracle e-business suite human resources management system,Oracle E-Business Suite Human Resources Management System,0,43231505
oracle e-business suite logistics,Oracle E-Business Suite Logistics,0,43231506
oracle e-business suite supply chain management,Oracle e-Business Suite Supply Chain Management,0,43231506
oracle eloqua,Oracle Eloqua,0,43232303
oracle enterprise asset management eam,Oracle Enterprise Asset Management eAM,0,43232603
"oracle enterprise governance, risk, and compliance manager","Oracle Enterprise Governance, Risk, and Compliance Manager",0,43232606
oracle enterprise manager,Oracle Enterprise Manager,0,43232304
oracle enterprise manager cloud control,Oracle Enterprise Manager Cloud Control,0,43232304
oracle essbase,Oracle Essbase,0,43232306
oracle flow manufacturing,Oracle Flow Manufacturing,0,43231506
oracle fusion applications,Oracle Fusion Applications,0,43231602
oracle fusion middleware,Oracle Fusion Middleware,0,43232403
oracle golden gate,Oracle Golden Gate,0,43232304
oracle hris,Oracle HRIS,0,43231505
oracle hyperion,Oracle Hyperion,0,43231602|43232305
oracle hyperion financial management,Oracle Hyperion Financial Management,0,43231604
oracle hyperion planning,Oracle Hyperion Planning,0,43231604
oracle insurance compliance tracker,Oracle Insurance Compliance Tracker,0,43232606
oracle inventory,Oracle Inventory,0,43231508
oracle iplanet web server,Oracle iPlanet Web Server,0,43232312
oracle java,Oracle Java,1,43232405
oracle java 2 platform enterprise edition j2ee,Oracle Java 2 Platform Enterprise Edition J2EE,1,43232402
oracle java enterprise edition ee,Oracle Java Enterprise Edition EE,0,43232402
oracle java message service jms,Oracle Java Message Service JMS,0,43232405
oracle javaserver pages jsp,Oracle JavaServer Pages JSP,0,43232408
oracle jd edwards enterpriseone,Oracle JD Edwards EnterpriseOne,0,43231601|43231602
oracle jd edwards enterpriseone project management,Oracle JD Edwards EnterpriseOne Project Management,0,43231507
oracle jdbc,Oracle JDBC,0,43232306
oracle jdeveloper,Oracle Jdeveloper,0,43232402
oracle learning management,Oracle Learning Management,0,43231505
oracle manufacturing scheduling,Oracle Manufacturing Scheduling,0,43231506
oracle master data management mdm suite,Oracle Master Data Management MDM Suite,0,43232310
oracle migration workbench,Oracle Migration Workbench,0,43232304
oracle net manager,Oracle Net Manager,0,43232801
oracle netsuite,Oracle NetSuite,0,43231602
oracle peoplesoft,Oracle PeopleSoft,1,43231602
oracle peoplesoft enterprise,Oracle PeopleSoft Enterprise,0,43231602
oracle peoplesoft enterprise employee self-service,Oracle PeopleSoft Enterprise Employee Self-Service,0,43231505
oracle peoplesoft enterprise financial management solutions,Oracle PeopleSoft Enterprise Financial Management Solutions,0,43231604
oracle peoplesoft enterprise human resources,Oracle PeopleSoft Enterprise Human Resources,0,43231505
oracle peoplesoft enterprise supply planning multi-site material planner,Oracle PeopleSoft Enterprise Supply Planning Multi-Site Material Planner,0,43231506
oracle peoplesoft financials,Oracle PeopleSoft Financials,0,43231602
oracle peoplesoft human capital management,Oracle PeopleSoft Human Capital Management,0,43231602
oracle peoplesoft payroll for north america,Oracle PeopleSoft Payroll for North America,0,43231605
oracle performance management suites,Oracle Performance Management Suites,0,43231604
oracle pl/sql,Oracle PL/SQL,1,43232304
oracle primavera enterprise project portfolio management,Oracle Primavera Enterprise Project Portfolio Management,1,43231507|43231602
oracle primavera p6 enterprise portfolio project management,Oracle Primavera P6 Enterprise Portfolio Project Management,0,43231507
oracle primavera p6 professional project management,Oracle Primavera P6 Professional Project Management,0,43231507
oracle primavera systems,Oracle Primavera Systems,0,43231507
oracle real application cluster rac,Oracle Real Application Cluster RAC,0,43232302
oracle recovery manager,Oracle Recovery Manager,0,43233415
oracle remote data capture,Oracle Remote Data Capture,0,43232605
oracle reports,Oracle Reports,0,43232305
oracle retek,Oracle Retek,0,43231508
oracle self-service human resources,Oracle Self-Service Human Resources,0,43231505
oracle siebel crm,Oracle Siebel CRM,0,43232303
oracle siebel marketing resource management,Oracle Siebel Marketing Resource Management,0,43232303
oracle siebel server sync,Oracle Siebel Server Sync,0,43232303
oracle solaris,Oracle Solaris,0,43233004
oracle sql developer,Oracle SQL Developer,1,43232402
oracle sql loader,Oracle SQL Loader,0,43232305
oracle sql plus,Oracle SQL Plus,0,43232305
oracle taleo,Oracle Taleo,0,43231505
oracle unified directory,Oracle Unified Directory,0,43232704
oracle universal content management,Oracle Universal Content Management,0,43232202
oracle warehouse builder,Oracle Warehouse Builder,0,43232310
oracle weblogic server,Oracle WebLogic Server,0,43232701
orangehrm,OrangeHRM,0,43231505
orbitz worldwide orbitz for agents,Orbitz Worldwide Orbitz for Agents,0,43232306
orbius,Orbius,0,43232107
orcad capture,OrCAD Capture,0,43232604
orchard software orchard harvest lis,Orchard Software Orchard Harvest LIS,0,43232610
orchard software orchard pathology,Orchard Software Orchard Pathology,0,43232610
order management,Order management,0,43231503
ordering,Ordering,0,43231508
ordering and purchasing,Ordering and purchasing,0,43231503
organic synthesis planning,Organic synthesis planning,0,43232605
orgmation icare,Orgmation iCare,0,43231602
originlab origin,OriginLab Origin,0,43232605
orion law management systems orion,Orion Law Management Systems Orion,0,43232306
orpheus technology pro writing aid,Orpheus Technology Pro Writing Aid,0,43232104
ortho computer systems viewpoint,Ortho Computer Systems ViewPoint,0,43232610
orthochart,OrthoChart,0,43232610
orthoease,Orthoease,0,43232610
orthotic fabrication,Orthotic fabrication,0,43232612
osi monarch/sgp,OSI monarch/SGP,0,43232608
osi trustwise,OSI TrustWise,0,43231604
otometrics otosuite,Otometrics OTOsuite,0,43232610
otp armacad,OTP ArmaCAD,0,43232604
outage management system oms,Outage management system OMS,0,43232608
outboard engine diagnostic,Outboard engine diagnostic,0,43232605
outlooksoft,OutlookSoft,0,43231602
overland conveyor belt analyst,Overland Conveyor Belt Analyst,0,43232605
oversight insights on demand,Oversight Insights On Demand,0,43232606
ovid silverplatter webspirs,Ovid SilverPlatter WebSPIRS,0,43232309
ovo studios ovo logger,Ovo Studios Ovo Logger,0,43232605
owl bookkeeping for realtors,OWL Bookkeeping for Realtors,0,43231601
oxford reference online,Oxford Reference Online,0,43232309
p-sea windplot,P-Sea WindPlot,0,43233506
p-stat,P-STAT,0,43232605
pacific solutions floorright,Pacific Solutions FloorRight,0,43231507
package location and tracking,Package location and tracking,0,43232608
package tracking,Package tracking,0,43232608
packet analysis,Packet analysis,0,43232801
packet analyzers,Packet analyzers,0,43232801
packet filter,Packet filter,0,43233205
packet tracing,Packet tracing,0,43232801
padlet,Padlet,0,43232502
page markers,Page markers,0,43232705
paint mixing and matching,Paint mixing and matching,0,43232605
paintbrush,Paintbrush,0,43232102
paisley autoaudit,Paisley AutoAudit,0,43231604
paisley cardmap,Paisley Cardmap,0,43232606
paisley focus control assurance,Paisley Focus Control Assurance,0,43232606
paisley issuetrack,Paisley IssueTrack,0,43231604
paisley risknavigator,Paisley RiskNavigator,0,43232606
palantir intelligence,Palantir Intelligence,0,43232306
palbridge ubidesk,Palbridge Ubidesk,0,43231507
paleomag,PaleoMag,0,43232605
paleontological statistics past,Paleontological Statistics PAST,0,43232605
paleotax,PaleoTax,0,43232605
palisade @risk,Palisade @Risk,0,43231604
palisade bond @nalyst,Palisade Bond @nalyst,0,43231604
palisade evolver,Palisade Evolver,0,43232605
palisade stattools,Palisade StatTools,0,43232605
palm pal transana,Palm Pal Transana,0,43231507
palmtree ems field reference guide,Palmtree EMS Field Reference Guide,0,43232309
palmtree pocket ekg,Palmtree Pocket EKG,0,43232309
palo alto networks next-generation security platform,Palo Alto Networks Next-Generation Security Platform,0,43233204
paloalto advertising plan pro,PaloAlto Advertising Plan Pro,0,43232306
pan american health organization sigepi,Pan American Health Organization SIGEpi,0,43232605
panalytical x'pert data collector,PANalytical X'Pert Data Collector,0,43232605
panalytical x'pert epitaxy,PANalytical X'Pert Epitaxy,0,43232605
pandas,pandas,0,43232306
panopto,Panopto,0,43232502
panorama novaview,Panorama NovaView,0,43232305
panorama technologies modelweaver,Panorama Technologies ModelWeaver,0,43232103
panoweaver panorama,Panoweaver Panorama,0,43232102
pantone colorvision profilerplus,PANTONE ColorVision ProfilerPlus,0,43232111
par technology spasoft,PAR Technology SpaSoft,0,43232306
paraccel analytic database,ParAccel Analytic Database,0,43232304
paradigm skua-gocad,Paradigm SKUA-GOCAD,0,43232604
paragon financial services paragon financial system,Paragon Financial Services Paragon Financial System,0,43231604
parallel geoscience spw,Parallel Geoscience SPW,0,43232605
parallel systems,Parallel systems,0,43232302
parameter estimation pest,Parameter Estimation PEST,0,43232605
parasoft soatest,Parasoft SOAtest,0,43232406
parature erealtime,Parature eRealtime,0,43233503
parature eticket,Parature eTicket,0,43232303
parbat,Parbat,0,43232605
parentsquare,ParentSquare,0,43232702
pari/gp,PARI/GP,0,43232605
parking access revenue control system,Parking access revenue control system,0,43232306
partech pixelpoint pos,ParTech PixelPoint POS,0,43232611
partek incorporated partek genomics suite,Partek Incorporated Partek Genomics Suite,0,43232605
parthenon,PARTHENON,0,43232604
partial class generator,Partial class generator,0,43232409
partmaker swisscam,PartMaker SwissCAM,0,43232612
parts classification databases,Parts classification databases,0,43232306
parts database,Parts database,0,43232306
pascal,Pascal,0,43232402
pason wellview field solution,Pason WellView Field Solution,0,43232306
password cracker,Password cracker,0,43233205
password management,Password management,0,43233201
past inspection query piq,Past Inspection Query PIQ,0,43232306
pastperfect software pastperfect,PastPerfect Software PastPerfect,0,43232306
patch and update management,Patch and update management,0,43232401
patch management,Patch management,0,43232401
pathlogix,PathLogix,0,43232610
pathlore lms,Pathlore LMS,0,43232502
pathogen modeling program pmp,Pathogen Modeling Program PMP,0,43232605
pathogentracker,PathogenTracker,0,43232306
pathview systems progeny,PathView Systems Progeny,0,43232610
patient billing,Patient billing,0,43231607
patient charting,Patient charting,0,43232610
patient documentation,Patient documentation,0,43232610
patient electronic medical record emr,Patient electronic medical record EMR,0,43232610
patient health questionaire,Patient Health Questionaire,0,43232610
patient management,Patient management,0,43232610
patient medical record,Patient medical record,0,43232610
patient monitoring systems,Patient monitoring systems,0,43232306
patient record maintenance,Patient record maintenance,0,43232610
patient records software for personal digital assistants pdas,Patient records software for personal digital assistants PDAs,0,43233414
patient satisfaction assessment,Patient satisfaction assessment,0,43232605
patient scheduling,Patient scheduling,0,43232610
patient tracking,Patient tracking,0,43232306|43232610
pattern design,Pattern design,0,43232604
pattern recognition,Pattern recognition,0,43232605
pattern searching,Pattern searching,0,43232605
patternmaker,PatternMaker,0,43232604
patternmaking,Patternmaking,0,43232604
patterson dental supply patterson eaglesoft,Patterson Dental Supply Patterson EagleSoft,0,43232610
paychex payroll,Paychex payroll,0,43231505|43231605
paycor payroll management,Paycor payroll management,0,43231505
paydata advanced hr,PayData Advanced HR,0,43231605
paylocity web pay,Paylocity Web Pay,0,43231605
payment processing,Payment processing,0,43232611
paypal,PayPal,0,43232611
paypal zettle,PayPal Zettle,0,43232611
payroll,Payroll,0,43231505|43231605
pc dispatch,PC Dispatch,0,43233511
pc weather products hurrtrak,PC Weather Products HURRTRAK,0,43232605
pc-mapper,PC-Mapper,0,43233506
pc-progress hydrus,PC-Progress HYDRUS,0,43232605
pcc ehr,PCC EHR,0,43232610
pcc pediatric partner,PCC Pediatric Partner,0,43232610
pcg software virtual examiner,PCG Software Virtual Examiner,0,43231516
pci express pcie,PCI Express PCIe,0,43232306
pci geomatics,PCI Geomatics,0,43232605
pci geomatics ecognition,PCI Geomatics eCognition,0,43232301
pci geomatics geomatica,PCI Geomatics Geomatica,0,43233506
pcs revenue control systems fastrak school meal,PCS Revenue Control Systems FASTRAK School Meal,0,43232611
pd' programming intersection magic,Pd' Programming Intersection Magic,0,43232605
pdf readers,PDF readers,0,43232202
pdf snake easy bates,PDF Snake Easy Bates,0,43232202
pds vista,PDS Vista,0,43231505|43231605
pe international gabi,PE INTERNATIONAL GaBi,0,43232605
pe international sofi,PE INTERNATIONAL SoFi,0,43232605
pear deck,Pear Deck,0,43232106
pear technology fieldman farmer,Pear Technology Fieldman Farmer,0,43232306
pearson education phstat2,Pearson Education PHStat2,0,43232605
pearson powerschool,Pearson PowerSchool,0,43231602
peb xldent,PEB XLDent,0,43232610
pedal powered software bicycle repair man,Pedal Powered Software Bicycle Repair Man,0,43232306
pedhunter,PedHunter,0,43232610
pedidraw,PediDraw,0,43232610
pedigree drawing and management,Pedigree drawing and management,0,43232605
pedonce,PedonCE,0,43232306
pedyn p2000,PEDYN P2000,0,43232306
peer-to-peer financial analysis,Peer-to-Peer Financial Analysis,0,43231604
pegasus,Pegasus,0,43233501
pegasystems smartbpm,Pegasystems SmartBPM,0,43231602
pelion manufacturing process optimization mpo,Pelion manufacturing process optimization MPO,0,43231506
pemimic patient relations suite,Pemimic Patient Relations Suite,0,43232303
peminic patient safety & quality suite,Peminic Patient Safety & Quality Suite,0,43232610
penchant software dispatchoffice,Penchant Software dispatchOffice,0,43232306
penetration testing,Penetration testing,0,43233205
peninsula software quicktrack pro,Peninsula Software Quicktrack Pro,0,43231508
penta,Penta,0,43231601
pentagon 2000sql,Pentagon 2000SQL,0,43232306
pentaho kettle,Pentaho Kettle,0,43232310
pentana audit work system paws,Pentana audit work system PAWS,0,43231604
penultimate,Penultimate,0,43232104
penzar topspice,Penzar TopSPICE,0,43232605
people-trak,People-Trak,0,43231505
people-trak hr essentials,People-Trak HR Essentials,0,43231505
people@work,people@work,0,43231602
peopleclick aaplanner,Peopleclick AAPlanner,0,43231505
peopleclick caams,Peopleclick CAAMS,0,43231505
peopleclick monitor,Peopleclick Monitor,0,43231505
peopleclick paystat,Peopleclick PayStat,0,43232605
peoplefluent performance,peoplefluent Performance,0,43231505
peoplefluent recruiting,peoplefluent Recruiting,0,43231505
peoplenet,PeopleNet,0,43231506
pepid ems,PEPID EMS,0,43232309
pepid rn critical care rncc,PEPID RN Critical Care RNCC,0,43232309
per-se technologies orsos one-call,Per-Se Technologies ORSOS One-Call,0,43232108
perceptive software imagenow,Perceptive Software ImageNow,0,43232605
perceptive software intelligent capture,Perceptive Software Intelligent Capture,0,43232202
percipenz technologies oncore-clinical research management oncore-crm,PercipEnz Technologies OnCore-Clinical Research Management OnCore-CRM,0,43232306
pereless systems,Pereless Systems,0,43231505
perfectbyte ortho,PerfectByte Ortho,0,43232610
perfectlaw all-in-one suite,PerfectLaw All-in-One Suite,0,43232306
perfectsoftware perfecthr,PerfectSoftware PerfectHR,0,43231505
perforce,Perforce,0,43232310
perforce helix,Perforce Helix,0,43232401
perforce software configuration management system,Perforce Software Configuration Management System,0,43232401
performance database,Performance database,0,43232306
performance solutions technology managepro,Performance Solutions Technology ManagePro,0,43232303
performance systems development treat,Performance Systems Development TREAT,0,43232605
performance technology associates docutools,Performance Technology Associates DocuTools,0,43232112
perio charting,Perio charting,0,43232610
perkinelmer chemoffice chem3d,PerkinElmer ChemOffice Chem3D,0,43232605
perkinelmer chemoffice chemdraw,PerkinElmer ChemOffice ChemDraw,0,43232605
perkinelmer chemoffice suite,PerkinElmer ChemOffice Suite,0,43232605
perkinelmer turbochrom,PerkinElmer Turbochrom,0,43232605
perkinelmer turbomass,PerkinElmer TurboMass,0,43232605
perl,Perl,1,43232405
perl shell,Perl shell,0,43233004
permit administration,Permit administration,0,43231512
perseus surveysolutions,Perseus SurveySolutions,0,43231507
personable workflow dms,Personable Workflow DMS,0,43232202
personal computer diagnostic,Personal computer diagnostic,0,43232406
personalized software childcare manager,Personalized Software Childcare Manager,0,43231602
personnel management,Personnel management,0,43231505
personnel scheduling,Personnel scheduling,0,43231505|43232108
petroleum software technologies,Petroleum Software Technologies,0,43232605
petroweb global seismic library,petroWEB Global Seismic Library,0,43232605
petschedule,Petschedule,0,43232108
petz enterprises v-tax,Petz Enterprises V-Tax,0,43231603
phantomjs,PhantomJS,0,43232408
pharmaceutical,Pharmaceutical,0,43232610
pharmacy management,Pharmacy management,0,43231602
phase forward clintrial,Phase Forward Clintrial,0,43232306
phase forward inform gtm,Phase Forward InForm GTM,0,43232306
phase one capture one,Phase One Capture One,0,43232102
philosopher's information center the philosopher's index,Philosopher's Information Center The Philosopher's Index,0,43232306
phoenix integration modelcenter,Phoenix Integration ModelCenter,0,43232605
phoenixpro forest activity tracking,PhoenixPRO Forest Activity Tracking,0,43232306
phonegap,PhoneGap,0,43232402
photo editing,Photo editing,0,43232102
photo enhancement,Photo enhancement,0,43232102
photogrammetric,Photogrammetric,0,43232102|43233506
photomodeler,PhotoModeler,0,43232604
photon design crystalwave,Photon Design CrystalWave,0,43232604
photon design fimmprop,Photon Design FIMMPROP,0,43232605
photon design fimmwave,Photon Design FIMMWAVE,0,43232604
photon design omnisim,Photon Design OmniSim,0,43232604
photon design picwave,Photon Design PICWave,0,43232605
php,PHP,1,43232408
phrap,Phrap,0,43232605
phred,Phred,0,43232605
phylip,PHYLIP,0,43232605
physical access management,Physical access management,0,43232603
physical design,Physical design,0,43232604
physical education educational,Physical education educational,0,43232502
physiotools tools rg,PhysioTools Tools RG,0,43232610
pi blue optworks excel,Pi Blue OptWorks Excel,0,43231604
pianofx studio,PianoFX STUDIO,0,43232005
pianorollcomposer,PianoRollComposer,0,43232005
piazza,Piazza,0,43232502
pibwin,PIBWin,0,43232605
piccolo software piccolotaxi,Piccolo Software PiccoloTaxi,0,43233511
picis caresuite,Picis CareSuite,0,43232306|43232610
pics dietmate professional,PICS DietMate Professional,0,43232605
pie technologies moneyguidepro,PIE Technologies MoneyGuidePro,0,43231604
pigchamp care 3000,PigCHAMP Care 3000,0,43232306
pile dynamics case pile wave analysis program capwap,Pile Dynamics Case Pile Wave Analysis Program CAPWAP,0,43232605
pile dynamics pile driving analyzer pda,Pile Dynamics Pile Driving Analyzer PDA,0,43232605
pilgrim quality solutions smartsolve,Pilgrim Quality Solutions SmartSolve,0,43232606
pilgrim regulatory submission,Pilgrim Regulatory Submission,0,43232606
pilot navigator software load balance,Pilot Navigator Software Load Balance,0,43232605
pimlico software datebk,Pimlico Software DateBk,0,43232108
piney creek digital protocol system,Piney Creek Digital Protocol System,0,43231505
ping identity,Ping Identity,0,43233205
ping tools,Ping tools,0,43233205
pinterest,Pinterest,0,43232309
pipepro pipefitting,Pipepro Pipefitting,0,43232605
piping and instrumentation design pid,Piping and instrumentation design PID,0,43232604
piping construction costs estimation,Piping construction costs estimation,0,43231507
pipingoffice,PipingOffice,0,43232110
pisces iib,PISCES IIB,0,43232605
pitney bowes shipstream manager,Pitney Bowes ShipStream Manager,0,43231506
pivotal z prestige scheduler,Pivotal Z Prestige Scheduler,0,43231506
pix4d,Pix4D,0,43232605
pix4d pix4dcapture,Pix4D Pix4Dcapture,0,43232605
pix4d pix4dmapper,Pix4D Pix4Dmapper,0,43232605
pixar renderman studio,Pixar RenderMan Studio,0,43232103
pixarra twistedbrush,Pixarra TwistedBrush,0,43232102
pixelmator,Pixelmator,0,43232102
pixologic zbrush,Pixologic Zbrush,0,43232102
place-and-route,Place-and-route,0,43232604
planbox,Planbox,0,43231507
planet dds denticon,Planet DDS Denticon,0,43232610
plangraphics citywide gis utility,PlanGraphics Citywide GIS Utility,0,43232510
planisware,Planisware,0,43232306
planit alphacam,Planit Alphacam,0,43232612
planmeca oy dimaxis,Planmeca Oy Dimaxis,0,43232102
planplus pro,PlanPlus Pro,0,43231604
planscan portfolio pathfinder,PlanScan Portfolio Pathfinder,0,43231604
planstone,Planstone,0,43231507
planswift,PlanSwift,0,43231507
plant clearance automated reutilization screening system pcarss,Plant Clearance Automated Reutilization Screening System PCARSS,0,43231508
plant design management system pdms,Plant design management system PDMS,0,43232604
plant information data entry,Plant information data entry,0,43232306
plant maintenance,Plant maintenance,0,43231602
plant management,Plant management,0,43232603
planview clarizen,Planview Clarizen,0,43231507
planview process builder,Planview Process Builder,0,43231602
plate reader,Plate reader,0,43232610
plateau learning management system lms,Plateau Learning Management System LMS,0,43232502
platform as a service paas,Platform as a service PaaS,0,43233513
platte river associates basinmod,Platte River Associates BasinMod,0,43232605
plc automation intellution ifix,PLC Automation Intellution iFIX,0,43232608
pleier audit management system,Pleier Audit Management System,0,43231604
plex systems plex manufacturing cloud,Plex Systems Plex Manufacturing Cloud,0,43231602
plexis software plexis pos,Plexis Software Plexis POS,0,43232611
plimus loan artist,Plimus Loan Artist,0,43231604
plos computational biology,PLOS Computational Biology,0,43232605
ploticus,Ploticus,0,43232102
plotutils,plotutils,0,43232402
plplot,PLplot,0,43232402
plug-in file,Plug-in file,0,43232107
plume modeling,Plume modeling,0,43232605
pm ase quickbuild,pm ase QuickBuild,0,43232402
pm/2 clinical planner,PM/2 Clinical Planner,0,43232610
pmatlab,pMatlab,0,43232605
pmc kanbansim,PMC KanbanSIM,0,43231506|43232605
podcasting,Podcasting,0,43232107
point of sale pos,Point of sale POS,0,43232611
point of sale pos bookstore,Point of sale POS bookstore,0,43232611
point of sale pos parts and services,Point of sale POS parts and services,0,43232611
point of sale pos payment,Point of sale POS payment,0,43232611
point of sale pos restaurant,Point of sale POS restaurant,0,43232611
point-of-view qwriter,Point-of-View QWriter,0,43232306
pointclickcare healthcare,PointClickCare healthcare,0,43232610
polaris health directions polaris-mh,Polaris Health Directions Polaris-MH,0,43232610
polaris microsystems aerolog pro,Polaris Microsystems AeroLog Pro,0,43232306
polaris microsystems charterlog,Polaris Microsystems CharterLog,0,43232306
polaris parallelizing compilers,Polaris parallelizing compilers,0,43232409
polca,poLCA,0,43232605
polhemus fastscan,Polhemus FastSCAN,0,43232604
polhemus fasttrack system,Polhemus Fasttrack System,0,43232605
policy issuance system,Policy issuance system,0,43232306
policyiq,policyIQ,0,43232606
poll everywhere,Poll Everywhere,0,43232106
polybayes,PolyBayes,0,43232605
polycom realpresence,Polycom RealPresence,0,43233502
polymap,PolyMap,0,43232605
polymath software polymath,Polymath Software POLYMATH,0,43232605
polysystems asset delphi,PolySystems Asset Delphi,0,43231604
popkin system architect,Popkin System Architect,0,43232407
port scanners,Port scanners,0,43232801
portable document file creation,Portable document file creation,0,43233402
portalgraphics opencanvas,Portalgraphics openCanvas,0,43232102
portfolio analysis,Portfolio analysis,0,43231604
portfolio management,Portfolio management,0,43231604
portswigger burp suite,Portswigger BurP Suite,0,43233205
positive pay,Positive pay,0,43231604
positive software positive for windows,POSitive Software POSitive for Windows,0,43232611
positive train control ptc systems,Positive train control PTC systems,0,43231511
post once,Post Once,0,43231505
post-processor,Post-processor,0,43232612
postal boundary mapping,Postal boundary mapping,0,43233506
postal explorer,Postal Explorer,0,43231515
postal tracking,Postal tracking,0,43232306
postgresql,PostgreSQL,1,43232311
posting,Posting,0,43231508
postingpal,PostingPal,0,43231505
postman,Postman,0,43233004
potrace,Potrace,0,43233402
power analysis,Power analysis,0,43232605
power and precision,Power and Precision,0,43232605
power diary,Power Diary,0,43232610
power real estate letters,Power Real Estate Letters,0,43231511
power structure,Power Structure,0,43232104
power system modeling,Power system modeling,0,43232605
power tab editor,Power Tab Editor,0,43232005
powercad,PowerCAD,0,43232604
powermed,PowerMed,0,43232610
powerplace professional,PowerPlace Professional,0,43231505
powerschool group powerschool sis,PowerSchool Group PowerSchool SIS,0,43232306
powerschool sis,PowerSchool SIS,0,43232306
powersim psim,Powersim PSIM,0,43232605
powersoft powerbuilder,PowerSoft PowerBuilder,0,43232405
powerworld,PowerWorld,0,43232605
powerworld corporation powerworld simulator,PowerWorld Corporation PowerWorld Simulator,0,43232605
ppd eloader,PPD eLoader,0,43232306
ppd patient profiles,PPD Patient Profiles,0,43232306
ppt4drs quixote,PPT4Drs Quixote,0,43232610
pq systems chartrunner lean,PQ Systems CHARTrunner Lean,0,43232608
pq systems gagepack,PQ Systems GAGEpack,0,43232608
pq systems measurespy,PQ Systems MEASUREspy,0,43232608
pq systems sqcpack,PQ Systems SQCpack,0,43232605
practice management software pms,Practice management software PMS,0,43232306|43232610
practice management technologies visual private office,Practice Management Technologies Visual Private Office,0,43232610
practice partner patient records,Practice Partner Patient Records,0,43232610
practice partner total practice partner,Practice Partner Total Practice Partner,0,43232610
practice technology prevail,Practice Technology Prevail,0,43231507
practice-web dental,Practice-Web Dental,0,43232610
practicepro software systems quickpractice,PracticePRO Software Systems QuickPractice,0,43232610
practicesuite complete suite,PracticeSuite Complete Suite,0,43232610
practiceworks systems kodak winoms cs,PracticeWorks Systems Kodak WINOMS CS,0,43232610
praxipower praxischool,PraxiPower PraxiSchool,0,43231602
pre consultants simapro,PRe Consultants SimaPro,0,43232605
preactor aps,Preactor APS,0,43231506
preactor finite capacity scheduling,Preactor Finite Capacity Scheduling,0,43231506
precision analytical aerotriangulation pugging,Precision analytical aerotriangulation pugging,0,43233506
precision data solutions voicepower,Precision Data Solutions VoicePower,0,43232104
precision tra/x,Precision TRA/X,0,43231506
predator dnc,Predator DNC,0,43232612
predictive toxicology,Predictive toxicology,0,43232605
predictprotein,PredictProtein,0,43232605
premier biosoft array designer,PREMIER Biosoft Array Designer,0,43232605
premier software simtrak mobility,Premier Software Simtrak Mobility,0,43232306
premis,PREMIS,0,43232306
presagia sports,Presagia Sports,0,43232610
presagis stage,Presagis Stage,0,43232605
prescription processing,Prescription processing,0,43232610
presentation,Presentation,0,43232106
presentation graphics,Presentation graphics,0,43232106
preventive maintenance,Preventive maintenance,0,43232605
prezi,Prezi,0,43232106
price sytems trueplanning,PRICE Sytems TruePlanning,0,43231604
pricepoint,PricePoint,0,43232306
pricewaterhousecoopers teammate,PricewaterhouseCoopers TeamMate,0,43231604
pricing,Pricing,0,43231604
prima systems optix,Prima Systems OPTIX,0,43232610
primasoft pc realtor organizer deluxe,PrimaSoft PC Realtor Organizer Deluxe,0,43232303
primasoft pc small library organizer pro,PrimaSoft PC Small Library Organizer Pro,0,43232609
primatech auditworks,Primatech AUDITWorks,0,43232606
primavera cost management,Primavera Cost Management,0,43231604
prime clinical,Prime Clinical,0,43231601
prime debt soft debt settlement,Prime Debt Soft Debt Settlement,0,43231604
prime debt software credit repair,Prime Debt Software Credit Repair,0,43231604
primer3,Primer3,0,43232605
prince,PRINCE,0,43232605
printed circuit board design,Printed circuit board design,0,43232604
printer driver,Printer driver,0,43233410
printers software inc. presidio,Printers Software Inc. Presidio,0,43232306
printing management system,Printing management system,0,43232306
private practice,Private Practice,0,43232610
pro systems client write-up system for windows,Pro Systems Client Write-Up System for Windows,0,43231601
pro writing aid,Pro Writing Aid,0,43232104
pro-ductivity systems compliance training manager web,PRO-ductivity Systems Compliance Training Manager Web,0,43232502
probabilistic risk assessment pra,Probabilistic risk assessment PRA,0,43232605
procat denoto,ProCAT Denoto,0,43232104
procat winner,ProCAT Winner,0,43232104
procedure scheduling,Procedure scheduling,0,43232610
process control,Process control,0,43232608
process heating assessment and survey tool phast,Process Heating Assessment and Survey Tool PHAST,0,43232605
process reengineering,Process reengineering,0,43231507
process safety management,Process safety management,0,43232306
process simulation,Process simulation,0,43232605
processpro premier,ProcessPro Premier,0,43231602
procore,Procore,1,43232605
prode pd-plus,Prode PD-Plus,0,43232605
prodoc,ProDoc,0,43232202
producepak mobile farm management,ProducePak Mobile Farm Management,0,43232306
product development management,Product development management,0,43231602
product lifecycle management plm,Product lifecycle management PLM,0,43231602
product producer databases,Product producer databases,0,43232306
product safety documentation,Product safety documentation,0,43232606
production control,Production control,0,43232608
production flow analysis,Production flow analysis,0,43232605
production flow analysis and simplification toolkit pfast,Production Flow Analysis and Simplification Toolkit PFAST,0,43232605
production planning,Production planning,0,43231506
production scheduling,Production scheduling,0,43231506
production scheduling and planning,Production scheduling and planning,0,43231506
production tracking system,Production tracking system,0,43231508
productivity,Productivity,0,43231507
proest software proest estimating,ProEst Software ProEst Estimating,0,43232605
professional solutions procare,Professional Solutions ProCare,0,43231602
profilers,Profilers,0,43232406
profit developers electronic file interchange,Profit Developers Electronic File Interchange,0,43231601
profitool gearwatch,Profitool GearWatch,0,43231508
profitool software (human resources feature),Profitool software (human resources feature),0,43231505
profitool software (time accounting feature),Profitool software (time accounting feature),0,43231605
proforce highlight flyer master,ProForce Highlight Flyer Master,0,43231511
proforce paralegal pro-pack,ProForce Paralegal Pro-Pack,0,43232112
proforce ultimate brochures,ProForce Ultimate Brochures,0,43231511
progeny software progeny clinical,Progeny Software Progeny Clinical,0,43232610
prognosis innovation healthcare chartaccess,Prognosis Innovation Healthcare ChartAccess,0,43232610
prognosis solutions resolvprm,Prognosis Solutions ResolvPRM,0,43232303
program checksumming,Program checksumming,0,43233205
program for energy analysis of residences pear,Program for Energy Analysis of Residences PEAR,0,43232605
program logging,Program logging,0,43232306
programmable logic controller plc,Programmable logic controller PLC,0,43232608
programmable logic controller plc code generation,Programmable logic controller PLC code generation,0,43232402
programming language one pl/i,Programming language one PL/I,0,43232402
programming languages,Programming languages,0,43232402
progress openedge abl,Progress OpenEdge ABL,0,43232402
progress openedge application server,Progress OpenEdge Application Server,0,43232701
progress openedge fathom replication,Progress OpenEdge Fathom Replication,0,43232304
progress sonic esb,Progress Sonic ESB,0,43232403
progress webspeed workshop,Progress WebSpeed Workshop,0,43232408
project analysis and costing,Project analysis and costing,0,43231507
project data integration,Project data integration,0,43231507
project estimation,Project estimation,0,43231507
project management,Project management,0,43231507
project manager online projectmanager.com,Project Manager Online ProjectManager.com,0,43231507
project planning,Project planning,0,43231507
project portfolio management ppm,Project portfolio management PPM,0,43231602
project scheduling,Project scheduling,0,43231507
project visualization,Project visualization,0,43232604
project-open,Project-Open,0,43231507
project.net,Project.net,0,43231602
projectlibre,ProjectLibre,0,43231507
projectsend,ProjectSend,0,43232805
projecturf,Projecturf,0,43231507
prolog,Prolog,0,43232402
prometheus,Prometheus,0,43232306
promine,Promine,0,43232604
promium element datasystem lims,Promium Element DataSystem LIMS,0,43232605
promodel,ProModel,0,43231518
pronto xi,PRONTO Xi,0,43231602
proof of delivery pod,Proof of delivery POD,0,43231506
propay payment processing,ProPay payment processing,0,43232611
propeller multimedia react2,Propeller Multimedia React2,0,43232610
propellerhead software reason,Propellerhead Software Reason,0,43232005
property boulevard,Property Boulevard,0,43232306
"property damage, bodily injury, and liability estimation","Property damage, bodily injury, and liability estimation",0,43231604
property insight titlepoint,Property Insight TitlePoint,0,43232306
property management system pms,Property management system PMS,0,43232306
property records databases,Property records databases,0,43232306
property scheduling,Property scheduling,0,43232108
property solutions international residentportal,Property Solutions International ResidentPortal,0,43232306
propertyboss solutions propertyboss,PropertyBoss Solutions PropertyBoss,0,43232306
propertyinfo sureclose,PropertyInfo SureClose,0,43232202
propertyview solutions remanage,PropertyView Solutions Remanage,0,43232306
propertyware,Propertyware,0,43232306
prophix enterprise,PROPHIX Enterprise,0,43231601
proportional integral derivative control pid,Proportional integral derivative control PID,0,43232605
proquest abi/inform global,ProQuest ABI/INFORM Global,0,43232609
proquest archive finder,ProQuest Archive Finder,0,43232309
proquest eric,ProQuest ERIC,0,43232609
proquest library and information science abstracts lisa,ProQuest Library and Information Science Abstracts LISA,0,43232609
proquest public affairs information service (pais) database,ProQuest Public Affairs Information Service (PAIS) database,0,43232309
proquest refworks,ProQuest RefWorks,0,43232306
proquest refworks refshare,ProQuest RefWorks RefShare,0,43232107
proquest worldwide political science abstracts,ProQuest Worldwide Political Science Abstracts,0,43232309
proscan,Proscan,0,43232605
prosolutions software transcend,ProSolutions Software Transcend,0,43232306
prosys open platform communications unified architecture,Prosys Open Platform Communications unified architecture,0,43232608
protein databases,Protein databases,0,43232605
protein explorer,Protein Explorer,0,43232605
proteus engineering fastship,Proteus Engineering FastShip,0,43232605
protiviti governance portal,Protiviti Governance Portal,0,43232606
protracker advantage,ProTracker Advantage,0,43232303
protscale,ProtScale,0,43232605
provalis research simstat,Provalis Research Simstat,0,43232605
proxima controller,Proxima Controller,0,43232005
pstek,PSTek,0,43231505
psychassistant,PsychAssistant,0,43232610
psyche systems labweb,Psyche Systems LabWeb,0,43232610
psyche systems systematic blood bank,Psyche Systems Systematic Blood Bank,0,43232610
psyche systems windopath,Psyche Systems WindoPath,0,43232610
psychiatric assessment,Psychiatric assessment,0,43232610
psychiatric information databases,Psychiatric information databases,0,43232306
psychnotesemr,PsychNotesEMR,0,43232610
psychological testing,Psychological testing,0,43232610
psychology software tools e-prime,Psychology Software Tools E-Prime,0,43232605
psychology software tools mri simulator,Psychology Software Tools MRI Simulator,0,43232605
psychometric testing,Psychometric testing,0,43232605
psychophysics toolbox,Psychophysics Toolbox,0,43232605
psychrometric chart,Psychrometric chart,0,43232605
psychsim,PsychSim,0,43232502
psychsoft !observe,Psychsoft !Observe,0,43232306
psyquel,Psyquel,0,43232610
psyscope,PsyScope,0,43232605
psyscript,PsyScript,0,43232605
psytech solutions epitomax,PsyTech Solutions Epitomax,0,43232610
pt software solutions pt rental assistant,PT Software Solutions PT Rental Assistant,0,43232306
ptc arbortext,PTC Arbortext,0,43232112
ptc creo elements/pro,PTC Creo Elements/Pro,0,43232604
ptc creo parametric,PTC Creo Parametric,0,43232604|43232612
ptc mathcad,PTC Mathcad,0,43232605
ptc pro/cable,PTC Pro/Cable,0,43232604
ptc pro/engineer mechanica,PTC Pro/ENGINEER Mechanica,0,43232604
ptc pro/engineer wildfire,PTC Pro/ENGINEER Wildfire,0,43232604
ptc pro/intralink,PTC Pro/INTRALINK,0,43231507
ptc pro/pipe,PTC Pro/Pipe,0,43232604
ptc windchill,PTC Windchill,0,43232202
pts solutions winjuris court solutions,PTS Solutions WinJuris Court Solutions,0,43232306
ptv vissim,PTV Vissim,0,43232605
ptv visum,PTV VISUM,0,43232605
public access to court electronic records (pacer),Public Access to Court Electronic Records (PACER),0,43232309
public access to electronic court records pacer,Public access to electronic court records PACER,0,43232309
public genomic databases,Public genomic databases,0,43232605
puff,PUFF,0,43232604
pulsar,Pulsar,0,43232605
pulse software chiropulse 365,Pulse Software ChiroPulse 365,0,43232610
pulse train bellview capti,Pulse Train Bellview CAPTI,0,43232306
pulse train bellview scan,Pulse Train Bellview Scan,0,43232111
pulse train bellview tci,Pulse Train Bellview TCI,0,43232306
pulse train bellview web,Pulse Train Bellview Web,0,43232107
pulse train pulser web,Pulse Train Pulser Web,0,43232106
pulse train visual qsl,Pulse Train Visual QSL,0,43232306
puppet,Puppet,1,43232401
purchasing,Purchasing,0,43231503
purchasingnet eprocurement,PurchasingNet eProcurement,0,43231503
pure data pd,Pure Data PD,0,43232005
purkinje dossier,Purkinje Dossier,0,43232306
putty,PuTTY,0,43232901
pv optics,PV Optics,0,43232605
pvsyst,PVsyst,0,43232605
pwscf,PWscf,0,43232605
pyspark,PySpark,0,43232306
python,Python,1,43232405
python experimental economics toolkit peet,Python Experimental Economics Toolkit PEET,0,43232605
python tools for visual studio (ptvs),Python Tools for Visual Studio (PTVS),0,43232405
pytorch,PyTorch,1,43232306
pyxis medstation,Pyxis MedStation,0,43231508
q-chem,Q-Chem,0,43232605
qa software qms materials management,QA Software QMS Materials Management,0,43231506
qad adaptive erp,QAD Adaptive ERP,0,43231506|43231602
qad marketing automation,QAD Marketing Automation,0,43232303
qad shielding computer code,QAD shielding computer code,0,43232605
qarbon viewletbuilder professional,Qarbon ViewletBuilder Professional,0,43232502
qaulis research the ethonograph,Qaulis Research The Ethonograph,0,43232605
qchart,Qchart,0,43232610
qgis,QGIS,0,43232510
qlik,Qlik,0,43232314
qlik tech qlikview,Qlik Tech QlikView,0,43232314
qmc cm4d,QMC CM4D,0,43232306
qmsoftware receivables management,QMSoftware Receivables Management,0,43231601
qnx,QNX,0,43233004
qpalm acupuncture,Qpalm Acupuncture,0,43232610
qpsmr limited cati,QPSMR Limited CATI,0,43232306
qpsmr limited input,QPSMR Limited Input,0,43232306
qpsmr limited insight,QPSMR Limited Insight,0,43232306
qpsmr limited reflect,QPSMR Limited Reflect,0,43232106
qpuncture ii,QPuncture II,0,43232610
qqest timeforce,Qqest TimeForce,0,43231605
qsm slim suite,QSM SLIM Suite,0,43232306|43232605
qsr international nvivo,QSR International NVivo,0,43232306
quad software grome,Quad Software Grome,0,43232102
quadkey hr server,Quadkey HR Server,0,43231505
quadralay webworks epublisher,Quadralay WebWorks ePublisher,0,43232107
quadramed affinity healthcare information system,QuadraMed Affinity Healthcare Information System,0,43232610
quadstone paramics,Quadstone Paramics,0,43232605
qualcomm eudora,QUALCOMM Eudora,0,43233501
qualcomm extensible diagnostic monitor qxdm,QUALCOMM eXtensible Diagnostic Monitor QxDM,0,43232605
qualcomm qtracs,QUALCOMM QTRACS,0,43232605
qualcomm viaweb,QUALCOMM ViaWeb,0,43232605
qualcorp formsplus,QualCorp FormsPlus,0,43231602
qualitative analysis,Qualitative analysis,0,43232605
qualitech solutions dynamic scheduling,Qualitech Solutions Dynamic Scheduling,0,43232108
qualitica rentboss,Qualitica RentBoss,0,43232306
quality control,Quality control,0,43232608|43232610
quality plans & software hvac calculator,Quality Plans & Software HVAC Calculator,0,43232605
quality positioning services fledermaus,Quality Positioning Services Fledermaus,0,43232605
quality software systems labhealth,Quality Software Systems LabHealth,0,43232610
quality systems incorporated safety tagging system,Quality Systems Incorporated Safety Tagging System,0,43232306
quality systems international winlims,Quality Systems International WinLIMS,0,43232605
qualtrics insight,Qualtrics Insight,0,43231507
qualtrics research suite,Qualtrics Research Suite,0,43232306|43232605
qualys cloud platform,Qualys Cloud Platform,0,43233206
quantifying marketability discount qmd modeling,Quantifying marketability discount QMD modeling,0,43231604
quantitative analysis,Quantitative analysis,0,43232605
quantitative micro software eviews,Quantitative Micro Software EViews,0,43232605
quantrax intelec,Quantrax Intelec,0,43232303
quantum software solutions quantum project manager,Quantum Software Solutions Quantum Project Manager,0,43231507
quantumwise atomistix toolkit,QuantumWise Atomistix ToolKit,0,43232605
quark enterprise publishing,Quark enterprise publishing,0,43232112
quark immedia,Quark Immedia,0,43232107
quarkxpress,QuarkXPress,0,43232112
quest bigbrother,Quest BigBrother,0,43232801
quest central,Quest Central,0,43232304
quest erwin data modeler,Quest Erwin Data Modeler,0,43232310
quest foglight,Quest Foglight,0,43232801
quest shareplex,Quest SharePlex,0,43232304
quest sql optimizer for oracle,Quest SQL Optimizer for Oracle,0,43232402
questaweb trademaster qw,QuestaWeb TradeMaster QW,0,43232606
questek humanis,Questek Humanis,0,43231505
question interchange profile quip,Question interchange profile QUIP,0,43232605
questionmark,QuestionMark,0,43231505
questionmark perception,Questionmark Perception,0,43232605
questionpro,QuestionPro,0,43232605
questor systems argus,Questor Systems ARGUS,0,43232306
questor systems qscan32,Questor Systems QScan32,0,43232306
questsuite professional,QuestSuite Professional,0,43232608
quick notes pdq podiatry,Quick Notes PDQ Podiatry,0,43232610
quick notes qnotes office emr,Quick Notes QNotes Office EMR,0,43232610
quick plant energy profiler,Quick Plant Energy Profiler,0,43232605
quickbase business management,QuickBase business management,0,43232306
quickcogo,QuickCogo,0,43232605
quicken,Quicken,0,43231601|43231604|43232306
quickpen ductdesigner 3d,QuickPen DuctDesigner 3D,0,43232604
quickquote quickfile agency management system,QuickQuote QuickFile Agency Management System,0,43231602
quikdraw loan management system,QuikDraw Loan Management System,0,43231604
quizlet,Quizlet,0,43232502
qumas quality management solution,QUMAS quality management solution,0,43232202|43232606
quorum pgas,Quorum PGAS,0,43232306
quote software quoteexpress,Quote Software QuoteExpress,0,43232605
quotewerks,QuoteWerks,0,43231604
qwikquote,QwikQuote,0,43231604
r,R,1,43232405
rabbit semiconductor dynamic c,Rabbit Semiconductor Dynamic C,0,43232409
rabbitmq,RabbitMQ,0,43232405
rad pro calculator,Rad Pro Calculator,0,43232605
radan radbend,RADAN Radbend,0,43232612
radar,Radar,0,43232605
radiant systems counterpoint,Radiant Systems CounterPoint,0,43231602
radiation dose calculation,Radiation dose calculation,0,43232605|43232610
radiation therapy equipment,Radiation therapy equipment,0,43232610
radio beacon wms,Radio Beacon WMS,0,43231506
radio frequency identification rfid,Radio frequency identification RFID,0,43231508
radiological assessment display and control system radacs,Radiological assessment display and control system RADACS,0,43232605
radiology information systems (ris),Radiology information systems (RIS),0,43232610
radiopharmacy inventory databases,Radiopharmacy inventory databases,0,43232610
radius netman,Radius NetMan,0,43232608
radius uni-view,Radius Uni-View,0,43232608
rae systems hazrae,RAE Systems HazRAE,0,43232306
rail traffic track warrant control system,Rail Traffic Track Warrant Control System,0,43231511
railcar inspection management,Railcar inspection management,0,43232603
railcomm docyard,RailComm DocYard,0,43232608
railtech software solutions rail 21 management system,RailTech Software Solutions Rail 21 Management System,0,43231508
railtech software systems mars for the 21st century,RailTech Software Systems Mars for the 21st Century,0,43231601
railyard inventory,Railyard inventory,0,43231508
railyard management software rms,Railyard management software RMS,0,43232306
ramesys hospitality,Ramesys Hospitality,0,43232603
ramquest total solution,RamQuest Total Solution,0,43231602
ramsoft powerserver ris/pacs,RamSoft PowerServer RIS/PACS,0,43232610
rand mcnally world digital database,Rand McNally World Digital Database,0,43232309
random forest,Random forest,0,43232605
raosoft surveywin,Raosoft SURVEYWin,0,43232306
rapid application development rad,Rapid application development RAD,0,43232403
rapid assessment tools r.a.t.,Rapid Assessment Tools R.A.T.,0,43232605
rapid intake unison,Rapid Intake Unison,0,43232502
rapid medical examiners system,Rapid Medical Examiners System,0,43232306
rapid prototyping,Rapid prototyping,0,43232612
rapid-i rapidminer,Rapid-I RapidMiner,0,43232307
rapid7,Rapid7,0,43233205
rapid7 nexpose,Rapid7 Nexpose,0,43233205
rapide,Rapide,0,43232405
rapiscan threat image projection,Rapiscan Threat Image Projection,0,43232502
rasmol,RasMol,0,43232605
rasmussen software anzio,Rasmussen Software Anzio,0,43232911
raster graphics editors,Raster graphics editors,0,43232102
rat-stats,RAT-STATS,0,43232605
rate calculation,Rate calculation,0,43232605
ravenshead services writeitnow,Ravenshead Services WriteItNow,0,43232104
razorsync,RazorSync,0,43232306
rbs gotour online,RBS GoTour Online,0,43232303
rcl software media library manager,RCL Software Media Library Manager,0,43232609
rcs gselector,RCS GSelector,0,43232108
rcs nexgen digital,RCS NexGen Digital,0,43232603
re:discovery software proficio,Re:discovery Software Proficio,0,43232306
react,React,1,43232408
react native,React Native,0,43232408
react redux,React Redux,0,43232408
reactor excursion and release analysis program relap,Reactor excursion and release analysis program RELAP,0,43232605
readsoft,ReadSoft,0,43232202
readytalk,ReadyTalk,0,43233503
real ear measurement rem,Real ear measurement REM,0,43232610
real edge,Real Edge,0,43231604
real estate and tax,Real estate and tax,0,43232306
real estate application contract transmission react,Real estate application contract transmission REACT,0,43231604
real estate assistant rea,Real Estate Assistant REA,0,43232303
real estate center caparate calculator,Real Estate Center Caparate Calculator,0,43231604
real estate investment analysis,Real estate investment analysis,0,43231604
real estate listing databases,Real estate listing databases,0,43232306
real pro,Real Pro,0,43231604
real time operating system rtos,Real time operating system RTOS,0,43233004
realbenefits amortization loan,RealBenefits Amortization Loan,0,43231604
realdata comparative lease analysis,RealData Comparative Lease Analysis,0,43231604
realdata reia,RealData REIA,0,43232605
realeasybooks ezreb,RealEasyBooks ezREB,0,43231601
realflow,RealFlow,0,43232102
reality star proagent power series presentations,Reality Star ProAGENT Power Series Presentations,0,43232106
realization streamliner,Realization Streamliner,0,43231507
really simple syndication rss,Really Simple Syndication RSS,0,43232107
realm business solutions insight for argus,Realm Business Solutions INSIGHT for ARGUS,0,43231604
realpage onesite,RealPage OneSite,0,43232306
realtors property resource rpr,Realtors Property Resource RPR,0,43232305
realty tools toolkit for market share,Realty Tools Toolkit for Market Share,0,43231604
realtystar agentoffice,RealtyStar AgentOffice,0,43231513
realtystar real estate assistant,RealtyStar Real Estate Assistant,0,43232303
rebarwin,RebarWin,0,43232306
recipe,Recipe,0,43232306
recipe cost control,Recipe cost control,0,43231506
recordkeeper software school recordkeeper,RecordKeeper Software School RecordKeeper,0,43231602
recordkeeping,Recordkeeping,0,43232306|43232610
records management,Records management,0,43232202
records management systems,Records management systems,0,43232202
recovery audit,Recovery audit,0,43231604
recovery testing,Recovery testing,0,43232406
recoveryplanner rpx,RecoveryPlanner RPX,0,43231602
recruit wizard,Recruit Wizard,0,43231505
recruitment management,Recruitment management,0,43231505
recruitpoint.net,Recruitpoint.net,0,43231505
recruittrack,RecruitTrack,0,43231505
recrystallize crystal reports,ReCrystallize Crystal Reports,0,43232305
red giant trapcode particular,Red Giant Trapcode Particular,0,43232102
red hat ansible engine,Red Hat Ansible Engine,0,43232401
red hat enterprise linux,Red Hat Enterprise Linux,1,43233004
red hat openshift,Red Hat OpenShift,1,43232701
red hat wildfly,Red Hat WildFly,0,43232701
red prarie warehouse management,Red Prarie Warehouse Management,0,43231506
red rock deltagraph,Red Rock DeltaGraph,0,43232605
red sweater marsedit,Red Sweater MarsEdit,0,43232107
red wing software centerpoint accounting for agriculture,Red Wing Software CenterPoint Accounting for Agriculture,0,43231601
redberry logistics,RedBerry Logistics,0,43231506
redcap research electronic data capture,REDCap Research Electronic Data Capture,0,43232605
redgate sql server,Redgate SQL Server,0,43232804
redi enterprise development redi erm,Redi Enterprise Development Redi ERM,0,43231604
rediker software school office suite,Rediker Software School Office Suite,0,43231602
redis,Redis,1,43232304
redmine,Redmine,0,43231507
redprairie dlx warehouse,RedPrairie DLx Warehouse,0,43231506|43231508
redprairie e2e,RedPrairie E2e,0,43231506
redrock software tutortrac,Redrock Software TutorTrac,0,43232306
redsky it entirety e-booking,RedSky IT Entirety e-Booking,0,43232603
redtail technology our business online,Redtail Technology Our Business Online,0,43232303
reduce,REDUCE,0,43232605
reference management,Reference management,0,43232306
"refugee, asylum and parole system raps","Refugee, Asylum and Parole System RAPS",0,43232306
regional energy deployment system reeds,Regional Energy Deployment System ReEDS,0,43232605
register transfer language rtl,Register transfer language RTL,0,43232402
regmon,RegMon,0,43232406
regnow chrysanth inventory manager,Regnow Chrysanth Inventory Manager,0,43231508
regression testing,Regression testing,0,43232406
regulatory agency compliance,Regulatory agency compliance,0,43232606
regulatory compliance management,Regulatory compliance management,0,43232606
regulussoft route accounting,Regulussoft Route Accounting,0,43232306
rehab documentation company redoc suite,Rehab Documentation Company ReDoc Suite,0,43232610
rei wise commercial,REI Wise Commercial,0,43231604
reimbursement screening,Reimbursement screening,0,43232610
relational database,Relational database,0,43232306
relational database management,Relational database management,0,43232304
relational database management system,Relational database management system,0,43232304
relational database management system rdms,Relational database management system RDMS,0,43232304
relative values for physicians,Relative Values for Physicians,0,43232605
relativity e-discovery,Relativity e-Discovery,0,43232306
relavis crm portal,Relavis CRM Portal,0,43232303
relex fmea,Relex FMEA,0,43232605
relex weibull,Relex Weibull,0,43232605
reliability analysis,Reliability analysis,0,43232605
reliability centered maintenance rcm,Reliability centered maintenance RCM,0,43232605
reliability information,Reliability information,0,43232306
reliasoft alta 6 pro,ReliaSoft Alta 6 Pro,0,43232605
reliasoft blocksim,ReliaSoft BlockSim,0,43232605
reliasoft prism,ReliaSoft Prism,0,43232306
reliasoft rcm++,ReliaSoft RCM++,0,43232605
reliasoft weibull++ 6,ReliaSoft Weibull++ 6,0,43232605
reliasoft xfmea,ReliaSoft XFMEA,0,43232605
reliass eagle,Reliass EAGLE,0,43232605
remedy interactive imitigate,Remedy Interactive iMitigate,0,43232306
remote access,Remote access,0,43232901
remote access call center,Remote access call center,0,43232901
remote authentication dial-in user service radius,Remote authentication dial-in user service RADIUS,0,43233201
remote control,Remote control,0,43232702
remote deposit capture,Remote deposit capture,0,43232901
remote desktop control,Remote desktop control,0,43232901
remote install server,Remote install server,0,43233002
remote monitoring,Remote monitoring,0,43232801
remote operated vehicle rov dive log,Remote operated vehicle ROV dive log,0,43232306
remote sensing,Remote sensing,0,43232605
renaissance mastercarpenter,Renaissance MasterCarpenter,0,43232309
renoise,Renoise,0,43232005
repairtrax,RepairTRAX,0,43232306
repeatmasker,RepeatMasker,0,43232605
report generation,Report generation,0,43232104
report writing,Report writing,0,43232104
reporterworks,ReporterWorks,0,43231602
reporting,Reporting,0,43232305
requirejs,RequireJS,0,43232408
requirements analysis,Requirements analysis,0,43232407
requirements management,Requirements management,0,43232407
rescheck,REScheck,0,43232605
rescueconnection software shelterconntection,RescueConnection Software ShelterConntection,0,43232306
research spectrum survent cati,Research Spectrum Survent CATI,0,43232306
reservation,Reservation,0,43232306
reserve interactive,ReServe Interactive,0,43231507|43232306
residential home inspection form,Residential home inspection form,0,43232104
resoft windfarm,ReSoft WindFarm,0,43232605
resolve legislative compliance management,Resolve Legislative Compliance Management,0,43232606
resolve systems service management,Resolve Systems Service Management,0,43232306
resort data processing,Resort Data Processing,0,43232603
resource and patient management system rpms patient registration,Resource and patient management system RPMS patient registration,0,43232305
resource and patient management system rpms scheduling,Resource and patient management system RPMS scheduling,0,43232108
resource edge talenthook sphere,Resource Edge TalentHook Sphere,0,43231505
resource management,Resource management,0,43233511
resource ordering and statusing system ross,Resource Ordering and Statusing System ROSS,0,43231507
resource planning,Resource planning,0,43231602
resourcemate plus,ResourceMate Plus,0,43232609
resources calculations incorporated softcost,Resources Calculations Incorporated SoftCost,0,43232605
respondus,Respondus,0,43232502
resrad,RESRAD,0,43232605
restaurant manager,Restaurant Manager,0,43232611
restaurant operations & management spreadsheet library,Restaurant Operations & Management Spreadsheet Library,0,43232110
restaurantplus pro,RestaurantPlus PRO,0,43232611
restful api,RESTful API,0,43232408
restructured extended executor rexx,Restructured extended executor REXX,0,43232402
results international systems artius suite,Results International Systems Artius Suite,0,43231602
resume converter,Resume converter,0,43231505
resume extraction and search,Resume extraction and search,0,43231505
resume processing,Resume processing,0,43231505
resumerobot,ResumeRobot,0,43231505
retail management,Retail management,0,43232306
retail sales,Retail sales,0,43232611
retain resource planning,Retain Resource Planning,0,43231602
retargetable compiler,Retargetable compiler,0,43232409
rethink ed,Rethink Ed,0,43232502
retirement planning,Retirement planning,0,43231604
retrofit energy savings estimation model resem,Retrofit Energy Savings Estimation Model RESEM,0,43232605
retscreen,RETScreen,0,43232605
reudink software zooeasy,Reudink Software ZooEasy,0,43232306
revcad software sheet lightning,Revcad Software Sheet Lightning,0,43232604
reveal systems truewire,Reveal Systems Truewire,0,43231511
revelwood,Revelwood,0,43231602
reverse engineering,Reverse engineering,0,43232604
revised universal soil loss equation rusle,Revised universal soil loss equation RUSLE,0,43232605
revision control,Revision control,0,43232401
reyburn cybertuner,Reyburn CyberTuner,0,43232605
rezdy booking,Rezdy booking,0,43232108
rezgo online booking,Rezgo online booking,0,43232108
rezopia,Rezopia,0,43232306
rfid,RFID,0,43231508
rfms schedule pro,RFMS Schedule Pro,0,43232108
rga aura,RGA AURA,0,43231604
rga facultative application console,RGA Facultative Application Console,0,43231604
rhinosoft ftp voyager,RhinoSoft FTP Voyager,0,43232702
rhythm rascal,Rhythm Rascal,0,43232005
ribbonsoft qcad,RibbonSoft QCad,0,43232604
rice simulator for ilp multiprocessors rsim,Rice Simulator for ILP Multiprocessors RSIM,0,43232605
riege software international procars,Riege Software International Procars,0,43231506
rietan,RIETAN,0,43232605
right reason technologies righttrack,Right Reason Technologies RightTrack,0,43232502
rinda technologies diacom marine,Rinda Technologies DIACOM Marine,0,43232605
risa technologies risa-3d,RISA Technologies RISA-3D,0,43232604
risa technologies risamasonry,RISA Technologies RISAMasonry,0,43231507
risc virtual training assistant,RISC Virtual Training Assistant,0,43232502
riscstation possum,RiscStation POSSum,0,43232611
risk analysis,Risk analysis,0,43232605
risk assessment,Risk assessment,0,43233203
risk management,Risk management,0,43232620
riskmetrics group wealthbench,RiskMetrics Group WealthBench,0,43231604
risoe national laboratory wind atlas analysis and application program wasp,Risoe National Laboratory Wind Atlas Analysis and Application Program WAsP,0,43232605
river lake altimetry product,River Lake Altimetry Product,0,43232306
riverbed technology,Riverbed Technology,0,43232804
rivermorph,RIVERMorph,0,43232306
rivs automated interview,RIVS automated interview,0,43231505
rl solutions feedback monitorpro,rL Solutions Feedback MonitorPro,0,43232303
rms technology flitesoft,RMS Technology Flitesoft,0,43232306
rna sequencing,RNA sequencing,0,43232605
road design,Road design,0,43232604
roam devices roam marine monitor hub,Roam Devices Roam Marine Monitor Hub,0,43231511
robot framework,Robot Framework,0,43232406
robotic control,Robotic control,0,43232608
robotic painting,Robotic painting,0,43232608
robotic simulation,Robotic simulation,0,43232605
robotic surgery,Robotic surgery,0,43232610
robotic workstation,Robotic workstation,0,43232608
robotics academy robotc,Robotics Academy ROBOTC,0,43232604
robotware diecast,RobotWare DieCast,0,43232612
robust software overseer suite,Robust Software Overseer Suite,0,43231602
roche 454 life sciences gs data analysis,Roche 454 Life Sciences GS Data Analysis,0,43232605
rocket/folio nxt,Rocket/Folio NXT,0,43232112
rockport integrated excel underwriting,Rockport Integrated Excel Underwriting,0,43232110
rockware arcmap,RockWare ArcMap,0,43233506
rockware chemflux,RockWare ChemFlux,0,43232605
rockware crosslog,Rockware CrossLog,0,43232605
rockware depthcon2000,RockWare DepthCon2000,0,43232605
rockware erupt,RockWare Erupt,0,43232605
rockware firstpix,RockWare FIRSTPIX,0,43232605
rockware geochemist's workbench gwb,RockWare Geochemist's Workbench GWB,0,43232605
rockware geotrig,RockWare GeoTrig,0,43232605
rockware gradix,RockWare GRADIX,0,43232605
rockware grav2dc,RockWare Grav2Dc,0,43232605
rockware jlog,RockWare Jlog,0,43232605
rockware micromodel,RockWare MicroMODEL,0,43232605
rockware modflow,RockWare MODFLOW,0,43232605
rockware plan,RockWare Plan,0,43232605
rockware potent,RockWare Potent,0,43232605
rockware quicksyn,RockWare QuickSyn,0,43232605
rockware rockpack iii,RockWare RockPack III,0,43232605
rockware rockworks,RockWare RockWorks,0,43232510
rockware sievegraph,RockWare SieveGraph,0,43232102
rockware stratbugs,RockWare Stratbugs,0,43232306
rockware vego,RockWare VEGO,0,43232605
rockware visual stunt,RockWare Visual STUNT,0,43232605
rockware winsism,RockWare WinSism,0,43232605
rockwell automation,Rockwell Automation,0,43232402
rockwell automation arena,Rockwell Automation Arena,0,43232605
rockwell rslogix,Rockwell RSLogix,0,43232406|43232608
rockwell rsview,Rockwell RSView,0,43232608
rogers software development supersalon,Rogers Software Development SuperSalon,0,43232306
rogue wave software imsl numerical libraries,Rogue Wave Software IMSL Numerical Libraries,0,43232605
roof builder tools,Roof Builder Tools,0,43232604
roof pro estimate software roof pro,Roof Pro Estimate Software Roof Pro,0,43232306
roof support design,Roof support design,0,43232604
roofing calculator,Roofing Calculator,0,43232605
rooflogic,RoofLogic,0,43232306
root cause analysis,Root cause analysis,0,43232605
root kit detection,Root kit detection,0,43233205
root systems sps process management,Root Systems SPS Process Management,0,43232303
rosch visionary systems visionary allergy tracker,Rosch Visionary Systems Visionary Allergy Tracker,0,43232610
roserush services shelter pro,RoseRush Services Shelter Pro,0,43232306
ross video xpression,Ross Video Xpression,0,43232103
roughdraft,RoughDraft,0,43232104
roundabout delay rodel,Roundabout Delay RODEL,0,43232605
roundtable software advantage accounting system,Roundtable Software Advantage Accounting System,0,43231601
route,Route,0,43232801
route mapping,Route mapping,0,43232504
route planning,Route planning,0,43233506
router,Router,0,43232908
routeware,Routeware,0,43233506
routing,Routing,0,43232504
roxio retrospect,Roxio Retrospect,0,43233415
royal alliance vision2020 core,Royal Alliance VISION2020 Core,0,43232303
rpis silent cma,RPIS Silent CMA,0,43231604
rpis silent flyer,RPIS Silent Flyer,0,43231511
rsa radcalc,RSA RadCalc,0,43232605
rsac riparian mapping tool,RSAC Riparian Mapping Tool,0,43233506
rsi envi,RSI ENVI,0,43232605
rsi interactive data language idl,RSI interactive data language IDL,0,43232605
rsm mcgladrey advanced practice solutions paperless audit,RSM McGladrey Advanced Practice Solutions Paperless Audit,0,43231604
rsm mcgladrey auditor assistant,RSM McGladrey Auditor Assistant,0,43231604
rsm mcgladrey clear pay,RSM McGladrey Clear Pay,0,43231605
rss,RSS,0,43232408
rss solutions naview,RSS Solutions NaView,0,43231506
rta fleet management,RTA Fleet Management,0,43232608
rti international sudaan,RTI International SUDAAN,0,43232605
ruby,Ruby,1,43232402
ruby on rails,Ruby on Rails,0,43232408
rungepincockminarco xeras,RungePincockMinarco XERAS,0,43231604
rungepincockminarco xpac,RungePincockMinarco XPAC,0,43232605
rust programming language,Rust programming language,0,43232402
rv damage repair estimator,RV Damage Repair Estimator,0,43232306
rvr systems compliance,RVR Systems Compliance,0,43232606
rxkinetics ud labels for windows,RxKinetics UD Labels for Windows,0,43231510
rytech software small business inventory control,Rytech Software Small Business Inventory Control,0,43231508
s&p capital iq,S&P Capital IQ,0,43232309
s-plus,S-Plus,0,43232605
saas surveymonkey,SaaS SurveyMonkey,0,43231507
saba centra,Saba Centra,0,43232502
sabre airline solutions sabresonic customer sales & service,Sabre Airline Solutions SabreSonic Customer Sales & Service,0,43232303
sabre airline solutions sabresonic ticket,Sabre Airline Solutions SabreSonic Ticket,0,43232306
sabre central command,Sabre Central Command,0,43231602
sabre travel agent,Sabre travel agent,0,43232601
saclantcen,SACLANTCEN,0,43233506
safari software products safari,Safari Software Products Safari,0,43231505
safari video networks ezediaqti,SAFARI Video Networks eZediaQTI,0,43232107
safe software fme,Safe Software FME,0,43232605
safety instrumented system sis,Safety instrumented system SIS,0,43232608
safety integrity level sil,Safety integrity level SIL,0,43232606
safety software oshalog 300,Safety Software OSHALOG 300,0,43232306
safety status measurement system safestat,Safety Status Measurement System SafeStat,0,43232306
"safety, health, and environmental management","Safety, health, and environmental management",0,43232606
saga practice manager,Saga Practice Manager,0,43232306
sage 100 contractor,Sage 100 Contractor,0,43232306
sage 100 erp,Sage 100 ERP,0,43231602
sage 300 construction and real estate,Sage 300 Construction and Real Estate,0,43232306
sage 50 accounting,Sage 50 Accounting,0,43231601|43232306|43232611
sage accounting,Sage Accounting,0,43232605
sage active planner,Sage Active Planner,0,43231602
sage businessworks,Sage BusinessWorks,0,43231601
sage construction anywhere,Sage Construction Anywhere,0,43231507
sage cpaaccounts payable,Sage CPAAccounts Payable,0,43231601
sage cpaaccounts receivable,Sage CPAAccounts Receivable,0,43231601
sage cpaclient checkbook,Sage CPAClient Checkbook,0,43231601
sage cpadocument manager,Sage CPADocument Manager,0,43232202
sage edp payroll tax,Sage EDP Payroll Tax,0,43232606
sage erp accpac,Sage ERP Accpac,0,43231602
sage fixed asset solution fas,Sage Fixed Asset Solution FAS,0,43231601
sage handisoft handiledger,Sage HandiSoft HandiLedger,0,43232606
sage hrms,Sage HRMS,0,43231505|43231605
sage mas 200 erp,Sage MAS 200 ERP,0,43231602
sage mas 500,Sage MAS 500,0,43231604
sage mas 90 erp,Sage MAS 90 ERP,0,43231602
sage medical manager,Sage Medical Manager,0,43231601
sage mip fund accounting,Sage MIP Fund Accounting,0,43231601
sage peachtree premium accounting for manufacturing,Sage Peachtree Premium Accounting for Manufacturing,0,43231601
sage platinum for windows pfw,Sage Platinum for Windows PFW,0,43231602
sage reference online,Sage Reference Online,0,43232309
sage saleslogix,Sage SalesLogix,0,43232303
sage simply accounting,Sage Simply Accounting,0,43231601
sage software sage50,Sage Software Sage50,0,43231601
sage timeslips,Sage Timeslips,0,43231605
sageworks profitcents,Sageworks ProfitCents,0,43231601
saic government services and it support,SAIC government services and IT support,0,43232608
saigun technologies empxtrack,Saigun Technologies EmpXtrack,0,43231505
sakai cle,Sakai CLE,0,43232502
salary.com,Salary.com,0,43232306
sale processing,Sale processing,0,43232611
sales,Sales,0,43232611
sales analysis,Sales analysis,0,43231604
sales automation,Sales Automation,0,43231514
sales force automation,Sales force automation,0,43232303
sales management,Sales management,0,43232611
sales processing,Sales processing,0,43232611
sales tax tools sales tax researcher,Sales Tax Tools Sales Tax Researcher,0,43231604
salesforce,Salesforce,1,43232303
salesforce marketing cloud,Salesforce Marketing Cloud,0,43232107
salesforce visualforce,Salesforce Visualforce,0,43232404
salesforce.com salesforce crm,Salesforce.com Salesforce CRM,0,43232303
salesinsync,SalesInSync,0,43232305
salford systems cart,Salford Systems CART,0,43232307
salford systems treenet,Salford Systems TreeNet,0,43232605
salix applied earthcare erosion draw,Salix Applied Earthcare Erosion Draw,0,43232605
samarind rms,Samarind RMS,0,43232606
samba,Samba,0,43233001
samepage studiocrm,SamePage StudioCRM,0,43232303
sampson data pattern index,Sampson Data Pattern Index,0,43231604
sand,SAND,0,43232304
sanders software consulting farmbooks,Sanders Software Consulting FarmBooks,0,43231601
saner software shrinkrapt,Saner Software ShrinkRapt,0,43232610
santa maria software counterman pro,Santa Maria Software Counterman Pro,0,43232611
saora keepoint,Saora Keepoint,0,43232306
sap,SAP,1,43231602
sap adaptive server enterprise,SAP Adaptive Server Enterprise,0,43232304|43232306
sap americas mysap erp human capital management hcm,SAP Americas mySAP ERP Human Capital Management HCM,0,43231605
sap apo,SAP APO,0,43232605
sap ariba,SAP Ariba,0,43231503
sap bex report designer,SAP BEx Report Designer,0,43232305
sap business and customer relations management,SAP business and customer relations management,0,43231602
sap business intelligence,SAP Business Intelligence,0,43232305
sap business objects,SAP Business Objects,0,43231602|43232305
sap business one,SAP Business One,0,43231602
sap businessobjects crystal reports,SAP BusinessObjects Crystal Reports,0,43232305
sap businessobjects data integrator,SAP BusinessObjects Data Integrator,0,43231602|43232403
sap businessobjects desktop intelligence,SAP BusinessObjects Desktop Intelligence,0,43232306
sap concur,SAP Concur,1,43231601
sap crystal reports,SAP Crystal Reports,0,43232305
sap crystal xcelsius,SAP Crystal Xcelsius,0,43232106
sap customs management,SAP Customs Management,0,43231507
sap dms,SAP DMS,0,43232202
sap ehs management,SAP EHS Management,0,43232606
sap erp,SAP ERP,1,43231602
sap erp financials,SAP ERP Financials,0,43231602
sap erp human capital management,SAP ERP Human Capital Management,0,43231505|43231602
sap erp operations,SAP ERP Operations,0,43231602
sap iq,SAP IQ,0,43232304
sap maintenance,SAP Maintenance,0,43231602
sap master data management mdm,SAP Master Data Management MDM,0,43232310
sap netweaver,SAP NetWeaver,0,43232403
sap netweaver bw,SAP NetWeaver BW,0,43232307|43232403
sap pos data management,SAP POS Data Management,0,43232611
sap powerbuilder,SAP PowerBuilder,0,43232405
sap powerdesigner,SAP PowerDesigner,0,43232310
sap replication server,SAP Replication Server,0,43232304
sap scm,SAP SCM,0,43231506
sap sybase sql anywhere,SAP Sybase SQL Anywhere,0,43232303
saperion ecm,Saperion ECM,0,43232202
sapro systems paymee,Sapro Systems Paymee,0,43231601
sas,SAS,1,43232605
sas data integration server,SAS Data Integration Server,0,43232310
sas data integration studio,SAS Data Integration Studio,0,43232403
sas enterprise miner,SAS Enterprise Miner,0,43232307
sas jmp,SAS JMP,0,43232605
sas/connect,SAS/CONNECT,0,43232403
sas/genetics,SAS/Genetics,0,43232605
sas/stat,SAS/STAT,0,43232605
satellite database,Satellite database,0,43232306
satellite image databases,Satellite image databases,0,43232306
satori group procube,Satori Group proCube,0,43231604
satori paint,Satori Paint,0,43232102
satscan,SaTScan,0,43232605
satview,SatView,0,43232605
savant mobileranger,Savant MobileRanger,0,43232306
savingface,SavingFace,0,43232102
savitr recruitx,Savitr RecruitX,0,43231505
sawhney execplan,Sawhney ExecPlan,0,43231604
sawtooth choice-base conjoint cbs,Sawtooth Choice-Base Conjoint CBS,0,43232605
sawtooth composite product mapping cpm,Sawtooth Composite Product Mapping CPM,0,43232605
sawtooth ssi web,Sawtooth SSI Web,0,43232112
sbc systems benefits workstation,SBC Systems Benefits Workstation,0,43231505
sbs international maestro suite,SBS International Maestro Suite,0,43232108
sbs keystroke,SBS Keystroke,0,43232611
scadex technologies maestro,Scadex Technologies MAESTRO,0,43232306
scala,Scala,1,43232405
scalable vector graphics svg,Scalable vector graphics SVG,0,43232402
scale origen-s point depletion and decay code,SCALE ORIGEN-S point depletion and decay code,0,43232605
scanlon associates logpak,Scanlon Associates LogPak,0,43232606
scanner imaging,Scanner imaging,0,43232102
scanning,Scanning,0,43232111
scansoft naturally speaking,ScanSoft Naturally Speaking,0,43233413
scansoft paperport pro,ScanSoft PaperPort Pro,0,43232202
scantron imaging,Scantron imaging,0,43232111
scantron technologies elisten,Scantron Technologies eListen,0,43232306
scc soft computer softa/r,SCC Soft Computer SoftA/R,0,43231601
scc soft computer softbank,SCC Soft Computer SoftBank,0,43232610
scc soft computer softdonor,SCC Soft Computer SoftDonor,0,43232610
scc soft computer softlab,SCC Soft Computer SoftLab,0,43232610
scc soft computer softpath,SCC Soft Computer SoftPath,0,43232610
scenarionow retirenow,ScenarioNow RetireNow,0,43231604
scheduleview,ScheduleVIEW,0,43232108
scheduling,Scheduling,0,43232108
scheduling databases,Scheduling databases,0,43232306
schematic capture,Schematic capture,0,43232604
schematic design entry,Schematic design entry,0,43232604
schematic editors,Schematic editors,0,43232604
scheme,Scheme,0,43232402
schlumberger eclipse,Schlumberger ECLIPSE,0,43232605
schlumberger geoframe,Schlumberger GeoFrame,0,43232605
schlumberger inside reality,Schlumberger Inside Reality,0,43232604
schlumberger petrel e&p,Schlumberger Petrel E&P,0,43232605
schlumberger pipesim,Schlumberger PIPESIM,0,43232605
schlumberger pvti,Schlumberger PVTi,0,43232605
schneider electric citectscada,Schneider Electric CitectSCADA,0,43232608
schneider electric direct coordination,Schneider Electric Direct Coordination,0,43232605
scholarcare,ScholarCare,0,43231602
school attendance keeper,School Attendance Keeper,0,43232306
schooldesx,SchoolDESX,0,43231602
schoology,Schoology,0,43232502
schuyler house schuylab,Schuyler House SchuyLab,0,43232610
science educational,Science educational,0,43232502
scientech safety monitor,Scientech Safety Monitor,0,43232605
scientech winnupra,Scientech WinNUPRA,0,43232605
scientific analysis,Scientific analysis,0,43232605
scientific learning fast forword,Scientific Learning Fast ForWord,0,43232502
scientific software group 3dfatmic,Scientific Software Group 3DFATMIC,0,43232604
scientific software group 3dfemfat,Scientific Software Group 3DFEMFAT,0,43232604
scientific software group aqua3d,Scientific Software Group AQUA3D,0,43232605
scientific software group aquadyn,Scientific Software Group AquaDyn,0,43232605
scientific software group aquasea,Scientific Software Group AQUASEA,0,43232605
scientific software group aquifer win32,Scientific Software Group Aquifer win32,0,43232605
scientific software group aquipack,Scientific Software Group AQUIPACK,0,43232605
scientific software group at123d,Scientific Software Group AT123D,0,43232605
scientific software group bio1d,Scientific Software Group BIO1D,0,43232605
scientific software group biof&t,Scientific Software Group BIOF&T,0,43232605
scientific software group bioslurp,Scientific Software Group BIOSLURP,0,43232605
scientific software group biotrends,Scientific Software Group BioTrends,0,43232605
scientific software group chasm,Scientific Software Group CHASM,0,43232605
scientific software group chemgraph,Scientific Software Group ChemGraph,0,43232306
scientific software group dtm,Scientific Software Group DTM,0,43233506
scientific software group enviro-base pro,Scientific Software Group Enviro-Base Pro,0,43232306
scientific software group enviroscape,Scientific Software Group EnviroScape,0,43232605
scientific software group evs,Scientific Software Group EVS,0,43232604
scientific software group feflow,Scientific Software Group FEFLOW,0,43232605
scientific software group filter drain fd,Scientific Software Group Filter Drain FD,0,43232605
scientific software group gflow,Scientific Software Group GFLOW,0,43232605
scientific software group hydrogeo analyst,Scientific Software Group HydroGeo Analyst,0,43232605
scientific software group hydrogeochem,Scientific Software Group HYDROGEOCHEM,0,43232605
scientific software group infinite extent,Scientific Software Group Infinite Extent,0,43232605
scientific software group mars 2-d/3-d,Scientific Software Group MARS 2-D/3-D,0,43232605
scientific software group miduss,Scientific Software Group MIDUSS,0,43232605
scientific software group migrate,Scientific Software Group MIGRATE,0,43232605
scientific software group minteqa2,Scientific Software Group MINTEQA2,0,43232605
scientific software group mocdense,Scientific Software Group MOCDENSE,0,43232605
scientific software group modflowt,Scientific Software Group MODFLOWT,0,43232605
scientific software group modpump,Scientific Software Group MODPUMP,0,43232605
scientific software group modret,Scientific Software Group MODRET,0,43232605
scientific software group modtech,Scientific Software Group ModTech,0,43232605
scientific software group mofat,Scientific Software Group MOFAT,0,43232605
scientific software group mohrview,Scientific Software Group MohrView,0,43232605
scientific software group mover,Scientific Software Group MOVER,0,43232605
scientific software group ms-vms,Scientific Software Group MS-VMS,0,43232605
scientific software group mt3d99,Scientific Software Group MT3D99,0,43232605
scientific software group oilvol,Scientific Software Group OILVOL,0,43232605
scientific software group pollute,Scientific Software Group POLLUTE,0,43232605
scientific software group qhm,Scientific Software Group QHM,0,43232605
scientific software group quicksoil,Scientific Software Group QuickSoil,0,43232605
scientific software group risc workbench,Scientific Software Group RISC WorkBench,0,43232605
scientific software group rmt,Scientific Software Group RMT,0,43233506
scientific software group sequence,Scientific Software Group SEQUENCE,0,43232605
scientific software group sesoil,Scientific Software Group SESOIL,0,43232605
scientific software group slaem/mlaem,Scientific Software Group SLAEM/MLAEM,0,43232605
scientific software group soil vapor extraction biosve,Scientific Software Group Soil Vapor Extraction BioSVE,0,43232605
scientific software group soilpara,Scientific Software Group SOILPARA,0,43232605
scientific software group solutrans,Scientific Software Group SOLUTRANS,0,43232605
scientific software group stepmaster,Scientific Software Group StepMaster,0,43232605
scientific software group surf,Scientific Software Group SURF,0,43233506
scientific software group svflux,Scientific Software Group SVFlux,0,43232605
scientific software group svheat,Scientific Software Group SVHeat,0,43232605
scientific software group tuflow,Scientific Software Group TUFLOW,0,43232605
scientific software group vam2d,Scientific Software Group VAM2D,0,43232605
scientific software group winflow,Scientific Software Group WinFlow,0,43232605
scientific software group wintran,Scientific Software Group WinTran,0,43232605
scientific software groupwhi unsat suite,Scientific Software GroupWHI UnSAT Suite,0,43232306
scientific software groupwinfence,Scientific Software GroupWinFence,0,43232605
scientific software international bilog-mg,Scientific Software International BILOG-MG,0,43232605
scientific software international hlm,Scientific Software International HLM,0,43232605
scientific software international lisrel,Scientific Software International LISREL,0,43232605
scientific software international multilog,Scientific Software International MULTILOG,0,43232605
scientific software international parscale,Scientific Software International PARSCALE,0,43232605
scientific software international ssi hierarchical linear and non-linear modeling hlm,Scientific Software International SSI Hierarchical Linear and Non-Linear Modeling HLM,0,43232605
scientific software international ssi lisrel,Scientific Software International SSI LISREL,0,43232605
scientific software international testfact,Scientific Software International TESTFACT,0,43232605
sciforma,Sciforma,0,43231507
scigraphica,SciGraphica,0,43232605
scikit-learn,Scikit-learn,0,43232402
scilab,SciLab,0,43232605
scipy,SciPy,0,43232405
sciquest pe turbochrom,SciQuest PE TurboChrom,0,43232605
scott systems maxxtraxx pro,Scott Systems MaxxTraxx Pro,0,43232603
screaming frog seo spider,Screaming Frog SEO Spider,0,43232408
screen magnification,Screen magnification,0,43233405
screen reader,Screen reader,0,43233405
screencast-o-matic,Screencast-O-Matic,0,43232103
screencastify,Screencastify,0,43232103
scribus,Scribus,0,43232112
scriptella,Scriptella,0,43232310
scripting,Scripting,0,43232104
scriptperfection power writer,ScriptPerfection Power Writer,0,43232104
sda survey,SDA Survey,0,43232605
sds software solutions daycare information systems pro,SDS Software Solutions DayCare Information Systems PRO,0,43231602
sea.ai offshore one,SEA.AI Offshore ONE,0,43233511
seacoast laboratory data systems surroundlab ar,Seacoast Laboratory Data Systems SurroundLab AR,0,43231601
seacoast laboratory data systems surroundlab plus,Seacoast Laboratory Data Systems SurroundLab Plus,0,43232610
seamonkey,SeaMonkey,0,43232107|43232705
search engine marketing sem,Search engine marketing SEM,0,43231514
search engine optimization seo,Search engine optimization SEO,0,43232314
search engine results pages serp,Search engine results pages SERP,0,43232306
searchable online catalogs,Searchable online catalogs,0,43232309
searchmetrics suite,Searchmetrics Suite,0,43232314
seasafe marine software seasafe,Seasafe Marine Software Seasafe,0,43232605
seasia consulting school wizard,Seasia Consulting School Wizard,0,43231602
seattle systems shapemaker,Seattle Systems Shapemaker,0,43232604
seaworthy systems shipboard automated maintenance management samm,Seaworthy Systems Shipboard Automated Maintenance Management SAMM,0,43232603
seco tools seco point,Seco Tools Seco Point,0,43231508
second foundation navimeat,Second Foundation NaviMeat,0,43231602
secure internet filtering,Secure internet filtering,0,43233205
secure shell ssh,Secure shell SSH,0,43232702
secure web gateway,Secure web gateway,0,43232912
securities analysis,Securities analysis,0,43231604
security assertion markup language saml,Security assertion markup language SAML,0,43232408
security incident management,Security incident management,0,43233203
security risk assessment,Security risk assessment,0,43233205
security testing,Security testing,0,43232406
sedcad,SEDCAD,0,43232604
seebyte seetrack,SeeByte SeeTrack,0,43232605
seeing machines facelab,Seeing Machines faceLAB,0,43232404
seerite flash and match,SeeRite Flash and Match,0,43232502
seesaw,Seesaw,0,43232505
segue silkperformer,Segue SilkPerformer,0,43232406
seimens healthineers,Seimens Healthineers,0,43232610
seismic interpretation,Seismic interpretation,0,43232605
seismic micro-technology kingdom,Seismic Micro-Technology KINGDOM,0,43232605
seismic visualization,Seismic visualization,0,43232605
selectica contract performance management,Selectica Contract Performance Management,0,43232306
selenium,Selenium,1,43232406
semc-2d,SEMC-2D,0,43232605
semichem ampac,Semichem AMPAC,0,43232605
semicron systems,Semicron Systems,0,43232611
semrush,Semrush,0,43232408
sendgrid,SendGrid,0,43233501
sendouts recruiting,Sendouts Recruiting,0,43231505
sensory computer systems sims,Sensory Computer Systems SIMS,0,43232605
sentai pinpoint,Sentai Pinpoint,0,43231508
sentient online marketprice,Sentient Online MarketPrice,0,43231505
sentryone sql sentry,SentryOne SQL Sentry,0,43232304
seoclarity,seoClarity,0,43232408
sequence database,Sequence database,0,43232306
sequentix treeme,SequentiX TreeMe,0,43232605
serenic navigator communitycare,Serenic Navigator CommunityCare,0,43232610
serenity software editor,Serenity Software Editor,0,43232104
serif drawplus,Serif DrawPlus,0,43232102
serif pageplus,Serif PagePlus,0,43232112
servicemax,ServiceMax,0,43232306
servicenow,ServiceNow,1,43232306
session initiation protocol sip,Session Initiation Protocol SIP,0,43232805
sgems,SGeMS,0,43232605
shafer service systems,Shafer Service Systems,0,43232306
shape,Shape,0,43232605
sharedplan software sharedplan pro,SharedPlan Software SharedPlan Pro,0,43231507
sharetech tabs plus,Sharetech Tabs Plus,0,43231605
sharpcam ltd. sharpcam,SharpCam Ltd. SharpCam,0,43232612
shell script,Shell script,1,43233004
shilstone seemix,Shilstone seeMIX,0,43232605
shiny,Shiny,0,43232405
shipconstructor,ShipConstructor,0,43232604
shipment processing,Shipment processing,0,43231515
shipnext,SHIPNEXT,0,43231506
shipping,Shipping,0,43231506
shipping and freight management,Shipping and freight management,0,43231506
shipping solutions,Shipping Solutions,0,43232606
shipworks,ShipWorks,0,43231506
shootq photography studio management,ShootQ photography studio management,0,43232306
shootzilla,ShootZilla,0,43232306
shop management,Shop management,0,43232603
shopify,Shopify,0,43232611
shoretel,ShoreTel,0,43232902
shortcuts software shortcuts spa,Shortcuts Software Shortcuts Spa,0,43232306
showing suite homefeedback,Showing Suite HomeFeedback,0,43232306
showing suite homefollowup,Showing Suite HomeFollowup,0,43232306
showing suite real estate,Showing Suite real estate,0,43232306
showing suite showing calendar,Showing Suite Showing Calendar,0,43232108
shrodinger jaguar,Shrodinger Jaguar,0,43232605
side effects houdini,Side Effects Houdini,0,43232103
side effects software houdini,Side Effects Software Houdini,0,43232102
sidefx houdini,SideFX Houdini,0,43232102
sidra intersection,SIDRA INTERSECTION,0,43232605
siemens apogee building automation,Siemens APOGEE Building Automation,0,43232608
siemens energy and automation,Siemens Energy and Automation,0,43232608
siemens hearing instruments practice navigator,Siemens Hearing Instruments Practice Navigator,0,43232610
siemens modelsim,Siemens ModelSim,0,43232605
siemens novius lab,Siemens NOVIUS Lab,0,43232610
siemens nx,Siemens NX,0,43232604|43232612
siemens patient identification check,Siemens Patient Identification Check,0,43232610
siemens plm,Siemens PLM,0,43232605
siemens power plant automation sppa,Siemens Power Plant Automation SPPA,0,43232608
siemens pss product suite,Siemens PSS Product Suite,0,43232605
siemens shelxtl,Siemens SHELXTL,0,43232605
siemens sienet sky,Siemens SIENET Sky,0,43232610
siemens simatic hmi,Siemens SIMATIC HMI,0,43232608
siemens simatic step 7,Siemens SIMATIC STEP 7,0,43232608
siemens simatic wincc,Siemens SIMATIC WinCC,0,43232608
siemens sinumerik cnc,Siemens SINUMERIK CNC,0,43232608
siemens soarian financials,Siemens Soarian Financials,0,43231601
siemens soarian scheduling,Siemens Soarian Scheduling,0,43232108
siemens solid edge,Siemens Solid Edge,0,43232604
siemens spectrum power tg,Siemens Spectrum Power TG,0,43232608
siemens spectrum powercc distribution management,Siemens Spectrum PowerCC Distribution Management,0,43232608
siemens teamcenter,Siemens Teamcenter,0,43231507
siemens teleperm,Siemens Teleperm,0,43232608
siemens ugs jack,Siemens UGS Jack,0,43232605
siemens ugs nx,Siemens UGS NX,0,43232604
sierra scientific software cris,Sierra Scientific Software CRIS,0,43232306
sigmatek sigmanest,SigmaTEK SigmaNEST,0,43232612
sigmetrix cetol 6 sigma,Sigmetrix CETOL 6 Sigma,0,43232605
sigmund software sigmund enterprise management,Sigmund Software Sigmund Enterprise Management,0,43232610
signal analysis,Signal analysis,0,43232605
signal detection,Signal detection,0,43232605
signal integrity simulation,Signal integrity simulation,0,43232605
signal synthesizers,Signal synthesizers,0,43232605
signcad systems signcad,SignCAD Systems SignCAD,0,43232604
signet nobeltec catch,Signet Nobeltec Catch,0,43233506
sil international the linguist's shoebox,SIL International The Linguist's Shoebox,0,43232605
silk road technology openhire,Silk Road technology OpenHire,0,43231505
silver peak,Silver Peak,0,43232802
silverbyte systems optima property management system pms,Silverbyte Systems Optima Property Management System PMS,0,43232603
sim4,sim4,0,43232605
simple api for xml sax,Simple API for XML SAX,0,43232405
simple directmedia layer sdl,Simple DirectMedia Layer SDL,0,43232402
simple mail transfer protocol smtp,Simple mail transfer protocol SMTP,0,43233004
simple model of the atmospheric radiative transfer of sunshine smarts,Simple Model of the Atmospheric Radiative Transfer of Sunshine SMARTS,0,43232605
simple network management protocol snmp,Simple network management protocol SNMP,0,43232804
simpleclinic practice management,SimpleClinic Practice Management,0,43232610
simplifi pixifi,Simplifi pixifi,0,43232306
simplifymd,simplifyMD,0,43232610
simply hearing software simply hearing oms,Simply Hearing Software Simply Hearing OMS,0,43232610
simply studio system,Simply Studio System,0,43232306
simsol for adjusters,Simsol for Adjusters,0,43231604
simulation,Simulation,0,43232605
simulation and modeling,Simulation and modeling,0,43232605
simulation of fires in enclosures sofie,Simulation of fires in enclosures SOFIE,0,43232605
simulation program with integrated circuit emphasis spice,Simulation program with integrated circuit emphasis SPICE,0,43232605
simultaneous location and mapping slam,Simultaneous location and mapping SLAM,0,43232605
simwindows,SimWindows,0,43232605
single sign-on sso,Single sign-on SSO,0,43233201
sirona sidexis xg,Sirona SIDEXIS XG,0,43232102
sirsidynix symphony,SirsiDynix Symphony,0,43232609
sirus gt construction accounting,Sirus GT Construction Accounting,0,43231601
sis semci partner,SIS SEMCI PARTNER,0,43231602
sisense prism,SiSense Prism,0,43232305
site manager,Site Manager,0,43232202
site mapping,Site mapping,0,43233506
site remediation management,Site remediation management,0,43232605|43232606
sitecomp survey,SiteComp Survey,0,43233506
sitecore cms,Sitecore CMS,0,43232201
sitemaster sitesmart,SiteMaster SiteSmart,0,43232306
situation resource tracking,Situation resource tracking,0,43233511
sk1,sK1,0,43232102
skencil,Skencil,0,43232102
skill fmea,SKILL FMEA,0,43232405
skillsoft skillport,SkillSoft SkillPort,0,43232502
skilltran job browser pro,SkillTRAN Job Browser Pro,0,43232306
skilltran oasys,SkillTRAN OASYS,0,43232306
skm systems analysis power tools,SKM Systems Analysis Power Tools,0,43232605
skylog services skylog pro,Skylog Services Skylog Pro,0,43232306
skype,Skype,0,43232702
skyscape 5-minute clinical consult,Skyscape 5-Minute Clinical Consult,0,43232610
skyscape anesthesiadrugs,Skyscape AnesthesiaDrugs,0,43232610
skyscape medical,Skyscape medical,0,43232309
skyscape rosen and barkin's 5-minute emergency medicine consult,Skyscape Rosen and Barkin's 5-Minute Emergency Medicine Consult,0,43232309
skyward school management system,Skyward School Management System,0,43231602
skywire software insbridge,Skywire Software InsBridge,0,43231602
skywire software policyware,Skywire Software Policyware,0,43231602
slack,Slack,1,43233513
sleep analysis,Sleep analysis,0,43232610
slido interaction,Slido interaction,0,43233503
small business computers of new england ap easy,Small Business Computers of New England AP Easy,0,43232610
smalltalk,Smalltalk,0,43232405
smart card management,Smart card management,0,43232611
smart data solutions rs solutions,Smart Data Solutions RS Solutions,0,43232306
smart digital holter monitor,Smart Digital Holter Monitor,0,43232610
smart equipment repair,Smart Equipment Repair,0,43232306
smart link corporation imtranslator,Smart Link Corporation ImTranslator,0,43232501
smart service management and route tracking,SMART service management and route tracking,0,43232306
smart solutions iep anywhere,Smart Solutions IEP Anywhere,0,43232306
smartbear software automated build studio,SmartBear Software Automated Build Studio,0,43232402
smartbear software automatedqa testcomplete,SmartBear Software AutomatedQA TestComplete,0,43232406
smartcamcnc smartcam,SmartCAMcnc SmartCAM,0,43232604|43232612
smartdraw,SmartDraw,0,43231518
smartdraw legal,SmartDraw Legal,0,43232102
smartdraw vp,SmartDraw VP,0,43232105
smartsheet,Smartsheet,0,43231507
smesource billingorchard,SMEsource BillingOrchard,0,43231607
smithmicro anime studio,SmithMicro Anime Studio,0,43232102
smithmicro manga studio,SmithMicro Manga Studio,0,43232102
smithmicro softwareposer,SmithMicro SoftwarePoser,0,43232102
smithsonian institution digital archives,Smithsonian Institution digital archives,0,43232309
sms valet,SMS Valet,0,43232611
smsi twister data integrator,SMSi Twister Data Integrator,0,43232403
smugmug flickr,SmugMug Flickr,0,43232102
snap survey,Snap Survey,0,43232306
snap-on shopkey,Snap-On ShopKey,0,43232603
snapchat,Snapchat,0,43233504
sneakers software dvmax practice,Sneakers Software DVMax Practice,0,43232610
sniffer investigator,Sniffer Investigator,0,43232801
snoino rcm pro,SNOINO RCM Pro,0,43232605
snoino ttree,SNOINO Ttree,0,43232605
snorasson holdings ccnow,Snorasson Holdings CCNow,0,43232611
snort,Snort,0,43232801
snowflake,Snowflake,1,43232307
snugg home snugg pro,Snugg Home Snugg Pro,0,43232605
soapware emr,SOAPware EMR,0,43232610
social computing tools,Social computing tools,0,43232107
social media,Social media,0,43232107
social media sites,Social media sites,0,43232107
social network analysis,Social network analysis,0,43232605
social networking,Social networking,0,43232107
social networking platforms,Social networking platforms,0,43232107
social solutions eto,Social Solutions ETO,0,43232306|43232610
social studies educational,Social studies educational,0,43232502
social work software clienttouch,Social Work Software ClientTouch,0,43232610
socorro scientific software refract2k,Socorro Scientific Software Refract2K,0,43232605
socrates contractor's library,Socrates Contractor's Library,0,43232104
soffront crm portal,Soffront CRM Portal,0,43232303
soft essentials vending essentials,Soft Essentials Vending Essentials,0,43232306
soft servo systems ladderworks plc,Soft Servo Systems LadderWorks PLC,0,43232608
soft trac microix timesheet,Soft Trac Microix Timesheet,0,43231605
softbrands fourth shift edition,SoftBrands Fourth Shift Edition,0,43231602
softcafe menupro,SoftCafe MenuPro,0,43232112
softcafe schedulewriter,SoftCafe ScheduleWriter,0,43231505
softcare centercare,SoftCare CenterCare,0,43231602
softchalk lessonbuilder,SoftChalk LessonBuilder,0,43232502
softech cadra,SofTech CADRA,0,43232604
softempire electrical calculations,SoftEmpire Electrical Calculations,0,43232605
softerware donorperfect,SofterWare DonorPerfect,0,43232303
softerware ez-care2,SofterWare EZ-CARE2,0,43231602
softice,SoftICE,0,43232605
softimage extreme,Softimage Extreme,0,43232102
softlab phedesign,SoftLab PHEdesign,0,43232605
softmed chartlocater,SoftMed ChartLocater,0,43232202
softmed chartrelease,SoftMed ChartRelease,0,43232305
softmed chartreserve,SoftMed ChartReserve,0,43232202
softpedia shopinvo,Softpedia ShopInvo,0,43232611
softphone,Softphone,0,43231501
softpro real estate closing and title,SoftPro real estate closing and title,0,43231507
softpsych psychiatric diagnosis,SoftPsych Psychiatric Diagnosis,0,43232610
softrail aei automatic yard tracking system,Softrail AEI Automatic Yard Tracking System,0,43232608
softrail aei rail & road manager,Softrail AEI Rail & Road Manager,0,43231508
softrax revenue management,Softrax Revenue Management,0,43231601
softree technical systems terrain tools,Softree Technical Systems Terrain Tools,0,43232306|43233506
softrip travel software system,Softrip Travel Software System,0,43232303
softrisk technologies softrisk sql,SoftRisk Technologies SoftRisk SQL,0,43232306
softsource cadview,SoftSource CADview,0,43232604
softstar costar cocomo ii,Softstar Costar COCOMO II,0,43231604
softtruck cargowiz,Softtruck CargoWiz,0,43231506
software ag enterprise,Software AG enterprise,0,43232305
software ag underwriting solution,Software AG Underwriting Solution,0,43231604
software as a service saas,Software as a service SaaS,0,43233513
software asset management sam,Software asset management SAM,0,43232306
software bisque ccdsoft,Software Bisque CCDSoft,0,43232605
software design associates computer fencing system cfs,Software Design Associates Computer Fencing System CFS,0,43231507
software development tools,Software development tools,0,43232402
software distribution,Software distribution,0,43232401
software distribution management,Software distribution management,0,43232804
software libraries,Software libraries,0,43232402
software motif myemr,Software Motif MyEMR,0,43232610
software on sailboats desktop sales manager,Software on Sailboats Desktop Sales Manager,0,43232303
software technology practicemaster,Software Technology PracticeMaster,0,43232303
software technology tabs3,Software Technology Tabs3,0,43231601
softworks global pesoftone,Softworks Global PESoftOne,0,43232502
softworx solutions chirowrite,Softworx Solutions ChiroWrite,0,43232610
softzymics visualenzymics,SoftZymics VisualEnzymics,0,43232605
soil information databases,Soil information databases,0,43232306
soil mapping,Soil mapping,0,43233506
soil survey geographic ssurgo,Soil Survey Geographic SSURGO,0,43232306
soilvision systems svgrainsize,SoilVision Systems SVGrainsize,0,43232605
soilvision systems svoffice,SoilVision Systems SVOFFICE,0,43232306
sokkia imap,Sokkia Imap,0,43233506
sokkia spectrum survey suite,Sokkia Spectrum Survey Suite,0,43232605
solar advisor model,Solar Advisor Model,0,43232605
solar analysis,Solar analysis,0,43232605
solar and wind energy resource assessment swera,Solar and Wind Energy Resource Assessment SWERA,0,43232605
solar-2,SOLAR-2,0,43232605
solarwinds,SolarWinds,0,43233206
solera audatex estimating,Solera Audatex Estimating,0,43231507
solidcam cam,SolidCAM CAM,0,43232604|43232612
solidcam imachining,SolidCAM iMachining,0,43232612
solidity,Solidity,0,43232402
solidthinking,solidThinking,0,43232604
solidworks cosmosworks,SolidWorks COSMOSWorks,0,43232604|43232605
solidworks enterprise pdm,SolidWorks Enterprise PDM,0,43231507
soltrace,SolTrace,0,43232605
solution specialties tracker,Solution Specialties TRACKER,0,43232306
solutions by design screenplay,Solutions by Design ScreenPlay,0,43232610
solutions technology & software hr premier,Solutions Technology & Software HR Premier,0,43231604
solvcalv,Solvcalv,0,43232605
somat edaq,Somat eDAQ,0,43232605
sona systems experiment management system,Sona Systems Experiment Management System,0,43231507
sonarqube,SonarQube,0,43232406
sonic studio audio,Sonic Studio audio,0,43232005
sonicwall sonicos enhanced,Sonicwall SonicOS Enhanced,0,43233203
sonoma wire works riffworks,Sonoma Wire Works RiffWorks,0,43232005
sony creative software vegas movie studio,Sony Creative Software Vegas Movie Studio,0,43232103
sony sound forge,Sony Sound Forge,0,43232005
sorenson media sorenson squeeze,Sorenson Media Sorenson Squeeze,0,43232103
sortation,Sortation,0,43232608
sound development,Sound development,0,43232103
sound pressure analysis equipment,Sound pressure analysis equipment,0,43232605
soundplan,SoundPLAN,0,43232605
source code editor,Source code editor,0,43232406
source code management scm,Source code management SCM,0,43232402
source code migration,Source code migration,0,43232402
sourcing simulator,Sourcing Simulator,0,43231503
southern data systems tellerpro,Southern Data Systems TellerPro,0,43231601
southwest research institute nasgro,Southwest Research Institute NASGRO,0,43232605
spa management,Spa management,0,43232306
spacy,spaCy,0,43232405
spaguru,SpaGuru,0,43232306
sparta systems trackwise,Sparta Systems TrackWise,0,43232606
spartatrac,SpartaTrac,0,43232610
spatial analysis and decision assistance sada,Spatial Analysis and Decision Assistance SADA,0,43232605
spatial decision support systems sdss,Spatial decision support systems SDSS,0,43233506
spaw,SPAW,0,43232605
special agent,Special Agent,0,43231602
special education educational,Special education educational,0,43232502
special education student information system sesis,Special Education Student Information System SESIS,0,43232306
specialist data solutions octoplus,Specialist Data Solutions OctoPlus,0,43232610
specialized business solutions keystroke pos,Specialized Business Solutions Keystroke POS,0,43232611
specialized data systems school office,Specialized Data Systems School Office,0,43231602
specialized data systems ultra farm,Specialized Data Systems Ultra Farm,0,43231601
specification,Specification,0,43232104
specimen labeling system,Specimen labeling system,0,43231510
specimen tracking,Specimen tracking,0,43232610
specsintact,SpecsInTact,0,43231507
spectral dynamics star,Spectral Dynamics STAR,0,43232605
spectral dynamics star acoustics,Spectral Dynamics Star Acoustics,0,43232605
spectral dynamics star modal,Spectral Dynamics Star Modal,0,43232605
spectramedi easyflow,SpectraMedi EasyFlow,0,43232610
spectraquest,SpectraQuest,0,43232604
spectrasoft appointmentscs,SpectraSoft AppointmentsCS,0,43232108
spectrasoft appointmentspro,SpectraSoft AppointmentsPRO,0,43232108
spectrasoft docupro,SpectraSoft DocuPRO,0,43232610
spectrophotometer analysis,Spectrophotometer analysis,0,43232605
spectroscopy,Spectroscopy,0,43232605
spectroscopy databases,Spectroscopy databases,0,43232306
spectrum k12 school solutions encore,Spectrum K12 School Solutions Encore,0,43232306
spectrum software micro-cap,Spectrum Software Micro-Cap,0,43232605
sped forms,SpED Forms,0,43232306
speech analysis,Speech analysis,0,43232605
speech recognition,Speech recognition,0,43233413
speediware speedeeo,Speediware SpeedEEO,0,43231505
speedtype,SpeedType,0,43232104
speedup trans,SpeedUp Trans,0,43232104
spellex accucount,Spellex AccuCount,0,43232503
spelling and grammar checking,Spelling and grammar checking,0,43232503
spillman technologies records management,Spillman Technologies Records Management,0,43232306
spillman technologies spillman computer-aided dispatch,Spillman Technologies Spillman Computer-Aided Dispatch,0,43231501
spiritworks software development rental property tracker plus,SpiritWorks Software Development Rental Property Tracker Plus,0,43232306
splat!,SPLAT!,0,43232605
splunk enterprise,Splunk Enterprise,1,43232806|43233701
splutterfish brazil,SplutterFish Brazil,0,43232102
spmlab,SPMLab,0,43232605
sportsoft equipment manager,SportSoft Equipment Manager,0,43231508
spreadsheet,Spreadsheet,0,43232110
spreadsheet applications,Spreadsheet applications,0,43232110
spreadsheet programs,Spreadsheet programs,0,43232110
spreadware business financial analysis,Spreadware Business Financial Analysis,0,43231604
spreadware business valuator,Spreadware Business Valuator,0,43231604
spreadware pro forma,Spreadware Pro Forma,0,43231604
spring boot,Spring Boot,1,43232701
spring framework,Spring Framework,1,43232408
springshare libguides,Springshare LibGuides,0,43232408
sprut technology sprutcam,Sprut Technology SprutCAM,0,43232612
spx/otc genisys connectech pc,SPX/OTC Genisys ConnecTech PC,0,43232605
sqlite,SQLite,0,43232304
square,Square,0,43232611
squeegee,Squeegee,0,43233513
src cash flow analyzer pro,SRC Cash Flow Analyzer Pro,0,43231604
src cash flow forecasting,SRC Cash Flow Forecasting,0,43231601
srssoft srs ehr,SRSsoft SRS EHR,0,43232610
ss&c pts,SS&C PTS,0,43231604
ss&c technologies skyline property management,SS&C Technologies Skyline Property Management,0,43232306
ssa global bpcs,SSA Global BPCS,0,43231602
ssa global infinium financial management,SSA Global Infinium Financial Management,0,43231602
ssa global supply chain management,SSA Global Supply Chain Management,0,43231506
ssa global warehouse management system wms,SSA Global Warehouse Management System WMS,0,43231506
sst development group sstoolbox,SST Development Group SSToolbox,0,43232605
sst development group stratus,SST Development Group Stratus,0,43232306
st. paul travelers e-carma,St. Paul Travelers e-CARMA,0,43232306
stac software reachout,Stac Software ReachOut,0,43232702
stack smashing protection ssp,Stack smashing protection SSP,0,43233205
staff scheduling,Staff scheduling,0,43232108
staffing solutions enterprises staff matrix,Staffing Solutions Enterprises Staff Matrix,0,43231505
staffingsoft staffing edition,StaffingSoft Staffing Edition,0,43231505
stamps.com,Stamps.com,0,43232306
standard & poor's capital iq compustat,Standard & Poor's Capital IQ Compustat,0,43232309
standard generalized markup language sgml,Standard generalized markup language SGML,0,43232402
standard installation and division personnel reporting system sidpers,Standard Installation and Division Personnel Reporting System SIDPERS,0,43231505
standardized general markup language sgml,Standardized general markup language SGML,0,43232402
standpipe studios vertabase,Standpipe Studios Vertabase,0,43231507
stanford business software minos,Stanford Business Software MINOS,0,43232605
stanford business software snopt,Stanford Business Software SNOPT,0,43232605
star software fixed asset depreciation,Star Software Fixed Asset Depreciation,0,43231604
star software materiality calculator,Star Software Materiality Calculator,0,43231604
star tec software hercules export,Star Tec Software Hercules Export,0,43231506
starcal,Starcal,0,43232605
stardata,StarData,0,43232605
starkey laboratories prohear,Starkey Laboratories ProHear,0,43232610
starlims,STARLIMS,0,43232605|43232610
starpint software super slug,Starpint Software Super Slug,0,43232605
starre enterprises star bill of lading,Starre Enterprises Star Bill of Lading,0,43231506
startingaclothingline.com digital fashion pro,StartingAClothingLine.com Digital Fashion Pro,0,43232604
stat! systems qd clinical,STAT! Systems QD Clinical,0,43232610
stat-ease design-ease,Stat-Ease Design-Ease,0,43232605
stat-ease design-expert,Stat-Ease Design-Expert,0,43232605
statacorp stata,StataCorp Stata,0,43232605
statcoder.com stat e&m coder,StatCoder.com STAT E&M Coder,0,43232610
statcom patient flow logistics enterprise suite,StatCom Patient Flow Logistics Enterprise Suite,0,43232610
state crime information databases,State crime information databases,0,43232306
state diagram,State diagram,0,43232604
state soil geographic statsgo database,State Soil Geographic STATSGO Database,0,43232306
statgraphics,Statgraphics,0,43232605
static analysis,Static analysis,0,43232406
static free software electric vlsi design system,Static Free Software Electric VLSI Design System,0,43232604
static strength prediction,Static strength prediction,0,43232605
statistica,STATISTICA,0,43232605
statistical,Statistical,0,43232605
statistical analysis,Statistical analysis,0,43232605
statistical energy analysis sea,Statistical energy analysis SEA,0,43232605
statistical process control spc,Statistical process control SPC,0,43232608
statistical process control spc data collection devices,Statistical process control SPC data collection devices,0,43232608
statistical processing,Statistical processing,0,43232605
statistical solutions bmdp,Statistical Solutions BMDP,0,43232605
statistical solutions solas,Statistical Solutions SOLAS,0,43232605
statistics,Statistics,0,43232605
statistics databases,Statistics databases,0,43232306
statpac,StatPac,0,43232605
statpoint statgraphics centurion,StatPoint STATGRAPHICS Centurion,0,43232605
statpoint statgraphics plus,StatPoint StatGraphics Plus,0,43232102
steam system tool suite,Steam System Tool Suite,0,43232605
steele mutual fund and variable annuity expert,Steele Mutual Fund and Variable Annuity Expert,0,43231604
steinberg cubase pro,Steinberg Cubase Pro,0,43232005
stellar processes ez sim,Stellar Processes EZ Sim,0,43232605
stenco technologies farm trends,Stenco Technologies Farm Trends,0,43232306
stenograph case catalyst,Stenograph Case CATalyst,0,43232104
stenovations digital cat,Stenovations Digital CAT,0,43232104
stereolithography sla rapid prototyping systems,Stereolithography SLA rapid prototyping systems,0,43232612
steroplotter,Steroplotter,0,43232102
stewart computational chemistry mopac,Stewart Computational Chemistry MOPAC,0,43232605
sti computer services chartmaker,STI Computer Services ChartMaker,0,43232610
stochastic modeling,Stochastic modeling,0,43232605
storage area network san,Storage area network SAN,0,43232907
storage management,Storage management,0,43232907|43233415
storm music studio,Storm Music Studio,0,43232005
stormdance catscradle,Stormdance CatsCradle,0,43232501
stormwater hydrology,Stormwater hydrology,0,43232604
stormwater runoff modeling,Stormwater runoff modeling,0,43232605
storymind storyweaver,Storymind StoryWeaver,0,43232104
strainsim,StrainSim,0,43232605
strand7,Strand7,0,43232605
strat-tech deer hunting expert,Strat-Tech Deer Hunting Expert,0,43232605
stratacare strataware ereview,StrataCare StrataWare eReview,0,43231511
stratasys fdm medmodeler,Stratasys FDM MedModeler,0,43232605
strategic bcp resilienceone,Strategic BCP ResilienceONE,0,43231602
strategic business systems proof of delivery,Strategic Business Systems Proof of Delivery,0,43231506
strategic reporting systems reportsmith,Strategic Reporting Systems ReportSmith,0,43232305
stratford group inmass/mrp,Stratford Group INMASS/MRP,0,43231506
stratitec timeips,Stratitec TimeIPS,0,43232606
street address databases,Street address databases,0,43232306
stress analysis,Stress analysis,0,43232605
stress testing,Stress testing,0,43232406
striker systems ss-die design,Striker Systems SS-Die Design,0,43232604
striker systems ss-draw form,Striker Systems SS-Draw Form,0,43232604
striker systems ss-profile,Striker Systems SS-Profile,0,43232612
striker systems ss-punch,Striker Systems SS-Punch,0,43232612
striker systems ss-strip design,Striker Systems SS-Strip Design,0,43232604
string oriented symbolic language snobol,String oriented symbolic language SNOBOL,0,43232402
stromberg enterprise,Stromberg Enterprise,0,43231605
strong concepts teapac,Strong Concepts TEAPAC,0,43232605
stroud & associates employee benefits administration system,Stroud & Associates Employee Benefits Administration System,0,43231505
structural dynamics strucad*3d,Structural Dynamics StruCAD*3D,0,43232604
structure prediction,Structure prediction,0,43232605
structure query language sql,Structure query language SQL,0,43232306
structured data entry,Structured data entry,0,43232306
structured query language sql,Structured query language SQL,1,43232306
structured query report sqr,Structured Query Report SQR,0,43232304
student and exchange visitor information system sevis,Student and Exchange Visitor Information System SEVIS,0,43232306
student information systems sis,Student information systems SIS,0,43232306
student record,Student record,0,43232306
studio of analytical models stanmod,Studio of Analytical Models STANMOD,0,43232605
studiocloud,StudioCloud,0,43232306
studioplus spectra,StudioPlus Spectra,0,43232306
studymanager sponsor edition,StudyManager Sponsor Edition,0,43232306
style guide databases,Style guide databases,0,43232306
stylite egroupware,Stylite eGroupWare,0,43231507
substance flow analysis stan,Substance Flow Analysis STAN,0,43232605
substation automation system,Substation automation system,0,43232608
substation monitoring system,Substation monitoring system,0,43232608
successware service management,SuccessWare service management,0,43232306
suddenly smart smartbuilder,Suddenly Smart SmartBuilder,0,43232502
sugar crm,Sugar CRM,0,43232303
sugarcrm sugar ux,SugarCRM Sugar UX,0,43232303
sugarsync,SugarSync,0,43233415
summary systems fleet commander,Summary Systems Fleet Commander,0,43231506
summation blaze,Summation Blaze,0,43232202
summit ordering systems rvinvoicewriter,Summit Ordering Systems RvInvoiceWriter,0,43232611
summit software carepoint,Summit Software CarePoint,0,43232610
summit software summit biofuels accounting,Summit Software Summit Biofuels Accounting,0,43231601
sumquest,SumQuest,0,43232605
sumtime software sumtime,SumTime Software SumTime,0,43232610
sumtotal systems toolbook,SumTotal Systems ToolBook,0,43232502
sumtotal systems totallms,SumTotal Systems TotalLMS,0,43232502
sun microsystems cobalt,Sun Microsystems Cobalt,0,43232102
sun microsystems java,Sun Microsystems Java,0,43232405
sun microsystems java persistence api,Sun Microsystems Java Persistence API,0,43232405
sun microsystems java servlet api,Sun Microsystems Java Servlet API,0,43232405
sun microsystems sun one,Sun Microsystems Sun ONE,0,43232313
sun nuclear mapcheck,Sun Nuclear MapCHECK,0,43232610
sunflow render system,Sunflow Render System,0,43232102
sungard assurance,Sungard Assurance,0,43231602
sungard bancware,SunGard BancWare,0,43231604
sungard financial systems addvantage,SunGard Financial Systems AddVantage,0,43231604
sungard frontier,SunGard Frontier,0,43231604
sungard higher education banner financial aid,SunGard Higher Education Banner Financial Aid,0,43232306
sungard higher education banner unified digital campus,SunGard Higher Education Banner Unified Digital Campus,0,43231602
sungard higher education powerfaids,Sungard Higher Education PowerFAIDS,0,43232306
sungard kiodex risk workbench,SunGard Kiodex Risk Workbench,0,43231604
sungard lockbox,SunGard LockBox,0,43232202
sungard microhedge,SunGard MicroHedge,0,43231604
sungard notifind,SunGard NotiFind,0,43233002
sungard pentamation iepplus,SunGard Pentamation IEPplus,0,43232306
sungard planningstation,SunGard PlanningStation,0,43231604
sungard public sector ifas,SunGard Public Sector IFAS,0,43231602
sungard relius,Sungard Relius,0,43231604
sungard webplaid,SunGard WebPlaid,0,43231604
sunquest information systems sunquest clinical financials,Sunquest Information Systems Sunquest Clinical Financials,0,43231601
sunquest information systems sunquest collection manager,Sunquest Information Systems Sunquest Collection Manager,0,43232610
sunquest information systems sunquest copathplus,Sunquest Information Systems Sunquest CoPathPlus,0,43232610
sunquest information systems sunquest laboratory,Sunquest Information Systems Sunquest Laboratory,0,43232610
sunquest information systems sunquest transfusion manager,Sunquest Information Systems Sunquest Transfusion Manager,0,43232610
sunrise software cropsave,Sunrise Software CropSave,0,43232605
superanova,SuperANOVA,0,43232605
supervisory control and data acquisition scada,Supervisory control and data acquisition SCADA,0,43232608
supply chain capacity planning,Supply chain capacity planning,0,43231506
supply chain event management,Supply chain event management,0,43231506
supply documentation,Supply documentation,0,43232610
supply inventory,Supply inventory,0,43231508
supply ordering,Supply ordering,0,43231503
supply system,Supply system,0,43231508
suprem,SUPREM,0,43232605
sure will writer,Sure Will Writer,0,43232112
surequest systems square 1,SureQuest Systems Square 1,0,43232610
surface iii,Surface III,0,43233506
surface modeling,Surface modeling,0,43232605
surface water modeling system sms,Surface water modeling system SMS,0,43232605
surfdriver software winsurf,SURFDriver Software WinSURF,0,43232605
surgery workflow communication,Surgery workflow communication,0,43232610
surpass management system,Surpass management system,0,43232609
survey,Survey,0,43232605
survey sense,Survey Sense,0,43231505
surveywiz,SurveyWiz,0,43232107
sustain justice edition,SUSTAIN Justice Edition,0,43232306
sustainable management approaches and revitalization tools smarte,Sustainable Management Approaches and Revitalization Tools SMARTe,0,43232605
svartracker,SVArTracker,0,43232005
svrplot,SVRPLOT,0,43232605
swan river estimiser pro,Swan River Estimiser Pro,0,43232605
swan river software estimiser pro,Swan River Software Estimiser Pro,0,43231507
swarmala,SwarMala,0,43232005
sweep analysis,Sweep analysis,0,43232605
sweetware nutracoster,SweetWARE nutraCoster,0,43232605
sweetware nutracoster professional,SweetWARE nutraCoster Professional,0,43232605
sweetware smallpics,SweetWARE SmallPICS,0,43231602
sweetware stockcoster,SweetWARE stockCoster,0,43231508
swift,Swift,1,43232405
swisslog warehousemanager,Swisslog WarehouseManager,0,43231506
switch,Switch,0,43232908
swivel,SWIVEL,0,43231506
sword achiever compliance portal dashboard,Sword Achiever Compliance Portal Dashboard,0,43232606
syberworks training center,SyberWorks Training Center,0,43232502
syborg systems microtec,Syborg Systems MicroTec,0,43232605
sycle practice management,Sycle practice management,0,43232610
sylvan software complete medical pharmaceutical spell checker,Sylvan Software Complete Medical Pharmaceutical Spell Checker,0,43232503
sylvan software dropchute pro,Sylvan Software DropChute Pro,0,43232702
sylvan software shortcut,Sylvan Software ShortCut,0,43232104
symantec altiris deployment solution,Symantec Altiris Deployment Solution,0,43232401
symantec blue coat data loss prevention,Symantec Blue Coat Data Loss Prevention,0,43232801
symantec endpoint protection,Symantec Endpoint Protection,0,43233205
symantec ghost solution suite,Symantec Ghost Solution Suite,0,43233007
symantec intruder alert,Symantec Intruder Alert,0,43232801
symantec livestate,Symantec LiveState,0,43233415
symantec norton utilities,Symantec Norton Utilities,0,43233001
symantec pcanywhere,Symantec pcAnywhere,0,43232702
symantec pgp,Symantec PGP,0,43233204
symantec veritas file system,Symantec Veritas File System,0,43233001
symantec veritas netbackup,Symantec Veritas NetBackup,0,43233415
symantec veritas volume manager,Symantec Veritas Volume Manager,0,43233001
symantec visual cafe,Symantec Visual Cafe,0,43232402
symark powerbroker,Symark PowerBroker,0,43232901
symbolic debugger,Symbolic debugger,0,43232406
symetric sciences symetric,SyMetric Sciences SyMetric,0,43232306
symmetrica,Symmetrica,0,43232605
symphony gold,Symphony GOLD,0,43231506
synamed emr,SynaMed EMR,0,43232610
synapse adaptive connect outloud,Synapse Adaptive Connect Outloud,0,43232705
synapse outspoken,Synapse outSPOKEN,0,43233405
synaptec lawbase case management,Synaptec LawBase Case Management,0,43232306
sync essentials trade accountant,Sync Essentials Trade Accountant,0,43231604
syndiag,SynDiag,0,43232610
synergistic office solutions sos case manager,Synergistic Office Solutions SOS Case Manager,0,43232610
synergy international systems synergy casetrack,Synergy International Systems Synergy CaseTrack,0,43232306
synergy software kaleidagraph,Synergy Software KaleidaGraph,0,43232605
synopsys design compiler,Synopsys Design Compiler,0,43232605
synopsys electronic design,Synopsys electronic design,0,43232605
synopsys hercules,Synopsys Hercules,0,43232605
synopsys hsim,Synopsys HSIM,0,43232605
synopsys hspice,Synopsys HSPICE,0,43232605
synopsys primetime,Synopsys PrimeTime,0,43232605
synopsys saber,Synopsys Saber,0,43232605
synopsys taurus medici,Synopsys Taurus Medici,0,43232605
synopsys tetramax atpg,Synopsys TetraMax ATPG,0,43232605
synplicity synplify,Synplicity Synplify,0,43232605
syntactically awesome style sheets sass,Syntactically awesome style sheets SASS,0,43232408
syntec systems insight,Syntec Systems Insight,0,43232306
synthematix structuresearch,Synthematix StructureSearch,0,43232605
syscon court clerk,Syscon Court Clerk,0,43231507
syspro business,SYSPRO business,0,43231602
systat,SYSTAT,0,43232605
systat software lisa.lims,Systat Software LISA.lims,0,43232605
systat software sigmaplot,Systat Software SigmaPlot,0,43232605
systat software sigmastat,Systat Software SigmaStat,0,43232605
systat software tablecurve,Systat Software TableCurve,0,43232605
system and data disaster recovery,System and data disaster recovery,0,43233415
system for electronic rate and form filing serff,System for Electronic Rate and Form Filing SERFF,0,43232606
system innovators,System Innovators,0,43232611
system testing,System testing,0,43232406
system3 pos,System3 POS,0,43232611
systems analysis programs for hands on integrated reliability evaluation software saphire,Systems analysis programs for hands on integrated reliability evaluation software SAPHIRE,0,43232605
systems and application deployment and migration,Systems and application deployment and migration,0,43232401
systems and applications migration,Systems and applications migration,0,43232402
systems and data disaster recovery,Systems and data disaster recovery,0,43233415
systems integration,Systems integration,0,43232403
systems union group mis decisionware,Systems Union Group MIS DecisionWare,0,43231604
systemverilog,SystemVerilog,0,43232402
systemware,Systemware,0,43232202
tabit,TabIt,0,43232005
tableau,Tableau,1,43232314
tabledit,TablEdit,0,43232005
tablet application,Tablet application,0,43233508
tabs3 practicemaster,Tabs3 PracticeMaster,0,43232306
tactile graphic production kits,Tactile graphic production kits,0,43232101
tadpoles,Tadpoles,0,43232702
tailor master,Tailor Master,0,43232303
tailwind management systems tailwind,Tailwind Management Systems Tailwind,0,43231506
take solutions pharmaready document management system,Take Solutions PharmaReady Document Management System,0,43232202
talend big data integration,Talend Big Data Integration,0,43232304
talend data fabric,Talend Data Fabric,0,43232310
talend open studio,Talend Open Studio,0,43232403
talendforge,TalendForge,0,43232304
talent technology hiredesk,Talent Technology HireDesk,0,43231505
talent technology resume mirror,Talent Technology Resume Mirror,0,43231505
talent technology talemetry,Talent Technology Talemetry,0,43231505
talenthook,TalentHook,0,43231505
talisma knowledgebase,Talisma Knowledgebase,0,43232306
tangible media group luminous table,Tangible Media Group Luminous Table,0,43232604
tangier sky scheduler view,Tangier Sky Scheduler View,0,43232306
tangle s creations your insurance office,Tangle S Creations Your Insurance Office,0,43232303
tanium,Tanium,0,43233701
tanks,TANKS,0,43232605
tanner eda l-edit,Tanner EDA L-Edit,0,43232604
tanner eda t-spice,Tanner EDA T-SPICE,0,43232605
tanner research l-edit,Tanner Research L-Edit,0,43232604
tape backup system,Tape backup system,0,43233415
taplogic farmlogic,TapLogic FarmLogic,0,43232306
taproot,TapRooT,0,43232605
tariff databases,Tariff databases,0,43232306
task analysis,Task analysis,0,43232605
taskjuggler,TaskJuggler,0,43231507
tatukgis editor,TatukGIS Editor,0,43232510
tave studio manager,Tave Studio Manager,0,43232306
tax,Tax,0,43231601|43231603
tax accounting,Tax accounting,0,43231603
tax compliance property tax management,Tax compliance property tax management,0,43232606
tax planning,Tax planning,0,43231603|43231604
tcg technologies i-cam,TCG Technologies i-CAM,0,43232306
tci xml credit interface,TCI XML Credit Interface,0,43232309
tcpdump,Tcpdump,0,43232801
tcs hotel software guest tracker,TCS Hotel Software Guest Tracker,0,43232603
team engineering femap,TEAM Engineering FEMAP,0,43232605
teamdynamixhe,TeamDynamixHE,0,43231507
tebis computer aided design,Tebis computer aided design,0,43232612
techbase,TECHBASE,0,43232605
techexcel servicewise,TechExcel ServiceWise,0,43232303
techhackers convertible bond @nalyst,TechHackers Convertible Bond @nalyst,0,43231604
techhackers credit @nalyst,TechHackers Credit @nalyst,0,43231604
techhackers exotic @nalyst,TechHackers Exotic @nalyst,0,43231604
techhackers financial @nalyst,TechHackers Financial @nalyst,0,43231604
techhackers iro @nalyst,TechHackers IRO @nalyst,0,43231604
techhackers mbs @nalyst,TechHackers MBS @nalyst,0,43231604
techhackers swap @nalyst,TechHackers Swap @nalyst,0,43231604
technical data management system tdms,Technical Data Management System TDMS,0,43232202
technical manual database,Technical manual database,0,43232309
technical perspectives class iep program,Technical Perspectives CLASS IEP Program,0,43232306
technicost los,Technicost LOS,0,43231604
techniques.org knowledgeworks lms,techniques.org knowledgeWorks LMS,0,43232502
technis betaplus,Technis BETAPLUS,0,43232605
technology group international enterprise 21 erp,Technology Group International Enterprise 21 ERP,0,43231602
technomedia hodes iq,Technomedia Hodes iQ,0,43231505
technos astra r-nesting,Technos Astra R-Nesting,0,43232612
technos astra s-nesting,Technos Astra S-Nesting,0,43232612
technovation software immigrationpro,Technovation Software ImmigrationPro,0,43232202
techonsoftware hazmatce pro,TechOnSoftware HazMatCE Pro,0,43232309
techsia techlog,Techsia Techlog,0,43232605
techsmith camtasia,TechSmith Camtasia,0,43232103
techsmith morae,TechSmith Morae,0,43232406
techsmith snagit,TechSmith Snagit,0,43232102
tecplot,Tecplot,0,43232605
tecplot focus,Tecplot Focus,0,43232605
tecsys eliteseries,TECSYS EliteSeries,0,43231506
tecsys pointforce enterprise,TECSYS PointForce Enterprise,0,43231506
tekla,Tekla,0,43232604
teknik segala osi plant information pi system,Teknik Segala OSI Plant Information PI System,0,43232608
teksoft camworks,TekSoft CAMWorks,0,43232612
tektronix ez-test,Tektronix EZ-TEST,0,43232605
telania eleap learning management system lms/lcms,Telania eLeaP Learning Management System LMS/LCMS,0,43232502
telcor billing information system,TELCOR Billing Information System,0,43231607
teleconferencing,Teleconferencing,0,43233502
teledyne caris,TELEDYNE CARIS,0,43233506
teledyne odom hydrographic odom echart,Teledyne Odom Hydrographic ODOM eChart,0,43232306
telelogic system architect,Telelogic System Architect,0,43232605
telemation e-crm,Telemation e-CRM,0,43232303
telemetry,Telemetry,0,43232610
teleo practice services the complete practitioner,Teleo Practice Services The Complete Practitioner,0,43232610
telephone analysis,Telephone analysis,0,43232605
telephone records,Telephone records,0,43232306
telephone triage,Telephone triage,0,43232610
telephony,Telephony,0,43232805
teleradiology systems,Teleradiology systems,0,43232610
teletracking preadmit-tracking,TeleTracking PreAdmit-Tracking,0,43231506
telluride software classic trak-it,Telluride Software Classic Trak-It,0,43231507
telnet programs,Telnet programs,0,43232911
telogis geobase,Telogis GeoBase,0,43233506
telvent dtn prophetx,Telvent DTN ProphetX,0,43231604
telvent responder outage management system oms,Telvent Responder Outage Management System OMS,0,43232608
template design,Template design,0,43232604
tempworks recruiting and staffing,TempWorks recruiting and staffing,0,43231505
tenable nessus,Tenable Nessus,0,43233205|43233206
tenrox project workforce management,Tenrox Project Workforce Management,0,43231507
tension technology international optimoor,Tension Technology International OPTIMOOR,0,43232605
tensorflow,TensorFlow,1,43232605
teradata,Teradata,0,43232306
teradata active enterprise data warehouse,Teradata Active Enterprise Data Warehouse,0,43232306
teradata bteq,Teradata BTEQ,0,43232306
teradata database,Teradata Database,1,43232304
teradata fastexport,Teradata FastExport,0,43232202
teradata fastload,Teradata FastLoad,0,43232307
teradata parallel transporter,Teradata Parallel Transporter,0,43232307
teradata tpump,Teradata Tpump,0,43232307
terminal emulation,Terminal emulation,0,43232911
terrace consulting agencyinsight,Terrace Consulting AgencyInsight,0,43231602
terrain surface mapping,Terrain surface mapping,0,43233506
terrasciences terrastation,TERRASCIENCES TerraStation,0,43232605
terraseer clusterseer,TerraSeer ClusterSeer,0,43232605
terrasolid terrascan,Terrasolid TerraScan,0,43232605
tesseract benefits manager,Tesseract Benefits Manager,0,43231505
tesseract human resources manager,Tesseract Human Resources Manager,0,43231505
tessitura network tessitura,Tessitura Network Tessitura,0,43231602
test automation,Test automation,0,43232605
test data generator,Test data generator,0,43232605
test design,Test design,0,43232406
test implementation,Test implementation,0,43232406
test interpretation,Test interpretation,0,43232605
test result delivery,Test result delivery,0,43232610
test routing,Test routing,0,43232610
test scoring,Test scoring,0,43232111
testing,Testing,0,43232605
testng,TestNG,0,43232406
tetrahex fractal finance,Tetrahex Fractal Finance,0,43231604
texas instruments code composer studio ccstudio,Texas Instruments Code Composer Studio CCStudio,0,43232402
texas medical software springcharts emr,Texas Medical Software SpringCharts EMR,0,43232610
texas transportation institute tti progression analysis and signal system evaluation routine passer,Texas Transportation Institute TTI Progression Analysis and Signal System Evaluation Routine PASSER,0,43232605
text mining,Text mining,0,43232307
text reader,Text reader,0,43232502
text scanning,Text scanning,0,43232111
text to speech,Text to speech,0,43232502|43233420
textco biosoftware gene inspector,Textco BioSoftware Gene Inspector,0,43232605
textile management systems rollmaster,Textile Management Systems RollMaster,0,43232306
textron systems geospatial solutions remoteview,Textron Systems Geospatial Solutions RemoteView,0,43232605
the associated press enps,The Associated Press ENPS,0,43232103
the cad zone the crime zone,The CAD Zone The Crime Zone,0,43232102
the foundry nuke,The Foundry Nuke,0,43232103
the gallagher group datacare,The Gallagher Group DataCare,0,43231602
the garland group riskkey,The Garland Group RiskKey,0,43232606
the gene explorer,The Gene Explorer,0,43232605
the general store,The General Store,0,43232611
the gordian group progen online,The Gordian Group PROGEN Online,0,43231507
the groomer's write hand,The Groomer's Write Hand,0,43232306
the human equation insite lms,The Human Equation InSite LMS,0,43232502
the ipix real estate wizard hometour360 wizard,The IPIX Real Estate Wizard hometour360 Wizard,0,43232102
the mathwizards mathviews,The MathWizards MathViews,0,43232605
the mathworks control system toolbox,The Mathworks Control System Toolbox,0,43232605
the mathworks data acquisition toolbox,The Mathworks Data Acquisition Toolbox,0,43232605
the mathworks embedded coder,The Mathworks Embedded Coder,0,43232605
the mathworks matlab,The MathWorks MATLAB,1,43232605
the mathworks real-time workshop,The MathWorks Real-Time Workshop,0,43232605
the mathworks signal processing toolbox,The MathWorks Signal Processing Toolbox,0,43232605
the mathworks simbiology,The Mathworks SimBiology,0,43232605
the mathworks stateflow,The MathWorks Stateflow,0,43232605
the mathworks symbolic math toolbox,The MathWorks Symbolic Math Toolbox,0,43232605
the mathworks wavelet toolbox,The MathWorks Wavelet Toolbox,0,43232605
the mortgage office loan origination,The Mortgage Office Loan Origination,0,43231604
the mortgage office loan servicing,The Mortgage Office Loan Servicing,0,43231604
the napa group napa,The Napa Group NAPA,0,43232604
the nature conservancy weed information management system wims,The Nature Conservancy Weed Information Management System WIMS,0,43232306
the nutrition company foodworks,The Nutrition Company FoodWorks,0,43232605
the omni group omniplan,The Omni Group OmniPlan,0,43231507|43231604
the pixel farm pftrack,The Pixel Farm PFTrack,0,43232102
the protein investigator,The Protein Investigator,0,43232605
the retail solution,The Retail Solution,0,43232611
the sackett group macpac for legal,The Sackett Group MacPac for Legal,0,43232104
the systems workplace tdocs,The Systems Workplace TDOCS,0,43232610
the tova company test of variables of attention,The Tova Company Test of Variables of Attention,0,43232610
the university of tennessee fordisc,The University of Tennessee FORDISC,0,43232605
the virtual genetics lab,The Virtual Genetics Lab,0,43232605
the voice learning edition,The vOICe Learning Edition,0,43233405
the weatherization assistant,The Weatherization Assistant,0,43232605
theraclin systems imapr,TheraClin Systems iMAPR,0,43232610
theramanager,TheraManager,0,43232610
therapeutic orthoptic,Therapeutic orthoptic,0,43232610
therassist,TherAssist,0,43232610
thermal analysis,Thermal analysis,0,43232605
thermal analysis systems the energy analyst,Thermal Analysis Systems The Energy Analyst,0,43232605
thermal design,Thermal design,0,43232604
thermal dynamics ground loop design gld,Thermal Dynamics Ground Loop Design GLD,0,43232605
thermal indoor climate simulation,Thermal indoor climate simulation,0,43232605
thermal radiation analysis system trasys,Thermal Radiation Analysis System TRASYS,0,43232605
thermal synthesizer system tss,Thermal Synthesizer System TSS,0,43232605
thermo fisher scientific ion reporter,Thermo Fisher Scientific Ion Reporter,0,43232605
thermo fisher scientific laboratory information management systems lims,Thermo Fisher Scientific Laboratory Information Management Systems LIMS,0,43232605
thermo toxlab,Thermo ToxLab,0,43232605
thinc technologies virtual school,Thinc Technologies Virtual School,0,43231602
think3 thinkdesign engineering,Think3 ThinkDesign Engineering,0,43232604
thomas global register,THOMAS Global Register,0,43232309
thomson compumark saegis,Thomson CompuMark SAEGIS,0,43232309
thomson creative solutions engagement cs,Thomson Creative Solutions Engagement CS,0,43231604
thomson creative solutions financial analysis cs,Thomson Creative Solutions Financial Analysis CS,0,43231604
thomson dialog,Thomson Dialog,0,43232102
thomson endnote,Thomson EndNote,0,43232306
thomson financial investext,Thomson Financial Investext,0,43232309
thomson gosystem mytaxinfo,Thomson GoSystem MyTaxInfo,0,43232110
thomson gosystem tax,Thomson GoSystem Tax,0,43231603
thomson one advisor,Thomson ONE Advisor,0,43231604
thomson ppc e-tools suite,Thomson PPC e-Tools Suite,0,43231604
thomson reuters clear,Thomson Reuters CLEAR,0,43232306
thomson reuters elite billing manager,Thomson Reuters Elite Billing Manager,0,43231607
thomson reuters elite enterprise,Thomson Reuters Elite Enterprise,0,43231601
thomson reuters elite prolaw,Thomson Reuters Elite ProLaw,0,43231507|43232306
thomson reuters endnote,Thomson Reuters EndNote,0,43232306
thomson reuters filecabinet cs,Thomson Reuters FileCabinet CS,0,43232202
thomson reuters gofileroom,Thomson Reuters GoFileRoom,0,43232201
thomson reuters liquent coredossier submission accelerator for ectd,Thomson Reuters Liquent CoreDossier Submission Accelerator for eCTD,0,43232202
thomson reuters liquent insight suite,Thomson Reuters Liquent InSight Suite,0,43232606
thomson reuters livenote stream,Thomson Reuters LiveNote Stream,0,43232103
thomson reuters paisley enterprise grc,Thomson Reuters Paisley Enterprise GRC,0,43232606
thomson reuters risk management,Thomson Reuters Risk Management,0,43232620
thomson reuters tradeweb,Thomson Reuters Tradeweb,0,43231604
thomson reuters ultratax cs,Thomson Reuters UltraTax CS,0,43231603
thomson reuters web of science,Thomson Reuters Web of Science,0,43232609
thomson reuters westlaw,Thomson Reuters Westlaw,0,43232309
thomson reuters westlaw edge,Thomson Reuters Westlaw Edge,0,43232309
thomson reuters westlawnext,Thomson Reuters WestlawNext,0,43232309
thomson reuters westlawnext litigator,Thomson Reuters WestlawNext Litigator,0,43232616
thomson scientific dialog,Thomson Scientific Dialog,0,43232306
thomson west cowles estate practice system,Thomson West Cowles Estate Practice System,0,43232202
thomson west findlaw,Thomson West FindLaw,0,43232309
thomson west livenote,Thomson West LiveNote,0,43232104
thomson west prolaw,Thomson West ProLaw,0,43232303
thought technology biograph infiniti,Thought Technology BioGraph Infiniti,0,43232605
thoughtful systems scheduling manager for auto detailing,Thoughtful Systems Scheduling Manager for Auto Detailing,0,43232108
thoughtworks studio mingle,ThoughtWorks Studio Mingle,0,43231507
threaded code compiler,Threaded code compiler,0,43232409
three-dimensional 3d computer aided design cad,Three-dimensional 3D computer aided design CAD,0,43232604
three-dimensional 3d solid modeling,Three-dimensional 3D solid modeling,0,43232612
three-dimensional 3d virtual surgery,Three-dimensional 3D virtual surgery,0,43232610
three-dimensional graphics,Three-dimensional graphics,0,43232102
three-dimensional modeling,Three-dimensional modeling,0,43232604
three-dimensional motion capture,Three-dimensional motion capture,0,43232605
three-dimensional parametric design,Three-dimensional parametric design,0,43232604
three-dimensional scanning,Three-dimensional scanning,0,43232111
three-dimensional simulation translation,Three-dimensional simulation translation,0,43232605
thriveworks therapybuddy,Thriveworks TherapyBuddy,0,43232108
tibco s-plus,Tibco S-PLUS,0,43232605
tibco scribe,Tibco Scribe,0,43232605
tibco spotfire,TIBCO Spotfire,0,43232314
tibco spotfire s+,TIBCO Spotfire S+,0,43232314|43232605
ticket alternative express entry,Ticket Alternative Express Entry,0,43232111
ticket information tracking,Ticket information tracking,0,43231501
ticket issuing,Ticket issuing,0,43232306
ticket scanning,Ticket scanning,0,43232111
tickquest neoticker,TickQuest NeoTicker,0,43232105
tidepool scientific software comprehensive environmental toxicity information system cetis,Tidepool Scientific Software Comprehensive Environmental Toxicity Information System CETIS,0,43232306
tidepool scientific software toxcalc,Tidepool Scientific Software ToxCalc,0,43232605
tier generator,Tier generator,0,43232402
tietoenator promatch,TietoEnator ProMatch,0,43231604
tigerpaw,Tigerpaw,0,43232303
tigris cabie,Tigris Cabie,0,43232402
tiktok,TikTok,1,43232103
tilegem,TileGem,0,43232604
timberlake consultants oxmetrics,Timberlake Consultants OxMetrics,0,43232605
time and attendance,Time and attendance,0,43231605
time and attendance collection system tacs,Time and Attendance Collection System TACS,0,43231505
time and motion analysis,Time and motion analysis,0,43232605
time and payroll management,Time and payroll management,0,43231605
time card,Time card,0,43231505
time recording,Time recording,0,43231605
time report,Time report,0,43231605
time reporting,Time reporting,0,43231605
time series modeling tsm,Time series modeling TSM,0,43232605
time sharing option tso,Time sharing option TSO,0,43232409
time tracking,Time tracking,0,43231605
timekeeping,Timekeeping,0,43231605
timeline,Timeline,0,43232105
timeplus payroll,TimePlus Payroll,0,43231605
timepro legal software timepro,TimePro Legal Software TimePro,0,43231601
timesolv legal,TimeSolv Legal,0,43231601
timetrak systems cloctrack,TimeTrak Systems ClocTrack,0,43231605
timetrak systems schedtrak,TimeTrak Systems SchedTrak,0,43232108
timevalue,TimeValue,0,43231604
timing analysis,Timing analysis,0,43232605
timpani chat,Timpani Chat,0,43233503
timpani contact center,Timpani Contact Center,0,43232903
timpani email,Timpani Email,0,43232903
tips standard securities calculation bond analytics module,Tips Standard Securities Calculation Bond Analytics Module,0,43231604
tips standard securities calculation mortgage-backed analytics module,Tips Standard Securities Calculation Mortgage-Backed Analytics Module,0,43231604
tksoftware rcm,TKSoftware RCM,0,43232404
tmw enterprise transportation management systems,TMW Enterprise Transportation Management Systems,0,43231506
tmw powersuite,TMW PowerSuite,0,43231602
tns marketwhys,TNS MarketWhys,0,43232605
tns miriad,TNS Miriad,0,43232605
toadsoft toad,ToadSoft Toad,0,43232402
token ring,Token Ring,0,43232908
tokenworks magnetic card reader,TokenWorks Magnetic Card Reader,0,43232611
tokenx,TokenX,0,43232307
tolerance analysis,Tolerance analysis,0,43232605
tonalenergy tuner & metronome,TonalEnergy Tuner & Metronome,0,43232605
tonality systems symoblic composer,Tonality Systems Symoblic Composer,0,43232005
tool center point tcp setting,Tool center point TCP setting,0,43232608
tool command language tcl,Tool command language Tcl,0,43232402
toothpics,ToothPics,0,43232610
top systems t-flex cam,Top Systems T-FLEX CAM,0,43232612
topaz enterprise software suite,TOPAZ Enterprise Software Suite,0,43232306
topaz software symplifi (business analysis feature),Topaz Software Symplifi (business analysis feature),0,43231511
topaz software symplifi (crm feature),Topaz Software Symplifi (CRM feature),0,43232303
topcaats,TopCAATs,0,43231604
topdoglegal,TopDogLegal,0,43232306
tophat,TopHat,0,43232605
topline software solutions topline service manager,Topline Software Solutions Topline Service Manager,0,43232306
topographic database,Topographic database,0,43232309
topographic map,Topographic map,0,43233506
topproducer,TopProducer,0,43232303
tops engineering maxload pro,TOPS Engineering MaxLoad Pro,0,43231506
torrid retirement planner,Torrid Retirement Planner,0,43231604
total officer personnel management information system topmis,Total Officer Personnel Management Information System TOPMIS,0,43231505
total quality management tqm,Total quality management TQM,0,43231507
total turnkey solutions e-vision,Total Turnkey Solutions E-Vision,0,43232306
tote code,TOTE code,0,43232402
touchsuite salon,TouchSuite Salon,0,43232611
tourcms,TourCMS,0,43232306
tourtech systems tourtools,TourTech Systems TourTools,0,43232303
tourwriter,TourWriter,0,43232306
towers perrin moses,Towers Perrin MoSes,0,43231604
toxicology databases,Toxicology databases,0,43232306
tpnassist,TPNassist,0,43232605
traceability,Traceability,0,43231508
traceroute,Traceroute,0,43232801
trackpro services trackpro manager,TrackPro Services TrackPro Manager,0,43231601
tracks,Tracks,0,43232306
trackum repair manager,TRACKUM Repair Manager,0,43232306
tracware aerotrac,Tracware AeroTrac,0,43231602
trade bindery software bindery estimating system,Trade Bindery Software Bindery Estimating System,0,43231601
trade bindery software bindery management system,Trade Bindery Software Bindery Management System,0,43231602
tradesman&apos;s software master estimator,Tradesman&apos;s Software Master Estimator,0,43232605
tradesman's software master estimator,Tradesman's Software Master Estimator,0,43231507
tradetec computer systems tallyworks logs,TradeTec Computer Systems TallyWorks Logs,0,43231508
tradetec tallyworks logs,TradeTec TallyWorks Logs,0,43231508
tradetec tallyworks timetracker,TradeTec TallyWorks TimeTracker,0,43231505
tradetools financial market databases,TradeTools Financial Market Databases,0,43232309
tradetools monthly u.s. economic database,TradeTools Monthly U.S. Economic Database,0,43232309
tradeweb markets tradeweb,Tradeweb Markets Tradeweb,0,43231604
trading blox,Trading Blox,0,43231604
traffic control,Traffic control,0,43232608
traffic management advisor tma,Traffic management advisor TMA,0,43232607
traffic record databases,Traffic record databases,0,43232306
traffic shapers,Traffic shapers,0,43232802
traffic signal,Traffic signal,0,43232608
trafficware simtraffic,Trafficware SimTraffic,0,43232604
trafficware synchrogreen,Trafficware SynchroGreen,0,43232605
traincaster lms,TrainCaster LMS,0,43232502
training,Training,0,43232502
trainontrack learning management system lms,TrainOnTrack Learning Management System LMS,0,43232502
trancite logic systems scenepd,Trancite Logic Systems ScenePD,0,43232102
trane system analyzer,Trane System Analyzer,0,43232605
trane trace,Trane TRACE,0,43232605
transact-sql,Transact-SQL,1,43232306|43232311
transaction accounting,Transaction accounting,0,43231601
transaction processing,Transaction processing,0,43232306
transas group pisces2,Transas Group PISCES2,0,43232605
transcend technologies group benefitsconnect,Transcend Technologies Group benefitsCONNECT,0,43231505
transcription,Transcription,0,43232104
transcription system,Transcription system,0,43232202
transient reactor analysis code trac,Transient reactor analysis code TRAC,0,43232605
transmission line simulators,Transmission line simulators,0,43232605
transoft solutions autoturn,Transoft Solutions AutoTURN,0,43232604
transparent interconnection of lots of links trill,Transparent Interconnection of Lots of Links TRILL,0,43232908
transpolink bidleads,TranspoLink BidLeads,0,43232306
transportation management,Transportation management,0,43233511
transportation management system tms,Transportation management system TMS,0,43233511
transportation planning,Transportation planning,0,43232605
transtek compass erp,Transtek Compass ERP,0,43231602
tranware enterprise suite,TranWare Enterprise Suite,0,43232306
trapcode particular,Trapcode Particular,0,43232102
travel agent cms,Travel Agent CMS,0,43232306
travelcarma,TravelCarma,0,43232306
traverse pc,Traverse PC,0,43233506
travii reservation system,Travii reservation system,0,43232306
travis,Travis,0,43232406
travis software travisflex,Travis Software TravisFlex,0,43231505
trax animal control and dog warden officer,TRAX Animal Control and Dog Warden Officer,0,43232306
trc consultants phdwin,TRC Consultants PHDWin,0,43232605
treasury enforcement communications system tecs,Treasury Enforcement Communications System TECS,0,43232306
treatment planning,Treatment planning,0,43232610
treeage software treeage pro,TreeAge Software TreeAge Pro,0,43232605
treeno software treeno content server,Treeno Software Treeno Content Server,0,43232202
treeview,TreeView,0,43232605
trend micro tippingpoint,Trend Micro TippingPoint,0,43233204
trendsetter software proanalyst,Trendsetter Software ProAnalyst,0,43231604
trendtracker compliance solution,TrendTracker Compliance Solution,0,43232606
trialworks,TrialWorks,0,43232306
triangle research collaborative observational coding system ocs tools,Triangle Research Collaborative Observational Coding System OCS Tools,0,43232605
trigon road forte leave management,Trigon Road Forte Leave Management,0,43231505
trigram software acubase pro,Trigram Software AcuBase Pro,0,43232610
trimble aggps ez-map,Trimble AgGPS EZ-Map,0,43233506
trimble aggps multiplane,Trimble AgGPS MultiPlane,0,43233506
trimble cengea,Trimble CENGEA,0,43231602
trimble digital fieldbook,Trimble Digital Fieldbook,0,43233506
trimble farm works,Trimble Farm Works,0,43232306
trimble geomatics office,Trimble Geomatics Office,0,43232605
trimble gps pathfinder office,Trimble GPS Pathfinder Office,0,43233506
trimble hydropro,Trimble HYDROpro,0,43233506
trimble mytopo terrain navigator pro,Trimble MyTopo Terrain Navigator Pro,0,43233506
trimble pathfinder office,Trimble Pathfinder Office,0,43233506
trimble sketchup pro,Trimble SketchUp Pro,1,43232102|43232604
trimble terramodel,Trimble Terramodel,0,43232604|43233506
trimble terrasync,Trimble TerraSync,0,43232510
trimble total control,Trimble Total Control,0,43232605
trinity software solutions beacon,Trinity Software Solutions BEACON,0,43232610
triple g ultra laboratory information system,Triple G ULTRA Laboratory Information System,0,43232605
triple point commodity xl,Triple Point Commodity XL,0,43231604
tripod data systems,Tripod Data Systems,0,43232605
tripod data systems cogo,Tripod Data Systems COGO,0,43233506
tripod data systems foresight,Tripod Data Systems Foresight,0,43232604
tripos sybyl,Tripos SYBYL,0,43232605
tritech financial systems general insurance management system gims,Tritech Financial Systems General Insurance Management System GIMS,0,43231602
triton elics international isis,Triton Elics International Isis,0,43232605
triton elics international seaclass,Triton Elics International SeaClass,0,43232605
trivantis coursemill,Trivantis CourseMill,0,43232502
trivantis lectora,Trivantis Lectora,0,43232502
trix tractrix,Trix TracTrix,0,43233402
trizetto qnxt,TriZetto QNXT,0,43232306
trl software transyt,TRL Software TRANSYT,0,43232605
trmi airport avi,TRMI Airport AVI,0,43232306
tropics claims reserve management,Tropics Claims Reserve Management,0,43232306
tropics workers' compensation,Tropics workers' compensation,0,43231604
troubleshooting,Troubleshooting,0,43232605
trs software tomcadd,TRS Software TomCADD,0,43232604
truckershelper,TruckersHelper,0,43232306
true audio winspeakerz,True Audio WinSpeakerz,0,43232605
true north computer retail plus,True North Computer Retail Plus,0,43232611
truecrypt,TrueCrypt,0,43233204
truepianos,Truepianos,0,43232005
tss wireless fleet management suite,TSS Wireless Fleet Management Suite,0,43233511
ttp labtech compound,TTP LabTech comPOUND,0,43232605
tuba,TUBA,0,43232306
tucows chembase,Tucows ChemBase,0,43232306
tumbleweed securetransport,Tumbleweed SecureTransport,0,43232313
tumblr,Tumblr,0,43232107
tunable instrument tuner,Tunable Instrument Tuner,0,43232605
tunelab,TuneLab,0,43232605
tunic onlypure,Tunic OnlyPure,0,43232605
turbo spring-stat,TURBO Spring-Stat,0,43232605
turning technologies turningpoint,Turning Technologies TurningPoint,0,43232505
turtle creek software goldenseal,Turtle Creek Software Goldenseal,0,43231507|43231601
turtle creek software goldenseal (accounting feature),Turtle Creek Software Goldenseal (accounting feature),0,43231601
turtle creek software goldenseal (calendar and scheduling feature),Turtle Creek Software Goldenseal (calendar and scheduling feature),0,43232108
turtle creek software goldenseal (time accounting feature),Turtle Creek Software Goldenseal (time accounting feature),0,43231605
turtle creek software goldenseal architect,Turtle Creek Software Goldenseal Architect,0,43231604
tuxguitar,TuxGuitar,0,43232005
twelve tone matrix calculator,Twelve Tone Matrix Calculator,0,43232005
twelve tone row analyzer,Twelve Tone Row Analyzer,0,43232005
twiki,Twiki,0,43232201
twin tier technologies mims,Twin Tier Technologies MIMS,0,43232306
twin tiers technologies cims,Twin Tiers Technologies CIMS,0,43232306
twin tiers technologies mims,Twin Tiers Technologies MIMS,0,43232306
twinpeaks software visual z-bake,TwinPeaks Software Visual Z-Bake,0,43231602
twitter,Twitter,0,43233504
two-dimensional 2d computer aided design cad,Two-dimensional 2D computer aided design CAD,0,43232604
two-dimensional graphics,Two-dimensional graphics,0,43232102
tyler technologies munis,Tyler Technologies MUNIS,0,43231602
tyler technologies odyssey case manager,Tyler Technologies Odyssey Case Manager,0,43231507
typescript,TypeScript,1,43232405
u.s. department of agriculture usda national nutrient database,U.S. Department of Agriculture USDA National Nutrient Database,0,43232306
u.s. department of agriculture usda winsrm,U.S. Department of Agriculture USDA WinSRM,0,43232605
ua business software professional edition,UA Business Software Professional Edition,0,43231601
ubi biotracker,UBI Biotracker,0,43231508
ubuntu,Ubuntu,0,43233004
ucn incontact workforce management software wfm,UCN inContact Workforce Management Software WFM,0,43231505
uda technologies constructionsuite,UDA Technologies ConstructionSuite,0,43232306
ugcs,UgCS,0,43232605
ugs i-deas,UGS I-DEAS,0,43232604
ugs solid edge,UGS Solid Edge,0,43232604
ulead photoimpact,Ulead PhotoImpact,0,43232102
ulrichsweb,Ulrichsweb,0,43232609
ultimate software ultipro,Ultimate Software UltiPro,0,43231505
ultimate software ultipro workplace,Ultimate Software UltiPro Workplace,0,43231505
unawave,Unawave,0,43231507
uncamco ucam,Uncamco Ucam,0,43232612
underhill geomatics copan,Underhill Geomatics Copan,0,43232605
underware design dtab,Underware Design DTAB,0,43232005
underwriting,Underwriting,0,43231604
unger software methusaleh,Unger Software Methusaleh,0,43231604
uni-group lockpave pro,UNI-GROUP Lockpave Pro,0,43232604
uni/care pro-filer,UNI/CARE Pro-Filer,0,43232610
unicorn hro open4,Unicorn HRO Open4,0,43231505
unidata gempak,Unidata GEMPAK,0,43232605
unidata gempak analysis and rendering program garp,Unidata Gempak Analysis and Rendering Program GARP,0,43232605
unidata integrated data viewer idv,Unidata Integrated Data Viewer IDV,0,43232605
unidata mcidas-x,Unidata McIDAS-X,0,43232605
unidata network common data form netcdf,Unidata Network common data form NetCDF,0,43232402
unified messaging,Unified messaging,0,43233509
unified modeling language uml,Unified modeling language UML,0,43232407
unifocus watson human resources manager,UniFocus Watson Human Resources Manager,0,43231505
unique identification uid system databases,Unique Identification UID system databases,0,43232306
uniresman,UniResMan,0,43232603
uniscribe,Uniscribe,0,43232605
unisoncare unicharts,UnisonCare UniCharts,0,43232610
unistat statistical package,UNISTAT Statistical Package,0,43232605
unit conversion,Unit conversion,0,43232605
unit testing,Unit testing,0,43232406
united nations food and agriculture organization livestock and environment toolbox lead,United Nations Food and Agriculture Organization Livestock and Environment Toolbox LEAD,0,43232605
united systems and software individual life and health administration system,United Systems and Software Individual Life and Health Administration System,0,43231602
unitime,UNITIME,0,43231605
unity technologies unity,Unity Technologies Unity,0,43232402
universal parcel shipping,Universal parcel shipping,0,43231506
universal software solutions versavision,Universal Software Solutions VersaVision,0,43232610
universal tax systems taxwise,Universal Tax Systems TaxWise,0,43231603
universal technical systems tk solver,Universal Technical Systems TK Solver,0,43232605
university of arizona rangeview,University of Arizona RangeView,0,43232605
university of california thesaurus linguae graecae tlg,University of California Thesaurus Linguae Graecae TLG,0,43232507
unix,UNIX,1,43233004
unix shell,UNIX Shell,1,43233004
unlimited learning resources valusource pro,Unlimited Learning Resources Valusource Pro,0,43231604
unreal technology unreal engine,Unreal Technology Unreal Engine,0,43232402
unsatflow,UNSATFLOW,0,43232605
upland consulting group repair traq,Upland Consulting Group Repair Traq,0,43231507|43232306
upperspace designcad,Upperspace DesignCAD,0,43232604
upperspace modelcad,Upperspace ModelCAD,0,43232604
ups intelliverse,UPS Intelliverse,0,43231506
ups logistics technologies roadnet transportation suite,UPS Logistics Technologies Roadnet Transportation Suite,0,43231506
ups worldship,UPS WorldShip,0,43231506
upside learning upsidelms,Upside Learning UpsideLMS,0,43232502
upside software upsidecontract,Upside Software UpsideContract,0,43232306
urbansim,UrbanSim,0,43232604
usability testing,Usability testing,0,43232406
usda child nutrition database,USDA Child Nutrition Database,0,43232306
usda comet,USDA Comet,0,43232605
"usda database for inventory, monitoring and assessment (dima)","USDA Database for Inventory, Monitoring and Assessment (DIMA)",0,43232605
usda forest vegetation simulator fvs,USDA Forest Vegetation Simulator FVS,0,43232605
usda nrcs soil data viewer,USDA NRCS Soil Data Viewer,0,43233506
usda nrcs vegspec,USDA NRCS VegSpec,0,43232306
usda samplepoint,USDA SamplePoint,0,43232605
user interface design,User interface design,0,43232406
userzoom,UserZoom,0,43232406
usps.com,USPS.com,0,43231506
usycams,USyCaMs,0,43232604
utquant,UTQUANT,0,43232605
valen technologies risk manager,Valen Technologies Risk Manager,0,43231604
valiant vantage,Valiant Vantage,0,43231605
valley agricultural software dairycomp 305,Valley Agricultural Software DairyCOMP 305,0,43232306
valley agricultural software feed watch,Valley Agricultural Software Feed Watch,0,43231511
valtamtech flight crew log,ValtamTech Flight Crew Log,0,43232108
value analysis,Value Analysis,0,43232605
valuetech report builder,ValueTech Report Builder,0,43232104
valusoft mastercook,ValuSoft MasterCook,0,43232306
valusource bizcomps,ValuSource BIZCOMPS,0,43231604
vamp/vasp,VAMP/VASP,0,43232605
vanguard software vanguard sales manager,Vanguard Software Vanguard Sales Manager,0,43232303
vantage mcif,Vantage MCIF,0,43232303
vantage point software hra,Vantage Point Software HRA,0,43231505
vantagemed chartkeeper,VantageMed ChartKeeper,0,43232610
variable frequency drive vfd,Variable frequency drive VFD,0,43232608
varian medical systems,Varian Medical Systems,0,43232610
variogram estimation and spatial prediction plus error vesper,Variogram Estimation and Spatial Prediction plus Error Vesper,0,43232605
varsity shipsoft supply chain execution suite,Varsity ShipSoft Supply Chain Execution Suite,0,43231506
vasont content management system,Vasont Content Management System,0,43232202
vasp data viewer,VASP Data Viewer,0,43232605
vaytek voxblast,VayTek VoxBlast,0,43232605
vbrhapsody,VBRhapsody,0,43232005
vcg pointwing,VCG Pointwing,0,43231505
vebnet fix&flex,Vebnet FIX&FLEX,0,43231505
vector 35 binary ninja,Vector 35 Binary Ninja,0,43232409
vector canalyzer,Vector CANalyzer,0,43232605
vector canape,Vector Canape,0,43232605
vector canoe,Vector CANoe,0,43232402
vector drawing,Vector drawing,0,43232102
vector fields opera-3d,Vector Fields OPERA-3d,0,43232605
vector software vectorcast,Vector Software VectorCast,0,43232406
vectordesigner,VectorDesigner,0,43232102
vectorsgi check management solution,VECTORsgi Check Management Solution,0,43232202
vectorsgi image exchange solution,VECTORsgi Image Exchange Solution,0,43232102
vectorworks architect,VectorWorks ARCHITECT,0,43232604
vectorworks designer,Vectorworks Designer,0,43232604
vectorworks machine design,Vectorworks Machine Design,0,43232604
vehicle identification number vin database,Vehicle identification number VIN database,0,43232306
vehicle information databases,Vehicle information databases,0,43232306
vehicle inspection databases,Vehicle inspection databases,0,43232306
vehicle location and tracking,Vehicle location and tracking,0,43232608
vehicle management,Vehicle management,0,43232306|43232603
velvet,Velvet,0,43232605
vendor management system,Vendor management system,0,43232303
ventsim,Ventsim,0,43232605
verbi maxqda,VERBI MAXQDA,0,43232605
verdict systems sanction,Verdict Systems Sanction,0,43232106
verification,Verification,0,43232605
verifone pc charge pro,VeriFone PC Charge Pro,0,43232611
verilog,Verilog,0,43232402
verispan patient parameters,Verispan Patient Parameters,0,43232309
verisurf metrology,Verisurf Metrology,0,43232608
veritas netbackup,Veritas NetBackup,0,43233415
veritune verituner,Veritune Verituner,0,43232605
verity software house modfit lt,Verity Software House ModFit LT,0,43232605
verity teleform,Verity TELEform,0,43232202
vernon systems limited vernon cms,Vernon Systems Limited Vernon CMS,0,43232306
vero international visi-mould,Vero International VISI-Mould,0,43232604
vero international visi-series,Vero International VISI-Series,0,43232612
vero software alphacam,Vero Software ALPHACAM,0,43232604
vero software alphacam milling,Vero Software ALPHACAM Milling,0,43232612
vero software alphacam turning,Vero Software ALPHACAM Turning,0,43232612
vero software edgecam,Vero Software Edgecam,0,43232612|43232614
vero software machining strategist,Vero Software machining STRATEGIST,0,43232612
vero software peps,Vero Software PEPS,0,43232612
vero software radan,Vero Software RADAN,0,43232612
vero software smirtsoftware,Vero Software SMIRTsoftware,0,43232612
vero software surfcam,Vero Software SURFCAM,0,43232612
vero software visi,Vero Software VISI,0,43232612
vero software worknc,Vero Software WorkNC,0,43232612
versadyne small engine test system,VersaDyne small engine test system,0,43232605
versatile software systems versasoft chiro,Versatile Software Systems VersaSoft Chiro,0,43232610
version control,Version control,0,43232203
vertafore imageright,Vertafore ImageRight,0,43232306
vertical solutions easy-farm accounting,Vertical Solutions Easy-Farm Accounting,0,43231601
vertican technologies collection master,Vertican Technologies Collection Master,0,43231601
very high speed integrated circuit vhsic hardware description language vhdl simulation,Very high speed integrated circuit VHSIC hardware description language VHDL simulation,0,43232605
very high-speed integrated circuit vhsic hardware description language vhdl,Very high-speed integrated circuit VHSIC hardware description language VHDL,0,43232402
vestas wind systems a/s vestas remote panel,Vestas Wind Systems A/S Vestas Remote Panel,0,43232608
vestibular diagnostic,Vestibular diagnostic,0,43232610
vestibular technologies screentrak,Vestibular Technologies ScreenTRAK,0,43232610
veterinary practice management software pms,Veterinary practice management software PMS,0,43232610
vetport,Vetport,0,43232610
via information tools man-it,VIA Information Tools MAN-IT,0,43232608
vibration analysis,Vibration analysis,0,43232605
video analysis,Video analysis,0,43232605
video conference,Video conference,0,43233502
video content editing,Video content editing,0,43232103
video decoder,Video decoder,0,43232103
video development,Video development,0,43232103
video digitizers,Video digitizers,0,43232103
video editing,Video editing,0,43232103
video encoder,Video encoder,0,43232103
video file conversion,Video file conversion,0,43233402
video game,Video game,0,43232001
video production,Video production,0,43232103
video retrieval systems,Video retrieval systems,0,43232309
videoconferencing,Videoconferencing,0,43233502
vienna ab-initio simulation package vasp,Vienna Ab-Initio Simulation Package VASP,0,43232605
vieux & associates vflow,Vieux & Associates Vflow,0,43232605
vigilant,Vigilant,0,43232611
vignette content management,Vignette Content Management,0,43232201
vignette portal,Vignette Portal,0,43232312
viking data editor,Viking data editor,0,43232306
vimeo,Vimeo,0,43232103
viper tools,Viper Tools,0,43232605
virage vs archive,Virage VS Archive,0,43232202
virtify ectd,Virtify eCTD,0,43232202
virtual battlespace 2 vbs2,Virtual Battlespace 2 VBS2,0,43232605
virtual benefits administrator,Virtual Benefits Administrator,0,43231505
virtual case management,Virtual Case Management,0,43231507
virtual corporation sustainable planner,Virtual Corporation Sustainable Planner,0,43231602
virtual gibbs cadd/cam,Virtual Gibbs CADD/CAM,0,43232612
virtual instrument,Virtual instrument,0,43232005|43232610
virtual interaction simulator,Virtual interaction simulator,0,43232605
virtual local area network management,Virtual local area network management,0,43233203
virtual network computing vnc,Virtual network computing VNC,0,43232915
virtual private networking vpn,Virtual private networking VPN,0,43233203|43233204
virtual reality,Virtual reality,0,43232102
virtual reality computed tomography ct imaging,Virtual reality computed tomography CT imaging,0,43232610
virtual reality game,Virtual reality game,0,43232001
virtual reality modeling language vrml,Virtual reality modeling language VRML,0,43232604
virtual router redundancy protocol vrrp,Virtual Router Redundancy Protocol VRRP,0,43232908
virtual simulation,Virtual simulation,0,43232610
virtual software virtual timecard,Virtual Software Virtual Timecard,0,43231605
virtual systems mail-shop,Virtual Systems Mail-Shop,0,43232303
virtualboss,VirtualBoss,0,43231507
virus detection,Virus detection,0,43233205
virus protection,Virus protection,0,43233205
virus scanning,Virus scanning,0,43233205
vis5d+,Vis5d+,0,43232605
visi-trak true-trak 20/20,Visi-Trak True-Trak 20/20,0,43232612
visible razor,Visible Razor,0,43232401
visicu eicu program,VISICU eICU Program,0,43232610
vision,Vision,0,43231503
vision infosoft plumbing bid manager,Vision InfoSoft Plumbing Bid Manager,0,43231507
vision management consulting iep planet,Vision Management Consulting IEP PlaNET,0,43232306
visionary legal technologies visionary professional,Visionary Legal Technologies Visionary Professional,0,43232106
visionary medical systems visionary office pm,Visionary Medical Systems Visionary OFFICE PM,0,43232610
visionscience software acuity pro,VisionScience Software Acuity Pro,0,43232610
visiv sharpeye,Visiv SharpEye,0,43232005
visual computer solutions crossing guard scheduling,Visual Computer Solutions Crossing Guard Scheduling,0,43232108
visual electro diagnostic,Visual electro diagnostic,0,43232610
visual health information the trainer's exercise toolbox,Visual Health Information The Trainer's Exercise Toolbox,0,43232112
visual health information vhi pc-kits,Visual Health Information VHI PC-Kits,0,43232610
visual lease,Visual Lease,0,43232306
visual modflow pro,Visual MODFLOW Pro,0,43232605
visual molecular dynamics vmd,Visual Molecular Dynamics VMD,0,43232102|43232605
visual numerics pv-wave,Visual Numerics PV-WAVE,0,43232605
visual numerics ts-wave,Visual Numerics TS-WAVE,0,43232605
visual otthymo,Visual OTTHYMO,0,43232605
visual pamspro,Visual PAMSPro,0,43232306
visual paradigm db visual architect,Visual Paradigm DB Visual ARCHITECT,0,43231518
visual retail plus,Visual Retail Plus,0,43232611
visual solutions vissim,Visual Solutions VisSIM,0,43232605
visual statement investigator suite,Visual Statement Investigator Suite,0,43232604
visual statement vista fx3 csi,Visual Statement Vista FX3 CSI,0,43232102
visualization sciences group vsg avizo fire,Visualization Sciences Group VSG Avizo Fire,0,43232605
visualization sciences group vsg open inventor,Visualization Sciences Group VSG Open Inventor,0,43232102
vitech systems group v3 benefits administration system,Vitech Systems Group V3 Benefits Administration System,0,43231505
vitera healthcare solutions vitera intergy,Vitera Healthcare Solutions Vitera Intergy,0,43232610
vitria m3o operational intelligence,Vitria M3O Operational Intelligence,0,43231602
vivaldi software vivaldi quality management,Vivaldi Software Vivaldi Quality Management,0,43232608
viziflow,ViziFlow,0,43232604
vlc media player,VLC Media Player,0,43232005
vme powerpc vxworks,VME PowerPC VxWorks,0,43233004
vmware,VMware,0,43232302
vmware esx server,VMWare ESX Server,0,43232701
vmware workstation,VMWare Workstation,0,43233004
vocedit,VocEdit,0,43232104
vogel scientific software group calaco,Vogel Scientific Software Group CALACO,0,43232605
voice activated,Voice activated,0,43233413
voice dictation,Voice dictation,0,43233413
voice over internet protocol voip system,Voice over internet protocol VoIP system,0,43232805
voice picking,Voice picking,0,43232509
voice recognition,Voice recognition,0,43233413
voice-activated perio charting,Voice-activated perio charting,0,43232610
voicethread,VoiceThread,0,43232502
voltage securemail,Voltage SecureMail,0,43233501
voltage-gated ion channels,Voltage-gated ion channels,0,43232605
vormetric application encryption,Vormetric Application Encryption,0,43233203
vortek site assessment of tornado threat satt,VorTek Site Assessment of Tornado Threat SATT,0,43232605
vorum research corporation canfit-plus,Vorum Research Corporation CANFIT-PLUS,0,43232604
voxco pronto,Voxco PRONTO,0,43232605
voxco statxp,Voxco StatXP,0,43232605
vsconline vpmi,VSCOnline VPMi,0,43231507
vsn international genstat,VSN International GenStat,0,43232605
vsni asreml,VSNi ASReml,0,43232605
vsni genstat,VSNi GenStat,0,43232605
vtiger crm,vtiger CRM,0,43232303
vue benefits manager,VUE Benefits Manager,0,43231505
vue compensation management,VUE Compensation Management,0,43231505
vue.js,Vue.js,1,43232408
vuecentric mortgagedashboard,VueCentric MortgageDashboard,0,43231604
vulcan solutions vulcan insurance,Vulcan Solutions Vulcan Insurance,0,43231602
vulkan graphics api,Vulkan Graphics API,0,43232103
vx corporation vx mold & die,VX Corporation VX Mold & Die,0,43232604
w g software tenant file,W G Software Tenant File,0,43232306
w-nominate,W-NOMINATE,0,43232605
w3 data batchappend411,W3 Data BatchAppend411,0,43232309
wageningen mapchart,Wageningen MapChart,0,43232610
waikato environment for knowledge analysis weka,Waikato Environment for Knowledge Analysis Weka,0,43232404
wallingford software infosewer,Wallingford Software InfoSewer,0,43232605
wallingford software infowater,Wallingford Software InfoWater,0,43232605
wallingford software infoworks cs,Wallingford Software InfoWorks CS,0,43232605
wallingford software infoworks ws,Wallingford Software InfoWorks WS,0,43232605
walmart retail link,Walmart Retail Link,0,43232309
wam,WAM,0,43232605|43232606
ward systems group genehunter,Ward Systems Group GeneHunter,0,43232605
ward systems group neuralshell predictor,Ward Systems Group NeuralShell Predictor,0,43232605
ward systems group neuroshell trader,Ward Systems Group NeuroShell Trader,0,43232309
warehouse management system wms,Warehouse management system WMS,0,43231506|43231508
wash-dry-fold pos,Wash-Dry-Fold POS,0,43232611
waste management,Waste management,0,43232605|43232606
wastewater expert control systems,Wastewater expert control systems,0,43232608
watchman monitoring,Watchman Monitoring,0,43233205
watchware repair shop,WatchWare Repair Shop,0,43232306
water erosion prediction project wepp,Water Erosion Prediction Project WEPP,0,43232605
water flow modeling,Water flow modeling,0,43232605
water resources databases,Water resources databases,0,43232306
water soil and hydro-environmental decision support system watershedss,Water Soil and Hydro-Environmental Decision Support System WATERSHEDSS,0,43232605
water surface pressure gradient wspg,Water surface pressure gradient WSPG,0,43232605
waterfurnace international ground loop design premier,WaterFurnace International Ground Loop Design PREMIER,0,43232605
waterloo hydrogeologic aquachem,Waterloo Hydrogeologic AquaChem,0,43232605
waterloo hydrogeologic aquifertest pro,Waterloo Hydrogeologic AquiferTest Pro,0,43232605
waterloo hydrogeologic flowpath ii,Waterloo Hydrogeologic FlowPath II,0,43232605
waterloo hydrogeologic rbc tier 2 analyzer,Waterloo Hydrogeologic RBC Tier 2 Analyzer,0,43232605
waterloo hydrogeologic tactic,Waterloo Hydrogeologic TACTIC,0,43231506
waters empower 2,Waters Empower 2,0,43232306
waters empower chromatography data,Waters Empower Chromatography Data,0,43232605
waters masslynx,Waters MassLynx,0,43232605
waters millennium32,Waters Millennium32,0,43232605
waters q-dis/qm lims,Waters Q-DIS/QM LIMS,0,43232605
watershed modeling system wms,Watershed modeling system WMS,0,43232605
watir,Watir,0,43232406
watson wyatt compquest on-line,Watson Wyatt CompQuest On-Line,0,43231505
watson wyatt global grading system,Watson Wyatt Global Grading System,0,43231505
watson wyatt reward,Watson Wyatt Reward,0,43231505
watter hammer software hytran,Watter Hammer Software Hytran,0,43232605
wavefunction spartan,Wavefunction Spartan,0,43232605
wavefunction titan,Wavefunction Titan,0,43232605
wavemetrics igor pro,WaveMetrics IGOR Pro,0,43232605
wbs goplan,WBS Goplan,0,43231507
wbt systems topclass,WBT Systems TopClass,0,43233502
wealthcounsel wealthdocs,WealthCounsel WealthDocs,0,43232202
wealthengine findwealth,WealthEngine Findwealth,0,43232306
wealthtec allocationpro,WealthTec AllocationPro,0,43231604
wealthtec foundations,WealthTec Foundations,0,43231604
wealthtec wealthmaster,WealthTec WealthMaster,0,43231604
web application,Web application,0,43232402
web application framework,Web application framework,0,43232408
web box activity tracing system webbats,Web Box Activity Tracing System WebBATS,0,43232306
web broswer,Web broswer,0,43232705
web browser,Web browser,0,43232705
web conferencing,Web conferencing,0,43233502
web content management system cms,Web content management system CMS,0,43232107
web design,Web design,0,43232107
web editing,Web editing,0,43232107
web framework,Web framework,0,43232408
web information solutions pocket informant,Web Information Solutions Pocket Informant,0,43232303
web page creation and editing,Web page creation and editing,0,43232107
web page design,Web page design,0,43232107
web page design and editing,Web page design and editing,0,43232107
web scrapbook,Web Scrapbook,0,43232202
web server,Web server,0,43232313
web service definition language wdsl,Web service definition language WDSL,0,43232402
web-administered databases,Web-administered databases,0,43232306
web-based dispatch,Web-based dispatch,0,43233511
web-based information systems,Web-based information systems,0,43232306
web-based trading systems,Web-based trading systems,0,43231604
web-est estimating,Web-Est estimating,0,43231507
web2project,web2project,0,43231507
webclarity software bookwhere,WebClarity Software BookWhere,0,43232609
webex sales center,WebEx Sales Center,0,43232106
webex weboffice,WebEx WebOffice,0,43232306
webfocus,WebFOCUS,0,43232403
webinar,Webinar,0,43233503
webpack,webpack,0,43232408
webpathlab,WebPathLab,0,43232610
websense data loss prevention,Websense Data Loss Prevention,0,43233203
website creation,Website creation,0,43232107
website development,Website development,0,43232107
website management,Website management,0,43232107
webtrends,Webtrends,0,43231514
webtrends analytics,WebTrends Analytics,0,43232605
welford chart notes,Welford Chart Notes,0,43232610
well flow dynamics wellflow,Well Flow Dynamics Wellflow,0,43232605
well logging,Well logging,0,43232605
westbrook fortis,Westbrook Fortis,0,43232202
western engravers supply vision expert,Western Engravers Supply Vision EXPERT,0,43232612
wevideo,WeVideo,0,43232103
wh software instacode,WH Software InstaCode,0,43232306
wh software masterkey,WH Software MasterKey,0,43231508
whatsapp,WhatsApp,0,43233504
whe term-pak,WHE Term-PAK,0,43232604
wheatworks real estate calculator suite,Wheatworks Real Estate Calculator Suite,0,43231604
wheelshop automation.com wheel shop management suite,WheelShop Automation.com Wheel Shop Management Suite,0,43232306
white clarke north america credit adjudication and lending management,White Clarke North America Credit Adjudication and Lending Management,0,43231604
whitebirch software projected financials,Whitebirch Software Projected Financials,0,43231604
whitesmoke,WhiteSmoke,0,43232104
whizlabs,WhizLabs,0,43231505
whonet,WHONET,0,43232306
wicam pn4000,WiCAM PN4000,0,43232612
wide area monitoring system wams,Wide area monitoring system WAMS,0,43232608
wide area network wan,Wide area network WAN,0,43232909
wide area network wan optimization,Wide area network WAN optimization,0,43232802
wide area remote control system,Wide area remote control system,0,43232608
wide area workflow wawf system,Wide Area Workflow WAWF system,0,43231506
wideorbit,WideOrbit,0,43232005|43232103
widisoft widi recognition system,Widisoft WIDI Recognition System,0,43232005
wiki,Wiki,0,43232107
wilcomp software renweb,Wilcomp Software RenWeb,0,43231602
wilcox associates pc-dmis,Wilcox Associates PC-DMIS,0,43232605
wilcox associates pc-dmis inspection planner,Wilcox Associates PC-DMIS Inspection Planner,0,43232608
wildland fire assessment system wfas,Wildland Fire Assessment System WFAS,0,43232306
wildpackets omnipeek network analyzer,WildPackets OmniPeek Network Analyzer,0,43232801
wilhelm publishing threshold,Wilhelm Publishing Threshold,0,43232104
willoughby associates mimsy xg,Willoughby Associates MIMSY XG,0,43232306
wilson's computer applications realeasy appraisals,Wilson's Computer Applications RealEasy Appraisals,0,43232605
wilson's computer applications realeasy photos plus,Wilson's Computer Applications RealEasy Photos Plus,0,43232102
win ce,Win CE,0,43233004
winbugs,WinBUGS,0,43232605
winchester ammunition ballistics calculator,Winchester Ammunition Ballistics Calculator,0,43232605
wincity custom software wincity massage soap notes,WinCity Custom Software WinCity Massage SOAP Notes,0,43232610
wincross,WinCross,0,43232605
wind flow modeling,Wind flow modeling,0,43232605
wind river systems c/c++ compiler suite,Wind River Systems C/C++ Compiler Suite,0,43232402
wind river systems vxworks,Wind River Systems VxWorks,0,43233004
wind river vxworks,Wind River VxWorks,0,43233004
windent oms,Windent OMS,0,43232610
windent sql,Windent SQL,0,43232610
windowbook postal package partner,WindowBook Postal Package Partner,0,43231506
windows embedded compact,Windows Embedded Compact,0,43233004
windows kernel debuggers,Windows kernel debuggers,0,43232406
windows media player,Windows Media Player,0,43232005
windows media services,Windows Media Services,0,43232103
windsim,WindSim,0,43232605
windward software windward system five,Windward Software Windward System Five,0,43232611
windward technologies grg2,Windward Technologies GRG2,0,43232605
winepic,WinEPIC,0,43232605
winestimator winest,WinEstimator WinEst,0,43232605
wingap,WinGap,0,43232605
wingridds,WINGRIDDS,0,43232605
winman suresell,WinMan SureSell,0,43232611
winmerge,WinMerge,0,43232203
winners programs birdstud,Winners Programs BirdStud,0,43232306
winners programs uni-stud,Winners Programs Uni-Stud,0,43232306
winocular,WinOcular,0,43232202
winspice,WinSpice,0,43232605
winsteps,Winsteps,0,43232605
wintac pro,Wintac Pro,0,43232306
wintr-55,WinTR-55,0,43232605
wiredred software e/pop basic,WiredRed Software e/pop Basic,0,43232702
wireshark,Wireshark,0,43232801
wisconsin physicians service insurance cms secure net access portal c-snap,Wisconsin Physicians Service Insurance CMS Secure Net Access Portal C-SNAP,0,43232610
wisdomforce databasesync system,WisdomForce DatabaseSync System,0,43232310
wise solutions wise for windows installer,Wise Solutions Wise for Windows Installer,0,43232401
wizsoft wizrule,WizSoft WizRule,0,43232605
wizsoft wizwhy,WizSoft WizWhy,0,43232307
wolfel immi,Wolfel IMMI,0,43232605
wolfram research derivatives,Wolfram Research Derivatives,0,43231604
wolfram research mathematica,Wolfram Research Mathematica,0,43232605
wolfram research mathematica finance essentials,Wolfram Research Mathematica Finance Essentials,0,43231604
wolfram research mathematica unrisk pricing engine,Wolfram Research Mathematica UnRisk Pricing Engine,0,43231604
woll2woll infopower studio,Woll2Woll InfoPower Studio,0,43232306
wolters kluwer financial services complianceone,Wolters Kluwer Financial Services ComplianceOne,0,43232606
wolters kluwer loislaw,Wolters Kluwer Loislaw,0,43232309
wonderware,Wonderware,0,43232608
woodward mototron control solutions motohawk,Woodward MotoTron Control Solutions MotoHawk,0,43232402
woodwing,WoodWing,0,43232408
word processing,Word processing,0,43232104
word recognition,Word recognition,0,43233413
wordperfect,WordPerfect,0,43232104
wordpress,WordPress,1,43232107
words+ e z keys for windows,Words+ E Z Keys for Windows,0,43233413
wordweb,WordWeb,0,43232306
work inspection,Work inspection,0,43232608
work order,Work order,0,43232306
work order management,Work order management,0,43232306
work record,Work record,0,43231605
work scheduling,Work scheduling,0,43232108
work technology worktech time,Work Technology WorkTech Time,0,43231605
work time accounting,Work time accounting,0,43231605
work time tracking,Work time tracking,0,43231605
workbrain employee scheduling,Workbrain Employee Scheduling,0,43232108
workbrain time and attendance,Workbrain Time and Attendance,0,43231605
workcell simulation,Workcell simulation,0,43232605
workday,Workday,1,43231602
workflow,Workflow,0,43232201
workflow international deskflow enterprise,Workflow International Deskflow Enterprise,0,43231505
workforce management,Workforce management,0,43231505
workforce management system,Workforce management system,0,43231602
workforce software empcenter time and attendance,WorkForce Software EmpCenter Time and Attendance,0,43231605
workingartist systems workingartist,WorkingArtist Systems WorkingArtist,0,43231507
workscape hr service center,Workscape HR Service Center,0,43231505
workscape outsourced employee benefits administration,Workscape Outsourced Employee Benefits Administration,0,43231505
workschedule.net,WorkSchedule.net,0,43232108
worktech maximo,WorkTech MAXIMO,0,43231602
world electronics freedomware,WORLD Electronics Freedomware,0,43232605
world health organization healthmapper,World Health Organization HealthMapper,0,43232605
world software corporation worldox,World Software Corporation Worldox,0,43232202
world vector shoreline,World Vector Shoreline,0,43232309
worldapp keysurvey suite,WorldAPP KeySurvey Suite,0,43232306
worldcat,WorldCat,0,43232609
worldspan go!,Worldspan Go!,0,43232306
worldwide instructional design system wids,Worldwide Instructional Design System WIDS,0,43232502
worthmore software caseworth,WorthMORE Software CaseWORTH,0,43232306
wrike,Wrike,0,43233513
write brothers dramatica,Write Brothers Dramatica,0,43232104
writeway pro,WriteWay Pro,0,43232104
wrshealth emr,WRSHealth EMR,0,43232610
wsi titan,WSI Titan,0,43232605
wsi trueview professional,WSI TrueView Professional,0,43232605
wusik wusikstation vsti,Wusik Wusikstation VSTi,0,43232005
wyndgate technologies eldorado donor,Wyndgate Technologies ElDorado Donor,0,43232610
wyndgate technologies safetrace,Wyndgate Technologies SafeTrace,0,43232610
x.25 protocol,X.25 Protocol,0,43232909
xactly compel,Xactly Compel,0,43231505
xactware xactimate,Xactware Xactimate,0,43232306
xara designer pro,Xara Designer Pro,0,43232102
xara designer pro x,Xara Designer Pro X,0,43232102
xata xatanet,XATA XATANET,0,43231506
xcircuit,Xcircuit,0,43232604
xcode,Xcode,0,43232402
xerceo learn,Xerceo Learn,0,43232502
xerces2 java parser,Xerces2 Java Parser,0,43232402
xerox docushare,Xerox DocuShare,0,43232202
xerox freeflow print server,Xerox FreeFlow Print Server,0,43232202
xerox government systems firehouse,Xerox Government systems FIREHOUSE,0,43231505
xerox profitquick,Xerox ProfitQuick,0,43231604
xfig,Xfig,0,43232102
xgboost,XGBoost,0,43232402
xgobi,XGobi,0,43232605
xifin,XIFIN,0,43231601
xilinx integrated software environment ise,Xilinx Integrated Software Environment ISE,0,43232604
xilinx ise foundation,Xilinx ISE Foundation,0,43232604
xilinx modelsim,Xilinx ModelSim,0,43232604
xilinx synthesis technology xst,Xilinx Synthesis Technology XST,0,43232605
xilinx tmrtool,Xilinx TMRTool,0,43232604
xitona software voice composer,Xitona Software Voice Composer,0,43232005
xlisp-stat,XLISP-STAT,0,43232605
xmetal author,XMetaL Author,0,43232104
xml authoring,XML authoring,0,43232403
xml path language xpath,XML Path Language XPATH,0,43232402
xml user interface xui,XML User Interface XUI,0,43232402
xnat,XNAT,0,43232102
xp software xpswmm,XP Software XPSWMM,0,43232605
xperts iep.online,Xperts iep.online,0,43232306
xplanner,Xplanner,0,43232306
xquery,xQuery,0,43232306
xt software energyxt,XT Software energyXT,0,43232005
xv,xv,0,43232102
xy soft sheet cutting suite,XY Soft Sheet Cutting Suite,0,43232604
xyleme learning content management system lcms,Xyleme Learning Content Management System LCMS,0,43232502
xythos enterprise document management suite,Xythos Enterprise Document Management Suite,0,43232202
yahoo! email,Yahoo! Email,0,43233501
yardi,Yardi,1,43232306
yardi systems yardi enterprise,Yardi Systems Yardi Enterprise,0,43232306
yardi systems yardi voyager commercial,Yardi Systems Yardi Voyager Commercial,0,43232306
"yardi systems yardi voyager condo, co-op, and hoa","Yardi Systems Yardi Voyager Condo, Co-op, and HOA",0,43232306
yardi systems yardi voyager residential,Yardi Systems Yardi Voyager Residential,0,43232306
yet another scientific artificial reality application yasara,Yet another scientific artificial reality application YASARA,0,43232605
yield management systems,Yield management systems,0,43231507
yieldwerx,yieldWerx,0,43232605
yocum & mckee the complete aap,Yocum & McKee The Complete AAP,0,43231505
yokogawa fast/tools,Yokogawa FAST/TOOLS,0,43232608
yost engineering abn assistant,Yost Engineering ABN Assistant,0,43232301
yost engineering claimscrub,Yost Engineering ClaimScrub,0,43232301
yost engineering codesearch pro,Yost Engineering CodeSearch Pro,0,43232301
yost engineering epicoder,Yost Engineering EpiCoder,0,43232301
yost engineering epstaffcheck,Yost Engineering EPStaffCheck,0,43232606
young mania rating scale,Young Mania Rating Scale,0,43232610
yourkit java profiler,YourKit Java Profiler,0,43232406
youtube,YouTube,0,43232103
z-tree,z-Tree,0,43232605
zabbix,Zabbix,0,43232801
zedx agfleet,ZedX AgFleet,0,43232608
zemax,Zemax,0,43232604
zemax optical design program,ZEMAX Optical Design Program,0,43232604
zend framework,Zend Framework,0,43232408
zephyr extra! terminal emulation,Zephyr EXTRA! Terminal Emulation,0,43232911
ziatek roofdraw,Ziatek RoofDraw,0,43232604
ziiva prosperity lms,Ziiva Prosperity LMS,0,43232502
zkipster,zkipster,0,43231507
zmanda amanda,Zmanda Amanda,0,43233415
zocalo,Zocalo,0,43232605
zoho projects,Zoho Projects,0,43231507
zoho webnms cell tower manager,Zoho WebNMS Cell Tower Manager,0,43232605
zoller,Zoller,0,43232306
zone modeling,Zone modeling,0,43232605
zoom,Zoom,1,43233502
zoomerang,Zoomerang,0,43232306
zoomware screen magnifier,ZoomWare Screen Magnifier,0,43233405
zuken cadstar,Zuken CADSTAR,0,43232604
zuken e3.schematic,Zuken E3.schematic,0,43232604
zuken electrical design,Zuken electrical design,0,43232604
zung depression rating scale,Zung Depression Rating Scale,0,43232610
zylab zyimage,Zylab ZyImage,0,43232203
zynaddsubfx,ZynAddSubFX,0,43232005
zyto lsa pro,ZYTO LSA Pro,0,43232610
